Time[ms],RouteID,Delay[ms],Btldr[Mbps]
0,0,25.52924478630217,150.0
1000,0,25.511671016875756,150.0
2000,0,25.494356682596152,150.0
3000,0,25.477303032549372,150.0
4000,0,25.460511312964996,150.0
5000,0,25.443982765680005,150.0
6000,0,25.42771863193002,150.0
7000,0,25.411720150093746,150.0
8000,0,25.395988558710442,150.0
9000,0,25.38052509583916,150.0
10000,0,25.365331003427343,150.0
11000,0,25.350407521201486,150.0
12000,0,25.335755895728155,150.0
13000,0,25.32137737315367,150.0
14000,0,25.307273207586146,150.0
15000,0,25.293444656696025,150.0
16000,0,25.279892984904155,150.0
17000,0,25.2666194642213,150.0
18000,0,25.253625374473742,150.0
19000,0,25.240912005498767,150.0
20000,0,25.228480655639405,150.0
21000,0,25.21633263533011,150.0
22000,0,25.204469265581164,150.0
23000,0,25.19289188066197,150.0
24000,0,25.18160182789507,150.0
25000,0,25.17060046979834,150.0
26000,0,25.15988918231925,150.0
27000,0,25.14946935817012,150.0
28000,0,25.139342406614784,150.0
29000,0,25.129509752627744,150.0
30000,0,25.119972840893688,150.0
31000,0,25.11073313288339,150.0
32000,0,25.101792110432218,150.0
33000,0,25.093151271365578,150.0
34000,0,25.08481213744101,150.0
35000,1,23.667693473491376,150.0
36000,1,23.65653620248678,150.0
37000,1,23.64559747488525,150.0
38000,1,23.634877236953013,150.0
39000,1,23.624375439994285,150.0
40000,1,23.614092043419927,150.0
41000,1,23.60402701331871,150.0
42000,1,23.59418032336091,150.0
43000,1,23.584551957991366,150.0
44000,1,23.57514191169351,150.0
45000,1,23.565950191221088,150.0
46000,1,23.556976813666726,150.0
47000,1,23.54822181173643,150.0
48000,1,23.539685230640305,150.0
49000,1,23.531367133096918,150.0
50000,1,23.52326759599899,150.0
51000,1,23.51538671420935,150.0
52000,1,23.50772460066066,150.0
53000,1,23.500281387531082,150.0
54000,1,23.493057225965384,150.0
55000,1,23.486052288938613,150.0
56000,1,23.479266770101685,150.0
57000,1,23.47270088650128,150.0
58000,1,23.46635487599734,150.0
59000,1,23.460229003447274,150.0
60000,1,23.454323555516595,150.0
61000,1,23.448638846617808,150.0
62000,2,23.68014967723341,150.0
63000,2,23.666731654615095,150.0
64000,2,23.65353175974919,150.0
65000,3,25.026616770371337,150.0
66000,3,25.00670572381078,150.0
67000,3,24.987105603643915,150.0
68000,3,24.967817754378544,150.0
69000,3,24.948843463222104,150.0
70000,3,24.93018396126026,150.0
71000,3,24.911840421026096,150.0
72000,3,24.893813959185405,150.0
73000,3,24.876105635596907,150.0
74000,3,24.858716456405343,150.0
75000,3,24.841647371818834,150.0
76000,3,24.82489928181544,150.0
77000,3,24.808473033233565,150.0
78000,3,24.79236942404438,150.0
79000,3,24.776589201733795,150.0
80000,3,24.76113307002591,150.0
81000,3,24.74600168422318,150.0
82000,3,24.731195658650247,150.0
83000,3,24.7167155656851,150.0
84000,3,24.702561938322763,150.0
85000,3,24.68873527311071,150.0
86000,3,24.675236030951837,150.0
87000,3,24.662064641246847,150.0
88000,3,24.649221501691173,150.0
89000,3,24.63670698332916,150.0
90000,3,24.62452143224235,150.0
91000,3,24.61266516982793,150.0
92000,3,24.601138499608023,150.0
93000,3,24.589941705798303,150.0
94000,3,24.579075057354093,150.0
95000,3,24.56853881088608,150.0
96000,3,24.558333212875787,150.0
97000,3,24.548458502480173,150.0
98000,3,24.538914913545383,150.0
99000,3,24.529702676656264,150.0
100000,3,24.520822023757162,150.0
101000,3,24.51227318724928,150.0
102000,3,24.50405640569126,150.0
103000,3,24.49617192371054,150.0
104000,3,24.48861999490257,150.0
105000,4,22.932387044064235,150.0
106000,4,22.922341034927193,150.0
107000,4,22.912549647517675,150.0
108000,4,22.90301171649541,150.0
109000,4,22.893726076220265,150.0
110000,4,22.8846915663771,150.0
111000,4,22.875907036669517,150.0
112000,4,22.867371344165598,150.0
113000,4,22.859083358564895,150.0
114000,4,22.85104196392165,150.0
115000,4,22.84324606065311,150.0
116000,4,22.835694567621594,150.0
117000,4,22.828386424161227,150.0
118000,4,22.82132059209765,150.0
119000,4,22.81449605747607,150.0
120000,4,22.80791183342302,150.0
121000,4,22.801566958594577,150.0
122000,4,22.795460504610016,150.0
123000,4,22.789591571210643,150.0
124000,4,22.783959294306317,150.0
125000,4,22.77856284111362,150.0
126000,4,22.77340141802145,150.0
127000,4,22.7684742664043,150.0
128000,4,22.763780667175343,150.0
129000,4,22.759319941223914,150.0
130000,4,22.75509145081046,150.0
131000,4,22.751094600425574,150.0
132000,4,22.74732883898824,150.0
133000,4,22.743793657589684,150.0
134000,4,22.740488595955135,150.0
135000,4,22.737413237166123,150.0
136000,4,22.734567214684777,150.0
137000,4,22.73195020766198,150.0
138000,4,22.72956194518006,150.0
139000,4,22.727402205400622,150.0
140000,4,22.72547081695687,150.0
141000,4,22.723767659066684,150.0
142000,4,22.722292662140337,150.0
143000,4,22.721045808217973,150.0
144000,4,22.720027131911507,150.0
145000,4,22.71923671917688,150.0
146000,4,22.7186747079189,150.0
147000,4,22.718341291473468,150.0
148000,4,22.718236713951356,150.0
149000,4,22.718361272599946,150.0
150000,4,22.718715318212844,150.0
151000,4,22.719299254810906,150.0
152000,4,22.720113537764227,150.0
153000,4,22.721158677212017,150.0
154000,4,22.72243523287361,150.0
155000,4,22.723943819923416,150.0
156000,4,22.725685102204707,150.0
157000,4,22.727659796114786,150.0
158000,4,22.729868668451083,150.0
159000,4,22.732312536938,150.0
160000,4,22.734992265619923,150.0
161000,4,22.737908771269442,150.0
162000,4,22.741063015373914,150.0
163000,4,22.74445600710969,150.0
164000,4,22.748088801125913,150.0
165000,4,22.751962497612755,150.0
166000,4,22.756078239679493,150.0
167000,4,22.760437212023653,150.0
168000,4,22.765040641400994,150.0
169000,4,22.769889793082655,150.0
170000,4,22.77498597050312,150.0
171000,4,22.78033051332347,150.0
172000,4,22.785924796265828,150.0
173000,4,22.79177022502715,150.0
174000,4,22.79786823830702,150.0
175000,5,22.138484765010055,150.0
176000,6,22.548896777416385,150.0
177000,6,22.53886037979306,150.0
178000,6,22.52910936740036,150.0
179000,6,22.51964153600566,150.0
180000,6,22.51045468083726,150.0
181000,6,22.501546597226486,150.0
182000,6,22.49291509096667,150.0
183000,6,22.48455797884327,150.0
184000,6,22.47647309044117,150.0
185000,6,22.46865827743283,150.0
186000,6,22.461111411752718,150.0
187000,6,22.45383039464485,150.0
188000,6,22.44681315461595,150.0
189000,6,22.440057653179476,150.0
190000,6,22.43356188997021,150.0
191000,6,22.42732390204964,150.0
192000,6,22.42134176917613,150.0
193000,6,22.415613613805164,150.0
194000,6,22.41013760810959,150.0
195000,6,22.404911971851714,150.0
196000,6,22.39993497719272,150.0
197000,6,22.39520494856529,150.0
198000,6,22.390720268052494,150.0
199000,6,22.38647937527605,150.0
200000,6,22.382480766750692,150.0
201000,6,22.378723002521184,150.0
202000,6,22.37520470414978,150.0
203000,6,22.371924555668844,150.0
204000,6,22.368881306872524,150.0
205000,6,22.36607377552121,150.0
206000,6,22.36350084501222,150.0
207000,6,22.361161464820395,150.0
208000,6,22.35905465739725,150.0
209000,6,22.357179512008877,150.0
210000,6,22.35553519079701,150.0
211000,6,22.354120924148706,150.0
212000,6,22.352936017034402,150.0
213000,6,22.351979844167666,150.0
214000,6,22.35125185262626,150.0
215000,6,22.350751563738317,150.0
216000,6,22.35047857120931,150.0
217000,6,22.35043254079042,150.0
218000,6,22.350613210847307,150.0
219000,6,22.351020394330334,150.0
220000,6,22.351653977083092,150.0
221000,6,22.352513915571638,150.0
222000,6,22.353600241646532,150.0
223000,6,22.354913056653103,150.0
224000,6,22.35645253643563,150.0
225000,6,22.358218925792016,150.0
226000,6,22.36021254304882,150.0
227000,6,22.362433774401236,150.0
228000,6,22.364883078438865,150.0
229000,6,22.367560980191577,150.0
230000,6,22.37046807570093,150.0
231000,6,22.373605026485617,150.0
232000,6,22.37697256129938,150.0
233000,6,22.38057147379206,150.0
234000,6,22.384402624115836,150.0
235000,6,22.388466933709957,150.0
236000,6,22.39276538691397,150.0
237000,6,22.397299028657784,150.0
238000,6,22.402068963394782,150.0
239000,6,22.407076353401923,150.0
240000,6,22.41232241793624,150.0
241000,6,22.417808429366648,150.0
242000,6,22.423535713181593,150.0
243000,6,22.429505646784943,150.0
244000,6,22.43571965689053,150.0
245000,6,22.442179215590166,150.0
246000,6,22.448885840383642,150.0
247000,6,22.455841091023707,150.0
248000,7,21.864225835615574,150.0
249000,7,21.86334448036093,150.0
250000,7,21.86257757206879,150.0
251000,7,21.86192484965075,150.0
252000,7,21.861386095715265,150.0
253000,7,21.860961136845503,150.0
254000,7,21.86064984008005,150.0
255000,7,21.860452113982777,150.0
256000,7,21.860367908932563,150.0
257000,7,21.860397219003605,150.0
258000,7,21.860540079434795,150.0
259000,7,21.86079656742072,150.0
260000,7,21.86116680215774,150.0
261000,7,21.86165094466252,150.0
262000,7,21.862249198884864,150.0
263000,8,22.644250979492938,150.0
264000,8,22.63552447938103,150.0
265000,8,22.627054083630014,150.0
266000,8,22.618838668532582,150.0
267000,8,22.610877128660096,150.0
268000,8,22.603168383637563,150.0
269000,8,22.595711374550973,150.0
270000,8,22.588505069048203,150.0
271000,8,22.58154846540346,150.0
272000,8,22.574840591905858,150.0
273000,8,22.5683805106035,150.0
274000,8,22.562167316265906,150.0
275000,8,22.556200141939108,150.0
276000,8,22.550478162285234,150.0
277000,8,22.545000586523155,150.0
278000,8,22.539766672019635,150.0
279000,8,22.53477571691072,150.0
280000,8,22.530027064654828,150.0
281000,8,22.525520107911916,150.0
282000,8,22.521254286168144,150.0
283000,8,22.517229091145786,150.0
284000,8,22.51344406038452,150.0
285000,8,22.50989878888572,150.0
286000,8,22.506592922486128,150.0
287000,8,22.503526165277435,150.0
288000,8,22.50069827259442,150.0
289000,8,22.498109056331483,150.0
290000,8,22.495758389884994,150.0
291000,8,22.49364620177809,150.0
292000,8,22.49177248018474,150.0
293000,8,22.49013727288006,150.0
294000,8,22.488740687821004,150.0
295000,8,22.487582894330867,150.0
296000,8,22.48666411982184,150.0
297000,8,22.485984657890175,150.0
298000,8,22.485544861230345,150.0
299000,8,22.48534514412421,150.0
300000,8,22.485385983985726,150.0
301000,8,22.48566792001419,150.0
302000,8,22.48619155350166,150.0
303000,8,22.4869575473139,150.0
304000,8,22.48796662723294,150.0
305000,8,22.489219578937735,150.0
306000,8,22.49071725136777,150.0
307000,8,22.492460549967877,150.0
308000,8,22.494450445681885,150.0
309000,8,22.496687964094374,150.0
310000,8,22.499174191754786,150.0
311000,8,22.501910272831697,150.0
312000,8,22.50489740638934,150.0
313000,8,22.50813684937092,150.0
314000,8,22.511629910271978,150.0
315000,8,22.515377954274758,150.0
316000,8,22.519382393962896,150.0
317000,8,22.523644696587205,150.0
318000,8,22.528166372419424,150.0
319000,8,22.532948981329334,150.0
320000,8,22.537994128240136,150.0
321000,8,22.543303459403447,150.0
322000,8,22.54887866025889,150.0
323000,9,22.03297713445186,150.0
324000,9,22.030777563058848,150.0
325000,9,22.02870466621858,150.0
326000,9,22.026758129578983,150.0
327000,9,22.02493767266008,150.0
328000,9,22.023243055116023,150.0
329000,9,22.021674078188436,150.0
330000,10,23.488771990071516,150.0
331000,10,23.47511976643134,150.0
332000,10,23.461694125359713,150.0
333000,10,23.448495222747226,150.0
334000,10,23.435523212279602,150.0
335000,10,23.422778252206637,150.0
336000,10,23.410260499307476,150.0
337000,10,23.397970114707057,150.0
338000,10,23.38590726468159,150.0
339000,10,23.374072122219523,150.0
340000,10,23.362464862690242,150.0
341000,10,23.35108567596061,150.0
342000,10,23.33993475443934,150.0
343000,10,23.32901230488577,150.0
344000,10,23.31831854331767,150.0
345000,10,23.3078537017902,150.0
346000,10,23.29761802172792,150.0
347000,10,23.287611764099786,150.0
348000,10,23.277835201575744,150.0
349000,10,23.268288628288772,150.0
350000,10,23.258972353739583,150.0
351000,10,23.249886708731598,150.0
352000,10,23.241032045634018,150.0
353000,10,23.232408736933987,150.0
354000,10,23.2240171807944,150.0
355000,10,23.215857795003252,150.0
356000,10,23.20793102810935,150.0
357000,10,23.20023735188943,150.0
358000,10,23.192777265049013,150.0
359000,10,23.185551298900478,150.0
360000,10,23.178560007604013,150.0
361000,10,23.171803982394113,150.0
362000,10,23.16528384119937,150.0
363000,10,23.159000235872256,150.0
364000,11,24.727972856705158,150.0
365000,11,24.71642573113697,150.0
366000,11,24.705196469522566,150.0
367000,11,24.694285652830374,150.0
368000,11,24.683693859950026,150.0
369000,11,24.67342166696447,150.0
370000,11,24.663469651552642,150.0
371000,11,24.653838390735256,150.0
372000,11,24.64452846935247,150.0
373000,11,24.635540474748428,150.0
374000,11,24.626875004642866,150.0
375000,11,24.6185326644234,150.0
376000,11,24.610514071448456,150.0
377000,11,24.60281985549603,150.0
378000,12,23.08850379670044,150.0
379000,12,23.078265249186828,150.0
380000,12,23.068271907551573,150.0
381000,12,23.05852293041302,150.0
382000,12,23.04901747804115,150.0
383000,12,23.03975471599492,150.0
384000,12,23.03073381713679,150.0
385000,12,23.021953962428903,150.0
386000,12,23.013414346114345,150.0
387000,12,23.005114172684657,150.0
388000,12,22.997052662116676,150.0
389000,12,22.989229048690664,150.0
390000,12,22.98164258644279,150.0
391000,12,22.974292548329544,150.0
392000,12,22.96717822875545,150.0
393000,12,22.96029894273348,150.0
394000,12,22.953654032651897,150.0
395000,12,22.947242863054786,150.0
396000,12,22.941064828925388,150.0
397000,12,22.935119351296105,150.0
398000,12,22.929405881828878,150.0
399000,12,22.923923903370703,150.0
400000,12,22.91867293099403,150.0
401000,12,22.913652513388314,150.0
402000,12,22.908862234130687,150.0
403000,12,22.904301712484,150.0
404000,12,22.899970605450317,150.0
405000,12,22.895868605631257,150.0
406000,12,22.891995447558728,150.0
407000,12,22.888350902520912,150.0
408000,12,22.88493478549419,150.0
409000,12,22.881746950644928,150.0
410000,12,22.878787295075945,150.0
411000,12,22.876055758819472,150.0
412000,12,22.873552325570238,150.0
413000,12,22.871277023113077,150.0
414000,12,22.869229923931194,150.0
415000,12,22.86741114662522,150.0
416000,12,22.865820853030588,150.0
417000,12,22.864459254132647,150.0
418000,12,22.86332660504672,150.0
419000,12,22.86242320826465,150.0
420000,12,22.861749413138483,150.0
421000,12,22.861305615924323,150.0
422000,12,22.861092260308293,150.0
423000,12,22.861109836678676,150.0
424000,12,22.861358883690137,150.0
425000,12,22.86183998513504,150.0
426000,12,22.862553772066935,150.0
427000,12,22.86350092408265,150.0
428000,12,22.86468216508119,150.0
429000,12,22.86609826562397,150.0
430000,12,22.867750042469233,150.0
431000,12,22.869638355271242,150.0
432000,12,22.87176411128056,150.0
433000,12,22.87412825824883,150.0
434000,12,22.876731790294325,150.0
435000,12,22.87957574110667,150.0
436000,12,22.88266118694937,150.0
437000,12,22.885989244883483,150.0
438000,12,22.889561069446454,150.0
439000,12,22.893377855781974,150.0
440000,12,22.897440834139697,150.0
441000,13,24.371350415952243,150.0
442000,13,24.362166046467664,150.0
443000,13,24.353341507640092,150.0
444000,13,24.344875981717117,150.0
445000,13,24.336768632881338,150.0
446000,13,24.32901861521417,150.0
447000,13,24.321625073710358,150.0
448000,14,22.595520021003153,150.0
449000,14,22.58556848089969,150.0
450000,14,22.575898299201434,150.0
451000,14,22.566507379040107,150.0
452000,14,22.557393620868268,150.0
453000,14,22.54855493141777,150.0
454000,14,22.53998922574551,150.0
455000,14,22.531694427937083,150.0
456000,14,22.5236684809111,150.0
457000,14,22.515909343027204,150.0
458000,14,22.508414998993807,150.0
459000,14,22.50118345576686,150.0
460000,14,22.494212752637733,150.0
461000,14,22.487500958458103,150.0
462000,14,22.48104617757501,150.0
463000,14,22.474846552972274,150.0
464000,14,22.46890026681329,150.0
465000,14,22.463205545064262,150.0
466000,14,22.45776065832604,150.0
467000,14,22.45256392571291,150.0
468000,14,22.44761371544655,150.0
469000,14,22.44290844633916,150.0
470000,14,22.438446592537275,150.0
471000,14,22.43422668130903,150.0
472000,14,22.430247299305577,150.0
473000,14,22.42650709036603,150.0
474000,14,22.42300475668877,150.0
475000,14,22.419739065570425,150.0
476000,14,22.41670884276366,150.0
477000,14,22.41391297951621,150.0
478000,14,22.411350430791675,150.0
479000,14,22.409020219041462,150.0
480000,14,22.406921429448488,150.0
481000,14,22.40505321652327,150.0
482000,14,22.40341480333973,150.0
483000,14,22.402005478554013,150.0
484000,14,22.400824602640668,150.0
485000,14,22.39987160302015,150.0
486000,14,22.39914597743197,150.0
487000,14,22.39864729345497,150.0
488000,14,22.39837518822369,150.0
489000,14,22.398329370496057,150.0
490000,14,22.39850961805266,150.0
491000,14,22.39891577819169,150.0
492000,14,22.39954777078192,150.0
493000,14,22.40040558283677,150.0
494000,14,22.401489274042767,150.0
495000,14,22.402798970969734,150.0
496000,14,22.404334871666805,150.0
497000,14,22.406097241425872,150.0
498000,14,22.408086413844796,150.0
499000,14,22.410302792050707,150.0
500000,14,22.41274684377469,150.0
501000,14,22.415419106514452,150.0
502000,14,22.41832017983188,150.0
503000,14,22.42145073053623,150.0
504000,14,22.424811488354273,150.0
505000,14,22.428403247758624,150.0
506000,14,22.43222686354449,150.0
507000,14,22.436283252004145,150.0
508000,14,22.44057338954901,150.0
509000,14,22.445098308686898,150.0
510000,14,22.44985910312353,150.0
511000,14,22.45485691849464,150.0
512000,14,22.46009295498146,150.0
513000,14,22.46556846635846,150.0
514000,14,22.47128475697932,150.0
515000,14,22.47724317878181,150.0
516000,14,22.483445131147384,150.0
517000,14,22.489892058272616,150.0
518000,14,22.496585447039454,150.0
519000,14,22.503526824711262,150.0
520000,15,21.89415147714717,150.0
521000,15,21.89323504551716,150.0
522000,15,21.892433630759935,150.0
523000,15,21.891746989635365,150.0
524000,15,21.891174922274672,150.0
525000,15,21.890717270330793,150.0
526000,15,21.890373917241504,150.0
527000,15,21.89014478565569,150.0
528000,15,21.890029842784365,150.0
529000,15,21.890029094486653,150.0
530000,15,21.890142589982005,150.0
531000,15,21.890370420063814,150.0
532000,15,21.89071271452466,150.0
533000,16,22.552334545659402,150.0
534000,16,22.54389460369175,150.0
535000,16,22.53571659736719,150.0
536000,16,22.52779902521107,150.0
537000,16,22.520140407870308,150.0
538000,16,22.512739288474823,150.0
539000,16,22.505594240166445,150.0
540000,16,22.498703865452338,150.0
541000,16,22.492066799515698,150.0
542000,16,22.485681712620526,150.0
543000,16,22.47954731157716,150.0
544000,16,22.473662344484094,150.0
545000,16,22.46802560110486,150.0
546000,16,22.462635912649485,150.0
547000,16,22.45749215834245,150.0
548000,16,22.45259326406816,150.0
549000,16,22.44793820607646,150.0
550000,16,22.44352600812054,150.0
551000,16,22.439355751360036,150.0
552000,16,22.435426567841365,150.0
553000,16,22.431737645793483,150.0
554000,16,22.428288230186972,150.0
555000,16,22.425077623073985,150.0
556000,16,22.42210518741403,150.0
557000,16,22.41937034710462,150.0
558000,16,22.416872582343213,150.0
559000,16,22.414611441028672,150.0
560000,16,22.41258652928601,150.0
561000,16,22.41079752252865,150.0
562000,16,22.409244155650494,150.0
563000,16,22.40792622921741,150.0
564000,16,22.406843611111572,150.0
565000,16,22.40599623424129,150.0
566000,16,22.405384098515935,150.0
567000,16,22.405007268382057,150.0
568000,16,22.404865877198116,150.0
569000,16,22.404960125281285,150.0
570000,16,22.40529027770193,150.0
571000,16,22.405856670065216,150.0
572000,16,22.40665970118078,150.0
573000,16,22.407699839459905,150.0
574000,16,22.40897761891303,150.0
575000,16,22.410493640399118,150.0
576000,16,22.41224856863625,150.0
577000,16,22.41424313620107,150.0
578000,16,22.416478138445747,150.0
579000,16,22.418954434425054,150.0
580000,16,22.42167294930355,150.0
581000,16,22.42463466679671,150.0
582000,16,22.42784063585542,150.0
583000,16,22.43129196253155,150.0
584000,16,22.43498981372213,150.0
585000,16,22.43893541386763,150.0
586000,16,22.44313004391934,150.0
587000,16,22.44757503984596,150.0
588000,16,22.452271791024582,150.0
589000,16,22.45722173906971,150.0
590000,16,22.4624263733428,150.0
591000,16,22.467887234026286,150.0
592000,16,22.473605905360536,150.0
593000,16,22.479584015821352,150.0
594000,17,21.948796587598952,150.0
595000,17,21.94705297512886,150.0
596000,17,21.945431621936788,150.0
597000,17,21.943932187719597,150.0
598000,17,21.9425543769687,150.0
599000,17,21.941297934296298,150.0
600000,17,21.940162645438793,150.0
601000,17,21.93914833630751,150.0
602000,17,21.938254876962016,150.0
603000,17,21.937482175761943,150.0
604000,17,21.93683018335738,150.0
605000,17,21.936298890785956,150.0
606000,18,23.210931074184373,150.0
607000,18,23.198930050583503,150.0
608000,18,23.18716527618453,150.0
609000,18,23.17563666046436,150.0
610000,18,23.16434411352257,150.0
611000,18,23.15328755376123,150.0
612000,18,23.142466904145405,150.0
613000,18,23.131882095528617,150.0
614000,18,23.121533069859197,150.0
615000,18,23.111419782393494,150.0
616000,18,23.101542195475925,150.0
617000,18,23.091900288306984,150.0
618000,18,23.082494057669788,150.0
619000,18,23.073323513458273,150.0
620000,18,23.064388686010858,150.0
621000,18,23.055689622952663,150.0
622000,18,23.047226396134537,150.0
623000,18,23.03899909647048,150.0
624000,18,23.03100784016314,150.0
625000,18,23.023252768889478,150.0
626000,18,23.01573404882581,150.0
627000,18,23.008451876019926,150.0
628000,18,23.00140647141201,150.0
629000,18,22.99459808923367,150.0
630000,18,22.988027013684444,150.0
631000,18,22.981693560069576,150.0
632000,18,22.975598081139385,150.0
633000,18,22.96974095754244,150.0
634000,18,22.964122610845266,150.0
635000,18,22.958743497971355,150.0
636000,18,22.953604112014766,150.0
637000,18,22.948704985141674,150.0
638000,18,22.94404668881318,150.0
639000,18,22.93962983462506,150.0
640000,18,22.935455073936193,150.0
641000,18,22.931523102082096,150.0
642000,18,22.92783465559076,150.0
643000,18,22.924390515738533,150.0
644000,18,22.921191500838447,150.0
645000,18,22.918238482699664,150.0
646000,18,22.915532371123298,150.0
647000,18,22.913074122556882,150.0
648000,18,22.910864737443717,150.0
649000,18,22.90890526397158,150.0
650000,18,22.907196796463303,150.0
651000,19,23.26034540890926,150.0
652000,19,23.249870947141545,150.0
653000,19,23.239632609028423,150.0
654000,19,23.229629844094358,150.0
655000,19,23.219862107236597,150.0
656000,19,23.21032885793562,150.0
657000,19,23.201029563843687,150.0
658000,19,23.191963700282397,150.0
659000,19,23.18313075290389,150.0
660000,19,23.17453021888293,150.0
661000,19,23.16616160837834,150.0
662000,19,23.158024445973016,150.0
663000,19,23.150118273116142,150.0
664000,19,23.142442645575265,150.0
665000,19,23.134997141195978,150.0
666000,19,23.12778135447881,150.0
667000,19,23.120794904369635,150.0
668000,19,23.114037429862563,150.0
669000,19,23.107508594632595,150.0
670000,19,23.101208086130026,150.0
671000,19,23.095135620306184,150.0
672000,19,23.089290938384067,150.0
673000,19,23.08367381115417,150.0
674000,19,23.078284036188347,150.0
675000,19,23.07312144421775,150.0
676000,19,23.06818589731231,150.0
677000,19,23.06347728723496,150.0
678000,19,23.058995542496014,150.0
679000,19,23.054740622337473,150.0
680000,19,23.050712524104092,150.0
681000,19,23.04691127856914,150.0
682000,19,23.0433369537902,150.0
683000,19,23.03998965481679,150.0
684000,19,23.03686952473045,150.0
685000,19,23.03397674562093,150.0
686000,19,23.03131153638054,150.0
687000,19,23.028874157698265,150.0
688000,19,23.02666491012888,150.0
689000,19,23.024684133185488,150.0
690000,19,23.022932207855526,150.0
691000,19,23.021409555496366,150.0
692000,19,23.020116640892905,150.0
693000,19,23.019053968953184,150.0
694000,19,23.018222084907162,150.0
695000,19,23.01762157776435,150.0
696000,19,23.01725307842216,150.0
697000,19,23.017117258153895,150.0
698000,19,23.01721482995301,150.0
699000,19,23.017546550314147,150.0
700000,19,23.01811321524595,150.0
701000,19,23.018915662198488,150.0
702000,19,23.01995477029252,150.0
703000,19,23.02123145662936,150.0
704000,19,23.022746680971476,150.0
705000,20,24.481382870382745,150.0
706000,20,24.469180716558235,150.0
707000,20,24.457334490156317,150.0
708000,20,24.445843886720336,150.0
709000,20,24.434708558301914,150.0
710000,20,24.423928118863472,150.0
711000,20,24.413502145331368,150.0
712000,20,24.403430183831382,150.0
713000,20,24.39371175303454,150.0
714000,20,24.384346348933743,150.0
715000,20,24.37533344668456,150.0
716000,20,24.36667250826462,150.0
717000,20,24.358362982197047,150.0
718000,20,24.350404311522787,150.0
719000,20,24.342795933984377,150.0
720000,20,24.335537287685135,150.0
721000,21,22.66935519477665,150.0
722000,21,22.659575422078404,150.0
723000,21,22.65006903562723,150.0
724000,21,22.640834173678464,150.0
725000,21,22.63186897833947,150.0
726000,21,22.623171595194442,150.0
727000,21,22.614740183208273,150.0
728000,21,22.606572910986966,150.0
729000,21,22.598667966822198,150.0
730000,21,22.591023555790194,150.0
731000,21,22.583637905826393,150.0
732000,21,22.576509272180104,150.0
733000,21,22.569635936158225,150.0
734000,21,22.563016210415114,150.0
735000,21,22.556648441495984,150.0
736000,21,22.55053101109433,150.0
737000,21,22.54466233960208,150.0
738000,21,22.53904088845583,150.0
739000,21,22.533665159171285,150.0
740000,21,22.528533700240253,150.0
741000,21,22.52364510634771,150.0
742000,21,22.518998018684453,150.0
743000,21,22.51459113066036,150.0
744000,21,22.510423185505864,150.0
745000,21,22.506492980047092,150.0
746000,21,22.50279936447148,150.0
747000,21,22.499341247876124,150.0
748000,21,22.496117592839507,150.0
749000,21,22.493127421628934,150.0
750000,21,22.490369816123135,150.0
751000,21,22.487843915937262,150.0
752000,21,22.485548923949903,150.0
753000,21,22.48348410475072,150.0
754000,21,22.48164878274169,150.0
755000,21,22.480042349436587,150.0
756000,21,22.478664256370852,150.0
757000,21,22.477514020964115,150.0
758000,21,22.476591224838376,150.0
759000,21,22.475895514496912,150.0
760000,21,22.47542660159577,150.0
761000,21,22.475184262774157,150.0
762000,21,22.47516834202569,150.0
763000,21,22.47537874522244,150.0
764000,21,22.475815448254888,150.0
765000,21,22.476478488796552,150.0
766000,21,22.47736797110751,150.0
767000,21,22.478484066383224,150.0
768000,21,22.47982700932463,150.0
769000,21,22.481397097862295,150.0
770000,21,22.483194695817577,150.0
771000,21,22.48522023203883,150.0
772000,21,22.487474194831677,150.0
773000,21,22.489957139601284,150.0
774000,21,22.49266967990625,150.0
775000,21,22.495612492532672,150.0
776000,21,22.498786314221743,150.0
777000,21,22.502191941219518,150.0
778000,21,22.505830228946856,150.0
779000,21,22.509702088380543,150.0
780000,21,22.513808489416082,150.0
781000,21,22.51815045517479,150.0
782000,21,22.522729062772907,150.0
783000,21,22.527545443261786,150.0
784000,21,22.532600777317302,150.0
785000,21,22.537896294713093,150.0
786000,21,22.543433275425798,150.0
787000,21,22.54921304213562,150.0
788000,21,22.55523696383318,150.0
789000,21,22.561506451250896,150.0
790000,21,22.568022955330914,150.0
791000,21,22.574787965640674,150.0
792000,22,21.94917720786327,150.0
793000,22,21.948079332727424,150.0
794000,22,21.947098372677196,150.0
795000,22,21.946234099696376,150.0
796000,22,21.945486322200864,150.0
797000,22,21.944854890801416,150.0
798000,22,21.944339695795655,150.0
799000,22,21.943940668272784,150.0
800000,22,21.94365778067391,150.0
801000,22,21.943491045985468,150.0
802000,22,21.943440516862232,150.0
803000,23,22.494759177541027,150.0
804000,23,22.48647753713604,150.0
805000,23,22.478462894336946,150.0
806000,23,22.47071341912806,150.0
807000,23,22.463227299651347,150.0
808000,23,22.456002756628035,150.0
809000,23,22.449038037958196,150.0
810000,23,22.442331425531094,150.0
811000,23,22.43588123646251,150.0
812000,23,22.429685828630852,150.0
813000,23,22.423743598150825,150.0
814000,23,22.418052986849993,150.0
815000,23,22.412612480916696,150.0
816000,23,22.407420616775692,150.0
817000,23,22.40247597947507,150.0
818000,23,22.39777720371976,150.0
819000,23,22.393322982695512,150.0
820000,23,22.389112061323704,150.0
821000,23,22.385143244826388,150.0
822000,23,22.381415394069787,150.0
823000,23,22.37792743317864,150.0
824000,23,22.374678344642795,150.0
825000,23,22.371667176000322,150.0
826000,23,22.36889303784691,150.0
827000,23,22.366355105665395,150.0
828000,23,22.364052620773034,150.0
829000,23,22.36198489111799,150.0
830000,23,22.360151292342017,150.0
831000,23,22.358551267985032,150.0
832000,23,22.357184330611794,150.0
833000,23,22.356050062160705,150.0
834000,23,22.355148113242503,150.0
835000,23,22.354478207422968,150.0
836000,23,22.354040136191024,150.0
837000,23,22.353833763283824,150.0
838000,23,22.353859020371313,150.0
839000,23,22.354115914565355,150.0
840000,23,22.354604521172707,150.0
841000,23,22.355324986647126,150.0
842000,23,22.3562775286643,150.0
843000,23,22.357462435303866,150.0
844000,23,22.358880064050595,150.0
845000,23,22.360530844851564,150.0
846000,23,22.36241527454256,150.0
847000,23,22.364533919528064,150.0
848000,23,22.36688741516795,150.0
849000,23,22.369476463611726,150.0
850000,23,22.372301834525754,150.0
851000,23,22.375364363380776,150.0
852000,23,22.3786649507201,150.0
853000,23,22.382204561745713,150.0
854000,23,22.385984222723028,150.0
855000,23,22.390005024076174,150.0
856000,23,22.394268113885534,150.0
857000,23,22.39877470245893,150.0
858000,23,22.403526054014797,150.0
859000,23,22.40852349213467,150.0
860000,23,22.413768391505002,150.0
861000,23,22.419262180012634,150.0
862000,23,22.42500633812064,150.0
863000,23,22.43100239013335,150.0
864000,23,22.437251909647067,150.0
865000,23,22.44375651310149,150.0
866000,24,21.891166077735367,150.0
867000,24,21.88987691563252,150.0
868000,24,21.888706031314044,150.0
869000,24,21.887653117149362,150.0
870000,24,21.886717908469052,150.0
871000,24,21.885900185442992,150.0
872000,24,21.885199767612455,150.0
873000,24,21.884616516570603,150.0
874000,24,21.884150337777076,150.0
875000,24,21.883801178738473,150.0
876000,24,21.88356902626996,150.0
877000,24,21.883453912765678,150.0
878000,24,21.883455909497705,150.0
879000,24,21.88357513219211,150.0
880000,25,22.986718291905078,150.0
881000,25,22.976011118452814,150.0
882000,25,22.965547984824692,150.0
883000,25,22.955328504585644,150.0
884000,25,22.945352301464364,150.0
885000,25,22.93561900580771,150.0
886000,25,22.92612826350182,150.0
887000,25,22.916879729662313,150.0
888000,25,22.907873077639604,150.0
889000,25,22.899107996535697,150.0
890000,25,22.89058419391989,150.0
891000,25,22.88230139640849,150.0
892000,25,22.874259355538925,150.0
893000,25,22.866457842639363,150.0
894000,25,22.858896654958194,150.0
895000,25,22.851575617995593,150.0
896000,25,22.84449458230905,150.0
897000,25,22.83765343072058,150.0
898000,25,22.831052073662306,150.0
899000,25,22.824690456692192,150.0
900000,25,22.81856855898358,150.0
901000,25,22.81268639136065,150.0
902000,25,22.807044004132877,150.0
903000,25,22.801641482872423,150.0
904000,25,22.796478955101694,150.0
905000,25,22.79155658441832,150.0
906000,25,22.786874577711565,150.0
907000,25,22.782433182117604,150.0
908000,25,22.778232689043236,150.0
909000,25,22.774273432735253,150.0
910000,25,22.770555794254822,150.0
911000,25,22.767080197235106,150.0
912000,25,22.76384711643955,150.0
913000,25,22.76085706740812,150.0
914000,25,22.75811061997445,150.0
915000,25,22.755608387921594,150.0
916000,25,22.7533510355099,150.0
917000,25,22.751339277866197,150.0
918000,25,22.749573876961232,150.0
919000,25,22.74805564897658,150.0
920000,25,22.74678545712996,150.0
921000,25,22.745764215826338,150.0
922000,25,22.7449928906156,150.0
923000,25,22.74447250012205,150.0
924000,25,22.744204107759508,150.0
925000,25,22.74418883310336,150.0
926000,25,22.744427842949154,150.0
927000,25,22.74492235327108,150.0
928000,25,22.745673632732085,150.0
929000,25,22.746682995780674,150.0
930000,25,22.74795180317665,150.0
931000,25,22.749481467336867,150.0
932000,25,22.75127344527779,150.0
933000,25,22.753329236313228,150.0
934000,26,23.346846832794395,150.0
935000,26,23.338376636127567,150.0
936000,26,23.3301313957894,150.0
937000,26,23.322110920262276,150.0
938000,26,23.31431503737917,150.0
939000,26,23.306743590841542,150.0
940000,26,23.29939644567124,150.0
941000,26,23.292273485690085,150.0
942000,26,23.285374616049754,150.0
943000,26,23.27869976466431,150.0
944000,26,23.272248882096477,150.0
945000,26,23.266021943851957,150.0
946000,26,23.26001895141582,150.0
947000,26,23.254239929696055,150.0
948000,26,23.248684933201734,150.0
949000,26,23.243354044345672,150.0
950000,26,23.238247372749548,150.0
951000,26,23.233365057603958,150.0
952000,26,23.22870727070208,150.0
953000,26,23.22427421273975,150.0
954000,26,23.220066116648812,150.0
955000,26,23.2160832478089,150.0
956000,26,23.21232590499857,150.0
957000,26,23.20879442099184,150.0
958000,26,23.205489160745312,150.0
959000,26,23.202410526541534,150.0
960000,26,23.199558953179363,150.0
961000,26,23.196934913884796,150.0
962000,26,23.19453891542383,150.0
963000,26,23.192371501827488,150.0
964000,26,23.190433253457268,150.0
965000,26,23.18872478751038,150.0
966000,26,23.187246758818223,150.0
967000,27,24.68767567707418,150.0
968000,27,24.671839013159953,150.0
969000,27,24.656343880503943,150.0
970000,27,24.641190767274466,150.0
971000,27,24.626380098920727,150.0
972000,27,24.61191223883686,150.0
973000,27,24.597787496110644,150.0
974000,27,24.584006123153017,150.0
975000,27,24.570568321053575,150.0
976000,27,24.55747424064289,150.0
977000,27,24.544723987774514,150.0
978000,27,24.53231762586555,150.0
979000,27,24.520255178426645,150.0
980000,27,24.508536631793604,150.0
981000,27,24.49716193845346,150.0
982000,27,24.486131023623486,150.0
983000,27,24.475443783584993,150.0
984000,27,24.465100092217217,150.0
985000,27,24.455099803704904,150.0
986000,27,24.445442755354634,150.0
987000,27,24.436128771984535,150.0
988000,27,24.427157666809354,150.0
989000,27,24.41852924850711,150.0
990000,27,24.410243320126806,150.0
991000,27,24.402299686162166,150.0
992000,27,24.39469815218027,150.0
993000,28,22.785470180423957,150.0
994000,28,22.77543187245877,150.0
995000,28,22.765659581873,150.0
996000,28,22.75615176036267,150.0
997000,28,22.746906860589345,150.0
998000,28,22.737923336206123,150.0
999000,28,22.729199651237487,150.0
1000000,28,22.72073427588439,150.0
1001000,28,22.712525696261075,150.0
1002000,28,22.70457241112434,150.0
1003000,28,22.696872937928273,150.0
1004000,28,22.689425814618204,150.0
1005000,28,22.68222960196247,150.0
1006000,28,22.67528288612721,150.0
1007000,28,22.66858428088546,150.0
1008000,28,22.662132429869548,150.0
1009000,28,22.655926008632918,150.0
1010000,28,22.64996372701124,150.0
1011000,28,22.644244331355065,150.0
1012000,28,22.638766603728005,150.0
1013000,28,22.6335293690545,150.0
1014000,28,22.628531490433968,150.0
1015000,28,22.623771877086444,150.0
1016000,28,22.619249480784486,150.0
1017000,28,22.614963299613194,150.0
1018000,28,22.6109123794822,150.0
1019000,28,22.607095814884914,150.0
1020000,28,22.603512750257316,150.0
1021000,28,22.60016238094043,150.0
1022000,28,22.59704395496876,150.0
1023000,28,22.594156773574046,150.0
1024000,28,22.5915001902981,150.0
1025000,28,22.58907361651251,150.0
1026000,28,22.58687651622299,150.0
1027000,28,22.584908412906014,150.0
1028000,28,22.583168884807087,150.0
1029000,28,22.581657568321866,150.0
1030000,28,22.580374158704753,150.0
1031000,28,22.579318408814096,150.0
1032000,28,22.578490131194922,150.0
1033000,28,22.57788919841075,150.0
1034000,28,22.577515539246317,150.0
1035000,28,22.577369146718723,150.0
1036000,28,22.57745006965202,150.0
1037000,28,22.577758419872453,150.0
1038000,28,22.578294366573182,150.0
1039000,28,22.579058140323905,150.0
1040000,28,22.580050030079565,150.0
1041000,28,22.581270385795996,150.0
1042000,28,22.582719614150584,150.0
1043000,28,22.584398183349602,150.0
1044000,28,22.5863066171935,150.0
1045000,28,22.588445500062008,150.0
1046000,28,22.590815471590098,150.0
1047000,28,22.593417228397378,150.0
1048000,28,22.59625152412903,150.0
1049000,28,22.59931916681528,150.0
1050000,28,22.602621017933348,150.0
1051000,28,22.60615799494569,150.0
1052000,28,22.60993106459577,150.0
1053000,28,22.61394124665766,150.0
1054000,28,22.618189610596755,150.0
1055000,28,22.62267727467206,150.0
1056000,28,22.627405404575065,150.0
1057000,28,22.63237521216531,150.0
1058000,28,22.63758795377133,150.0
1059000,28,22.643044927914104,150.0
1060000,28,22.648747474177018,150.0
1061000,28,22.654696972247272,150.0
1062000,28,22.66089483917213,150.0
1063000,28,22.66734252656901,150.0
1064000,29,22.027105406663512,150.0
1065000,29,22.025700015267585,150.0
1066000,29,22.02441438804383,150.0
1067000,29,22.023248304937553,150.0
1068000,29,22.022201584496784,150.0
1069000,29,22.02127408388331,150.0
1070000,29,22.020465700782196,150.0
1071000,30,22.49224606906848,150.0
1072000,30,22.48339454303954,150.0
1073000,30,22.474818269717787,150.0
1074000,30,22.46651514478315,150.0
1075000,30,22.458483077638167,150.0
1076000,30,22.450720003097967,150.0
1077000,30,22.44322387452415,150.0
1078000,30,22.435992677695648,150.0
1079000,30,22.429024426144753,150.0
1080000,30,22.422317167333986,150.0
1081000,30,22.415868987496413,150.0
1082000,30,22.40967801139388,150.0
1083000,30,22.40374240654851,150.0
1084000,30,22.39806038559847,150.0
1085000,30,22.392630208751203,150.0
1086000,30,22.38745018627537,150.0
1087000,30,22.38251867999805,150.0
1088000,30,22.377834105779595,150.0
1089000,30,22.37339493741818,150.0
1090000,30,22.369199703615397,150.0
1091000,30,22.36524699513747,150.0
1092000,30,22.361535462730462,150.0
1093000,30,22.358063820260437,150.0
1094000,30,22.354830845198798,150.0
1095000,30,22.351835380361955,150.0
1096000,30,22.349076334935067,150.0
1097000,30,22.34655268551577,150.0
1098000,30,22.344263477067,150.0
1099000,30,22.34220782383159,150.0
1100000,30,22.340384909860827,150.0
1101000,30,22.33879398936157,150.0
1102000,30,22.337434389875472,150.0
1103000,30,22.33630550853966,150.0
1104000,30,22.335406815447534,150.0
1105000,30,22.334737851809756,150.0
1106000,30,22.33429823601223,150.0
1107000,30,22.334087655134674,150.0
1108000,30,22.3341058701625,150.0
1109000,30,22.334352717484233,150.0
1110000,30,22.334828104473434,150.0
1111000,30,22.335532011709343,150.0
1112000,30,22.336464494817978,150.0
1113000,30,22.337625679298704,150.0
1114000,30,22.33901576535588,150.0
1115000,30,22.340635025070615,150.0
1116000,30,22.34248380073886,150.0
1117000,30,22.3445625059434,150.0
1118000,30,22.346871626831085,150.0
1119000,30,22.34941171708337,150.0
1120000,30,22.352183400469734,150.0
1121000,30,22.355187368965492,150.0
1122000,30,22.358424381314915,150.0
1123000,30,22.36189526447271,150.0
1124000,30,22.365600909269858,150.0
1125000,30,22.36954227098679,150.0
1126000,30,22.37372036786927,150.0
1127000,30,22.378136280965485,150.0
1128000,30,22.382791148453148,150.0
1129000,30,22.387686172056778,150.0
1130000,30,22.392822606248135,150.0
1131000,30,22.398201763363332,150.0
1132000,30,22.403825009359707,150.0
1133000,30,22.40969376019982,150.0
1134000,30,22.4158094838729,150.0
1135000,30,22.422173694250695,150.0
1136000,30,22.4287879516946,150.0
1137000,31,21.863505086833836,150.0
1138000,31,21.86240491097178,150.0
1139000,31,21.861420603870755,150.0
1140000,31,21.860551848963482,150.0
1141000,31,21.85979837480303,150.0
1142000,31,21.859159951602333,150.0
1143000,31,21.858636392094652,150.0
1144000,31,21.85822755221156,150.0
1145000,31,21.8579333277267,150.0
1146000,31,21.85775365918271,150.0
1147000,31,21.857688529335483,150.0
1148000,31,21.857737960804066,150.0
1149000,31,21.85790202080484,150.0
1150000,31,21.858180817994754,150.0
1151000,31,21.858574504062656,150.0
1152000,31,21.85908326980236,150.0
1153000,32,22.802019411816286,150.0
1154000,32,22.792422949034705,150.0
1155000,32,22.78307668702083,150.0
1156000,32,22.773979909331143,150.0
1157000,32,22.765131912943993,150.0
1158000,32,22.756532008773878,150.0
1159000,32,22.748179530704853,150.0
1160000,32,22.74007382606958,150.0
1161000,32,22.73221426835464,150.0
1162000,32,22.724600251367686,150.0
1163000,32,22.717231196609205,150.0
1164000,32,22.71010655107298,150.0
1165000,32,22.703225794580984,150.0
1166000,32,22.696588431446457,150.0
1167000,32,22.690194004453303,150.0
1168000,32,22.684042086532937,150.0
1169000,32,22.678132288192884,150.0
1170000,32,22.672464258080158,150.0
1171000,32,22.66703768118555,150.0
1172000,32,22.66185228263306,150.0
1173000,32,22.6569078311518,150.0
1174000,32,22.65220413727791,150.0
1175000,32,22.647741055664575,150.0
1176000,32,22.643518486989226,150.0
1177000,32,22.63953637525909,150.0
1178000,32,22.635794718014722,150.0
1179000,32,22.632293554410214,150.0
1180000,32,22.629032979115856,150.0
1181000,32,22.62601313418557,150.0
1182000,32,22.62323421371216,150.0
1183000,32,22.620696463922524,150.0
1184000,32,22.618400182828424,150.0
1185000,32,22.61634572581914,150.0
1186000,32,22.614533496104592,150.0
1187000,32,22.612963957342686,150.0
1188000,32,22.611637625625914,150.0
1189000,32,22.61055507179292,150.0
1190000,32,22.609716922587204,150.0
1191000,32,22.60912386345953,150.0
1192000,32,22.608776632630413,150.0
1193000,32,22.60867602498162,150.0
1194000,32,22.608822892823806,150.0
1195000,32,22.609218142443822,150.0
1196000,32,22.609862736609585,150.0
1197000,32,22.610757695831737,150.0
1198000,32,22.61190409043978,150.0
1199000,32,22.613303049609417,150.0
1200000,32,22.61495575234096,150.0
1201000,32,22.61686343570072,150.0
1202000,32,22.61902738561887,150.0
1203000,32,22.621448938114746,150.0
1204000,32,22.624129483233897,150.0
1205000,32,22.627070455574952,150.0
1206000,32,22.63027334068058,150.0
1207000,32,22.63373966971652,150.0
1208000,32,22.637471016894786,150.0
1209000,32,22.641469001448105,150.0
1210000,32,22.645735282129387,150.0
1211000,32,22.650271557329575,150.0
1212000,32,22.65507956292659,150.0
1213000,33,23.486467042745698,150.0
1214000,33,23.478973641901426,150.0
1215000,33,23.471699802845002,150.0
1216000,33,23.46464566376132,150.0
1217000,33,23.457811382941482,150.0
1218000,33,23.451197142403487,150.0
1219000,33,23.44480314744222,150.0
1220000,33,23.438629624846612,150.0
1221000,33,23.43267682930338,150.0
1222000,33,23.426945037078678,150.0
1223000,33,23.421434554458923,150.0
1224000,33,23.41614571153148,150.0
1225000,34,25.043658202598998,150.0
1226000,34,25.023246421007524,150.0
1227000,34,25.003145486483138,150.0
1228000,34,24.98335684446193,150.0
1229000,34,24.96388188044047,150.0
1230000,34,24.944721919844692,150.0
1231000,34,24.925878228126464,150.0
1232000,34,24.907352010478842,150.0
1233000,34,24.88914441178284,150.0
1234000,34,24.871256520513494,150.0
1235000,34,24.853689365792633,150.0
1236000,34,24.83644392051014,150.0
1237000,34,24.81952110238125,150.0
1238000,34,24.80292177322973,150.0
1239000,34,24.78664674444994,150.0
1240000,34,24.77069677292642,150.0
1241000,34,24.75507256739019,150.0
1242000,34,24.739774788266352,150.0
1243000,34,24.724804048349853,150.0
1244000,34,24.710160918505693,150.0
1245000,34,24.695845925400505,150.0
1246000,34,24.681859556645747,150.0
1247000,34,24.668202261201447,150.0
1248000,34,24.654874452910683,150.0
1249000,34,24.6418765128406,150.0
1250000,34,24.629208790909516,150.0
1251000,34,24.616871608436423,150.0
1252000,34,24.604865262519958,150.0
1253000,34,24.59319002512847,150.0
1254000,34,24.581846150536986,150.0
1255000,34,24.570833872777346,150.0
1256000,34,24.560153411655975,150.0
1257000,34,24.549804974458638,150.0
1258000,34,24.539788758580883,150.0
1259000,34,24.53010495496014,150.0
1260000,34,24.520753747593094,150.0
1261000,34,24.511735320894864,150.0
1262000,34,24.503049857361773,150.0
1263000,34,24.494697544761713,150.0
1264000,34,24.48667857374419,150.0
1265000,34,24.478993143870568,150.0
1266000,35,22.918164841988666,150.0
1267000,35,22.908024255604712,150.0
1268000,35,22.898140061933034,150.0
1269000,35,22.888511051530354,150.0
1270000,35,22.879136012832873,150.0
1271000,35,22.870013741897477,150.0
1272000,35,22.861143037890304,150.0
1273000,35,22.85252271232683,150.0
1274000,35,22.844151585161708,150.0
1275000,35,22.836028490703296,150.0
1276000,35,22.828152279284375,150.0
1277000,35,22.820521818573983,150.0
1278000,35,22.813135996522387,150.0
1279000,35,22.80599372302224,150.0
1280000,35,22.799093931774994,150.0
1281000,35,22.792435583353306,150.0
1282000,35,22.786017663483833,150.0
1283000,35,22.77983918983582,150.0
1284000,35,22.77389921136442,150.0
1285000,35,22.76819680824498,150.0
1286000,35,22.762731095135678,150.0
1287000,35,22.75750122513598,150.0
1288000,35,22.752506386283347,150.0
1289000,35,22.747745806431766,150.0
1290000,35,22.743218753514288,150.0
1291000,35,22.738924536881022,150.0
1292000,35,22.734862508712002,150.0
1293000,35,22.731032064738848,150.0
1294000,35,22.72743264575836,150.0
1295000,35,22.72406373916226,150.0
1296000,35,22.720924876866473,150.0
1297000,35,22.7180156414897,150.0
1298000,35,22.71533566222045,150.0
1299000,35,22.712884617904955,150.0
1300000,35,22.7106622370061,150.0
1301000,35,22.70866830095535,150.0
1302000,35,22.706902640508165,150.0
1303000,35,22.70536513698018,150.0
1304000,35,22.704055726502652,150.0
1305000,35,22.702974397386186,150.0
1306000,35,22.70212118871007,150.0
1307000,35,22.701496196275606,150.0
1308000,35,22.701099565760202,150.0
1309000,35,22.700931499915583,150.0
1310000,35,22.70099225289904,150.0
1311000,35,22.701282133362074,150.0
1312000,35,22.701801504390783,150.0
1313000,35,22.702550780616313,150.0
1314000,35,22.703530432698695,150.0
1315000,35,22.704740982467534,150.0
1316000,35,22.70618300650766,150.0
1317000,35,22.707857132629083,150.0
1318000,35,22.709764041486295,150.0
1319000,35,22.711904464581515,150.0
1320000,35,22.71427918521424,150.0
1321000,35,22.716889037446986,150.0
1322000,35,22.719734903027195,150.0
1323000,35,22.72281771481113,150.0
1324000,35,22.72613845249846,150.0
1325000,35,22.729698142513953,150.0
1326000,35,22.73349785712981,150.0
1327000,35,22.737538713941124,150.0
1328000,35,22.741821874655002,150.0
1329000,35,22.746348540378406,150.0
1330000,35,22.751119956315552,150.0
1331000,35,22.756137404800253,150.0
1332000,35,22.761402206410782,150.0
1333000,35,22.766915718242817,150.0
1334000,35,22.772679329844777,150.0
1335000,35,22.778694465312782,150.0
1336000,35,22.78496257734841,150.0
1337000,36,22.12368793254453,150.0
1338000,37,22.54148942498266,150.0
1339000,37,22.531548246584595,150.0
1340000,37,22.52189186103074,150.0
1341000,37,22.512518060723327,150.0
1342000,37,22.503424637847033,150.0
1343000,37,22.49460939064013,150.0
1344000,37,22.486070123556676,150.0
1345000,37,22.477804654776186,150.0
1346000,37,22.46981082151067,150.0
1347000,37,22.462086476985334,150.0
1348000,37,22.45462950308912,150.0
1349000,37,22.447437806446306,150.0
1350000,37,22.440509324667683,150.0
1351000,37,22.433842032007703,150.0
1352000,37,22.427433937021675,150.0
1353000,37,22.421283090117562,150.0
1354000,37,22.41538758415291,150.0
1355000,37,22.409745557491032,150.0
1356000,37,22.404355196472924,150.0
1357000,37,22.399214737257537,150.0
1358000,37,22.394322470781066,150.0
1359000,37,22.38967673817905,150.0
1360000,37,22.385275940981952,150.0
1361000,37,22.38111853852443,150.0
1362000,37,22.377203047236673,150.0
1363000,37,22.373528049838058,150.0
1364000,37,22.370092187586387,150.0
1365000,37,22.36689416845389,150.0
1366000,37,22.363932765459886,150.0
1367000,37,22.36120681831945,150.0
1368000,37,22.358715234460846,150.0
1369000,37,22.35645698938848,150.0
1370000,37,22.354431129776444,150.0
1371000,37,22.352636770991555,150.0
1372000,37,22.351073098703097,150.0
1373000,37,22.349739372459435,150.0
1374000,37,22.34863492071463,150.0
1375000,37,22.347759147224288,150.0
1376000,37,22.347111525540623,150.0
1377000,37,22.346691604658528,150.0
1378000,37,22.346499004217502,150.0
1379000,37,22.34653341884087,150.0
1380000,37,22.34679461637161,150.0
1381000,37,22.34728243665425,150.0
1382000,37,22.347996791672276,150.0
1383000,37,22.348937670415435,150.0
1384000,37,22.350105130478877,150.0
1385000,37,22.351499303123123,150.0
1386000,37,22.353120390899402,150.0
1387000,37,22.354968669148004,150.0
1388000,37,22.357044484203858,150.0
1389000,37,22.35934825082504,150.0
1390000,37,22.361880456141886,150.0
1391000,37,22.36464165363225,150.0
1392000,37,22.367632467656776,150.0
1393000,37,22.370853587913814,150.0
1394000,37,22.374305770475654,150.0
1395000,37,22.3779898388151,150.0
1396000,37,22.3819066792537,150.0
1397000,37,22.38605723925528,150.0
1398000,37,22.390442532682226,150.0
1399000,37,22.39506362916877,150.0
1400000,37,22.39992166004798,150.0
1401000,37,22.40501781341246,150.0
1402000,37,22.410353333175493,150.0
1403000,37,22.415929517935098,150.0
1404000,37,22.421747716794048,150.0
1405000,37,22.427809331559097,150.0
1406000,37,22.43411581061331,150.0
1407000,37,22.440668648410263,150.0
1408000,37,22.447469385542657,150.0
1409000,38,21.862853515099932,150.0
1410000,38,21.861899103364095,150.0
1411000,38,21.861059346985765,150.0
1412000,38,21.860333957423965,150.0
1413000,38,21.85972268998233,150.0
1414000,38,21.85922534478023,150.0
1415000,38,21.858841759541413,150.0
1416000,38,21.858571817216784,150.0
1417000,38,21.858415442950108,150.0
1418000,38,21.858372601545785,150.0
1419000,38,21.858443302266153,150.0
1420000,38,21.85862759558211,150.0
1421000,38,21.858925573968985,150.0
1422000,38,21.859337372702374,150.0
1423000,38,21.859863165939025,150.0
1424000,39,22.66595832453835,150.0
1425000,39,22.656974249296745,150.0
1426000,39,22.64824639100449,150.0
1427000,39,22.639773660018733,150.0
1428000,39,22.631554986542454,150.0
1429000,39,22.623589318745985,150.0
1430000,39,22.615875629120858,150.0
1431000,39,22.608412911177606,150.0
1432000,39,22.60120018849605,150.0
1433000,39,22.59423650959135,150.0
1434000,39,22.587520957297922,150.0
1435000,39,22.581052644021135,150.0
1436000,39,22.57483071824839,150.0
1437000,39,22.568854367952518,150.0
1438000,39,22.563122813515218,150.0
1439000,39,22.557635322373887,150.0
1440000,39,22.552391197801747,150.0
1441000,39,22.547389788543505,150.0
1442000,39,22.54263049260446,150.0
1443000,39,22.538112749447855,150.0
1444000,39,22.533836047264014,150.0
1445000,39,22.52979992652754,150.0
1446000,39,22.526003974410685,150.0
1447000,39,22.522447833577434,150.0
1448000,39,22.519131196534765,150.0
1449000,39,22.516053811689055,150.0
1450000,39,22.513215482631395,150.0
1451000,39,22.51061606776396,150.0
1452000,39,22.508255484196766,150.0
1453000,39,22.50613370336682,150.0
1454000,39,22.504250758050446,150.0
1455000,39,22.502606739008627,150.0
1456000,39,22.501201795549044,150.0
1457000,39,22.500036140742555,150.0
1458000,39,22.49911004309837,150.0
1459000,39,22.498423834631847,150.0
1460000,39,22.497977908494743,150.0
1461000,39,22.497772719170612,150.0
1462000,39,22.49780878145018,150.0
1463000,39,22.498086673319808,150.0
1464000,39,22.498607031877413,150.0
1465000,39,22.499370556387145,150.0
1466000,39,22.500378010216764,150.0
1467000,39,22.501630211474385,150.0
1468000,39,22.50312804520196,150.0
1469000,39,22.504872450271453,150.0
1470000,39,22.506864428497288,150.0
1471000,39,22.509105040817065,150.0
1472000,39,22.51159540099218,150.0
1473000,39,22.514336684497714,150.0
1474000,39,22.51733012050225,150.0
1475000,39,22.520576994807914,150.0
1476000,39,22.524078644102413,150.0
1477000,39,22.527836457132672,150.0
1478000,39,22.531851876910473,150.0
1479000,39,22.53612638959768,150.0
1480000,39,22.54066153497322,150.0
1481000,39,22.545458892384982,150.0
1482000,39,22.550520088269444,150.0
1483000,39,22.555846789292993,150.0
1484000,39,22.56144070164518,150.0
1485000,40,22.04517441950114,150.0
1486000,40,22.042946154806145,150.0
1487000,40,22.040845071738836,150.0
1488000,40,22.038870867816144,150.0
1489000,40,22.03702328049057,150.0
1490000,40,22.035302082897797,150.0
1491000,41,23.527676981777216,150.0
1492000,41,23.51380887006633,150.0
1493000,41,23.500165942644653,150.0
1494000,41,23.486748380853058,150.0
1495000,41,23.47355637098371,150.0
1496000,41,23.460590094863022,150.0
1497000,41,23.447849741059642,150.0
1498000,41,23.435335494407312,150.0
1499000,41,23.42304754981063,150.0
1500000,41,23.410986103237082,150.0
1501000,41,23.39915135859182,150.0
1502000,41,23.387543528258984,150.0
1503000,41,23.376162829368646,150.0
1504000,41,23.365009491290458,150.0
1505000,41,23.35408375516628,150.0
1506000,41,23.3433858719454,150.0
1507000,41,23.332916105234514,150.0
1508000,41,23.32267473695516,150.0
1509000,41,23.312662057820987,150.0
1510000,41,23.3028783805599,150.0
1511000,41,23.29332403375821,150.0
1512000,41,23.283999365497504,150.0
1513000,41,23.274904741773465,150.0
1514000,41,23.266040552357477,150.0
1515000,41,23.257407206009887,150.0
1516000,41,23.249005137743705,150.0
1517000,41,23.24083480627084,150.0
1518000,41,23.23289669421066,150.0
1519000,41,23.225191312134015,150.0
1520000,41,23.21771919707128,150.0
1521000,41,23.21048091609611,150.0
1522000,41,23.203477063015427,150.0
1523000,42,24.74134739282638,150.0
1524000,42,24.729025492802553,150.0
1525000,42,24.717021607520223,150.0
1526000,42,24.705336299003218,150.0
1527000,42,24.693970119620676,150.0
1528000,42,24.682923616326466,150.0
1529000,42,24.672197327859248,150.0
1530000,42,24.661791791001,150.0
1531000,42,24.651707539168786,150.0
1532000,42,24.641945108031905,150.0
1533000,42,24.632505035961554,150.0
1534000,42,24.62338786323174,150.0
1535000,42,24.614594139017264,150.0
1536000,42,24.60612441878445,150.0
1537000,42,24.597979268690004,150.0
1538000,42,24.59015926558903,150.0
1539000,43,23.072001330263554,150.0
1540000,43,23.06168013238518,150.0
1541000,43,23.051605739965254,150.0
1542000,43,23.04177726788597,150.0
1543000,43,23.032193834246847,150.0
1544000,43,23.022854563026,150.0
1545000,43,23.013758582765043,150.0
1546000,43,23.004905030371596,150.0
1547000,43,22.996293053218878,150.0
1548000,43,22.987921810075687,150.0
1549000,43,22.979790474195923,150.0
1550000,43,22.97189823387515,150.0
1551000,43,22.964244294908166,150.0
1552000,43,22.956827882121836,150.0
1553000,43,22.949648241863294,150.0
1554000,43,22.942704640467863,150.0
1555000,43,22.935996371201792,150.0
1556000,43,22.92952274955985,150.0
1557000,43,22.9232831215023,150.0
1558000,43,22.917276858709982,150.0
1559000,43,22.91150336250992,150.0
1560000,43,22.905962067984227,150.0
1561000,43,22.900652440187688,150.0
1562000,43,22.89557397851347,150.0
1563000,43,22.890726217273645,150.0
1564000,43,22.88610872755966,150.0
1565000,43,22.881721115210926,150.0
1566000,43,22.87756302655778,150.0
1567000,43,22.87363414705045,150.0
1568000,43,22.869934199899024,150.0
1569000,43,22.866462952360358,150.0
1570000,43,22.863220211208393,150.0
1571000,43,22.86020582658573,150.0
1572000,43,22.857419691968605,150.0
1573000,43,22.854861744851764,150.0
1574000,43,22.85253196731923,150.0
1575000,43,22.850430386841214,150.0
1576000,43,22.848557076401555,150.0
1577000,43,22.846912156101972,150.0
1578000,43,22.84549579113977,150.0
1579000,43,22.844308193701323,150.0
1580000,43,22.843349625408983,150.0
1581000,43,22.842620393224124,150.0
1582000,43,22.842120852520548,150.0
1583000,43,22.841851406356106,150.0
1584000,43,22.8418125060192,150.0
1585000,43,22.84200465085646,150.0
1586000,43,22.842428386313298,150.0
1587000,43,22.843084308135484,150.0
1588000,43,22.843973057626837,150.0
1589000,43,22.845095323350375,150.0
1590000,43,22.84645184168368,150.0
1591000,43,22.848043394832004,150.0
1592000,43,22.849870811143067,150.0
1593000,43,22.85193496485067,150.0
1594000,43,22.854236773620684,150.0
1595000,43,22.856777201037616,150.0
1596000,43,22.859557252656394,150.0
1597000,43,22.86257797694313,150.0
1598000,43,22.865840463877603,150.0
1599000,43,22.869345844530365,150.0
1600000,43,22.873095287513713,150.0
1601000,43,22.877090002038155,150.0
1602000,43,22.881331232379303,150.0
1603000,43,22.8858202586705,150.0
1604000,44,24.35863552572365,150.0
1605000,44,24.349977377309433,150.0
1606000,44,24.34167859459955,150.0
1607000,44,24.333738308192075,150.0
1608000,44,24.326155638337845,150.0
1609000,45,22.593176533220348,150.0
1610000,45,22.583061762344624,150.0
1611000,45,22.573230219763733,150.0
1612000,45,22.563679785957625,150.0
1613000,45,22.554408341369296,150.0
1614000,45,22.545413766958152,150.0
1615000,45,22.536693950652538,150.0
1616000,45,22.528246787276114,150.0
1617000,45,22.520070187654603,150.0
1618000,45,22.512162079773354,150.0
1619000,45,22.504520410399365,150.0
1620000,45,22.49714315101512,150.0
1621000,45,22.490028302798777,150.0
1622000,45,22.483173895047628,150.0
1623000,45,22.476577991215528,150.0
1624000,45,22.47023869220086,150.0
1625000,45,22.464154136907304,150.0
1626000,45,22.458322507050998,150.0
1627000,45,22.452742028371336,150.0
1628000,45,22.44741097328518,150.0
1629000,45,22.442327662733632,150.0
1630000,45,22.43749047014114,150.0
1631000,45,22.43289781909815,150.0
1632000,45,22.42854819037765,150.0
1633000,45,22.424440121220616,150.0
1634000,45,22.420572205359317,150.0
1635000,45,22.416943095705143,150.0
1636000,45,22.413551509705314,150.0
1637000,45,22.410396223042255,150.0
1638000,45,22.407476076822118,150.0
1639000,45,22.404789976226517,150.0
1640000,45,22.40233689189357,150.0
1641000,45,22.40011586112843,150.0
1642000,45,22.398125987411618,150.0
1643000,45,22.396366442592925,150.0
1644000,45,22.39483646833585,150.0
1645000,45,22.393535373359423,150.0
1646000,45,22.39246253588738,150.0
1647000,45,22.391617406265112,150.0
1648000,45,22.390999502777188,150.0
1649000,45,22.390608414391252,150.0
1650000,45,22.39044380165545,150.0
1651000,45,22.390505396558762,150.0
1652000,45,22.390792998118037,150.0
1653000,45,22.391306479729682,150.0
1654000,45,22.392045784850513,150.0
1655000,45,22.3930109259065,150.0
1656000,45,22.39420198620973,150.0
1657000,45,22.395619117693705,150.0
1658000,45,22.397262546176975,150.0
1659000,45,22.399132560183293,150.0
1660000,45,22.40122952173472,150.0
1661000,45,22.40355385860163,150.0
1662000,45,22.4061060654822,150.0
1663000,45,22.408886705831893,150.0
1664000,45,22.41189640689421,150.0
1665000,45,22.41513586154237,150.0
1666000,45,22.41860582666649,150.0
1667000,45,22.422307121580435,150.0
1668000,45,22.426240629901155,150.0
1669000,45,22.43040729233701,150.0
1670000,45,22.434808111625,150.0
1671000,45,22.43944414794795,150.0
1672000,45,22.444316518888417,150.0
1673000,45,22.449426395455234,150.0
1674000,45,22.45477500410015,150.0
1675000,45,22.46036362321204,150.0
1676000,45,22.466193580144918,150.0
1677000,45,22.472266250560118,150.0
1678000,45,22.478583058154975,150.0
1679000,45,22.48514546903377,150.0
1680000,45,22.491954992112674,150.0
1681000,46,21.889402755212256,150.0
1682000,46,21.888433101326093,150.0
1683000,46,21.887578469446662,150.0
1684000,46,21.88683858953068,150.0
1685000,46,21.88621323676715,150.0
1686000,46,21.885702225500253,150.0
1687000,46,21.88530541368534,150.0
1688000,46,21.88502270024202,150.0
1689000,46,21.88485402631503,150.0
1690000,46,21.884799372594422,150.0
1691000,46,21.884858764068085,150.0
1692000,46,21.88503226412931,150.0
1693000,46,21.88531998010829,150.0
1694000,46,21.88572206016874,150.0
1695000,47,22.56094163971421,150.0
1696000,47,22.552513932213007,150.0
1697000,47,22.544347202960445,150.0
1698000,47,22.5364400018671,150.0
1699000,47,22.52879090035191,150.0
1700000,47,22.52139849229967,150.0
1701000,47,22.51426140165848,150.0
1702000,47,22.5073782816786,150.0
1703000,47,22.500747818184134,150.0
1704000,47,22.494368731926517,150.0
1705000,47,22.488239779998487,150.0
1706000,47,22.482359760569707,150.0
1707000,47,22.47672751318404,150.0
1708000,47,22.47134191853169,150.0
1709000,47,22.466201904964702,150.0
1710000,47,22.461306447992282,150.0
1711000,47,22.456654569617275,150.0
1712000,47,22.45224534415172,150.0
1713000,47,22.448077900272416,150.0
1714000,47,22.444151414391825,150.0
1715000,47,22.440465123973944,150.0
1716000,47,22.437018319162767,150.0
1717000,47,22.433810347558722,150.0
1718000,47,22.430840618813885,150.0
1719000,47,22.428108596434104,150.0
1720000,47,22.42561381021367,150.0
1721000,47,22.423355847690804,150.0
1722000,47,22.42133436166838,150.0
1723000,47,22.419549065915763,150.0
1724000,47,22.41799973779844,150.0
1725000,47,22.416686221159257,150.0
1726000,47,22.415608423847637,150.0
1727000,47,22.414766317669383,150.0
1728000,47,22.41415994203591,150.0
1729000,47,22.413789402372288,150.0
1730000,47,22.413654868308214,150.0
1731000,47,22.413756578587794,150.0
1732000,47,22.41409483542959,150.0
1733000,47,22.414670011016874,150.0
1734000,47,22.415482540094253,150.0
1735000,47,22.416532926427085,150.0
1736000,47,22.417821738755695,150.0
1737000,47,22.419349612995497,150.0
1738000,47,22.421117244461996,150.0
1739000,47,22.42312540141476,150.0
1740000,47,22.425374910408443,150.0
1741000,47,22.427866662932324,150.0
1742000,47,22.43060161206308,150.0
1743000,47,22.433580775440337,150.0
1744000,47,22.436805228109026,150.0
1745000,47,22.440276105813446,150.0
1746000,47,22.443994605087465,150.0
1747000,47,22.447961974857193,150.0
1748000,47,22.452179523252386,150.0
1749000,47,22.456648612156652,150.0
1750000,47,22.461370654282273,150.0
1751000,47,22.4663471143831,150.0
1752000,47,22.47157950681893,150.0
1753000,47,22.4770693920995,150.0
1754000,47,22.482818374382454,150.0
1755000,47,22.488828102253343,150.0
1756000,48,21.957574157071488,150.0
1757000,48,21.955813963730797,150.0
1758000,48,21.954176462139934,150.0
1759000,48,21.952661328845018,150.0
1760000,48,21.95126828062297,150.0
1761000,48,21.94999707583194,150.0
1762000,48,21.94884751357184,150.0
1763000,48,21.947819433953516,150.0
1764000,48,21.946912717151978,150.0
1765000,48,21.946127288200817,150.0
1766000,48,21.945463108084482,150.0
1767000,49,23.245826038130623,150.0
1768000,49,23.233589602207086,150.0
1769000,49,23.221588299558174,150.0
1770000,49,23.20982206833724,150.0
1771000,49,23.198290855954504,150.0
1772000,49,23.18699461030257,150.0
1773000,49,23.175933288134807,150.0
1774000,49,23.16510685130699,150.0
1775000,49,23.15451526931923,150.0
1776000,49,23.144158527236005,150.0
1777000,49,23.134036615111953,150.0
1778000,49,23.124149539918395,150.0
1779000,49,23.114497321847757,150.0
1780000,49,23.10507999568187,150.0
1781000,49,23.09589761728195,150.0
1782000,49,23.08695025438567,150.0
1783000,49,23.078237999948527,150.0
1784000,49,23.0697609669084,150.0
1785000,49,23.0615192885231,150.0
1786000,49,23.05351312455626,150.0
1787000,49,23.045742657672157,150.0
1788000,49,23.038208095668747,150.0
1789000,49,23.030909678136684,150.0
1790000,49,23.02384767131052,150.0
1791000,49,23.017022368580967,150.0
1792000,49,23.01043409662907,150.0
1793000,49,23.004083217240325,150.0
1794000,49,22.997970120033905,150.0
1795000,49,22.992095231571756,150.0
1796000,49,22.986459013407433,150.0
1797000,49,22.98106196603043,150.0
1798000,49,22.97590462113116,150.0
1799000,49,22.970987554602434,150.0
1800000,49,22.966311377112625,150.0
1801000,49,22.961876743291505,150.0
1802000,49,22.957684344348973,150.0
1803000,49,22.953734915584064,150.0
1804000,49,22.950029231484795,150.0
1805000,49,22.946568112593848,150.0
1806000,49,22.943352419572555,150.0
1807000,49,22.9403830591153,150.0
1808000,49,22.93766098011246,150.0
1809000,49,22.93518717524702,150.0
1810000,49,22.932962685372093,150.0
1811000,50,24.72327888941994,150.0
1812000,51,23.242149613918727,150.0
1813000,51,23.231600941107423,150.0
1814000,51,23.22128980121374,150.0
1815000,51,23.21121560963245,150.0
1816000,51,23.201377782302526,150.0
1817000,51,23.19177574070239,150.0
1818000,51,23.182408912863604,150.0
1819000,51,23.173276734122396,150.0
1820000,51,23.164378649518213,150.0
1821000,51,23.15571411503716,150.0
1822000,51,23.14728259912289,150.0
1823000,51,23.13908358416061,150.0
1824000,51,23.131116568965485,150.0
1825000,51,23.123381066285344,150.0
1826000,51,23.115876609790025,150.0
1827000,51,23.108602752743533,150.0
1828000,51,23.10155906773139,150.0
1829000,51,23.094745149607405,150.0
1830000,51,23.088160619325027,150.0
1831000,51,23.08180511986174,150.0
1832000,51,23.075678321016824,150.0
1833000,51,23.06977992017144,150.0
1834000,51,23.064109642550907,150.0
1835000,51,23.058667243029948,150.0
1836000,51,23.053452506570878,150.0
1837000,51,23.048465250832884,150.0
1838000,51,23.043705323163163,150.0
1839000,51,23.03917260778442,150.0
1840000,51,23.034867019830195,150.0
1841000,51,23.03078851274175,150.0
1842000,51,23.026937073616367,150.0
1843000,51,23.023312727091096,150.0
1844000,51,23.019915535102797,150.0
1845000,51,23.01674559791649,150.0
1846000,51,23.0138030544321,150.0
1847000,51,23.011088083675244,150.0
1848000,51,23.008600902422337,150.0
1849000,51,23.00634176999522,150.0
1850000,51,23.00431098654863,150.0
1851000,51,23.002508892035767,150.0
1852000,51,23.00093586868282,150.0
1853000,51,22.99959234063074,150.0
1854000,51,22.998478774030872,150.0
1855000,51,22.997595677375685,150.0
1856000,51,22.99694360157846,150.0
1857000,51,22.99652314049431,150.0
1858000,51,22.996334928668972,150.0
1859000,51,22.996379645596523,150.0
1860000,51,22.996658011040786,150.0
1861000,51,22.997170787461815,150.0
1862000,51,22.997918779407538,150.0
1863000,51,22.99890283260753,150.0
1864000,51,23.00012383493993,150.0
1865000,51,23.00158271261014,150.0
1866000,51,23.003280434860834,150.0
1867000,51,23.00521800842889,150.0
1868000,52,24.458748070873863,150.0
1869000,52,24.447074887866933,150.0
1870000,52,24.435758522996075,150.0
1871000,52,24.42479857709757,150.0
1872000,52,24.41419461067594,150.0
1873000,52,24.403946149552766,150.0
1874000,52,24.39405268913907,150.0
1875000,52,24.384513698149913,150.0
1876000,52,24.375328623540547,150.0
1877000,52,24.366496892274615,150.0
1878000,52,24.35801791917717,150.0
1879000,52,24.349891106711283,150.0
1880000,52,24.34211585289684,150.0
1881000,52,24.33469155160002,150.0
1882000,53,22.662349831994536,150.0
1883000,53,22.65243463216759,150.0
1884000,53,22.642794765261083,150.0
1885000,53,22.63342833356949,150.0
1886000,53,22.624333441034768,150.0
1887000,53,22.615508193885063,150.0
1888000,53,22.606950709450956,150.0
1889000,53,22.59865911353424,150.0
1890000,53,22.590631550104536,150.0
1891000,53,22.582866177748564,150.0
1892000,53,22.575361180079756,150.0
1893000,53,22.568114761869495,150.0
1894000,53,22.561125156319996,150.0
1895000,53,22.554390626224585,150.0
1896000,53,22.547909467498975,150.0
1897000,53,22.541680010451877,150.0
1898000,53,22.535700623713527,150.0
1899000,53,22.529969714980464,150.0
1900000,53,22.524485734629227,150.0
1901000,53,22.519247177568463,150.0
1902000,53,22.514252583111713,150.0
1903000,53,22.509500540875536,150.0
1904000,53,22.504989687737638,150.0
1905000,53,22.500718714985787,150.0
1906000,53,22.49668636369863,150.0
1907000,53,22.49289143258899,150.0
1908000,53,22.48933277379487,150.0
1909000,53,22.48600929702893,150.0
1910000,53,22.4829199708393,150.0
1911000,53,22.48006382282971,150.0
1912000,53,22.477439941708813,150.0
1913000,53,22.47504747511508,150.0
1914000,53,22.47288563508798,150.0
1915000,53,22.470953696137705,150.0
1916000,53,22.469250995006163,150.0
1917000,53,22.467776934201144,150.0
1918000,53,22.466530979596573,150.0
1919000,53,22.465512662542068,150.0
1920000,53,22.464721579817628,150.0
1921000,53,22.464157393938038,150.0
1922000,53,22.46381983338649,150.0
1923000,53,22.463708693112835,150.0
1924000,53,22.463823833291634,150.0
1925000,53,22.464165181691918,150.0
1926000,53,22.464732730610553,150.0
1927000,53,22.46552654095185,150.0
1928000,53,22.466546737429425,150.0
1929000,53,22.467793511203375,150.0
1930000,53,22.469267118859374,150.0
1931000,53,22.47096788204448,150.0
1932000,53,22.472896187269253,150.0
1933000,53,22.47505248444336,150.0
1934000,53,22.477437287976315,150.0
1935000,53,22.4800511744851,150.0
1936000,53,22.48289478348549,150.0
1937000,53,22.485968814500048,150.0
1938000,53,22.48927402899092,150.0
1939000,53,22.49281124756303,150.0
1940000,53,22.496581350050526,150.0
1941000,53,22.50058527136834,150.0
1942000,53,22.50482400677785,150.0
1943000,53,22.509298603219044,150.0
1944000,53,22.514010161965587,150.0
1945000,53,22.518959838691334,150.0
1946000,53,22.52414883597672,150.0
1947000,53,22.52957840949572,150.0
1948000,53,22.535249859457288,150.0
1949000,53,22.541164534607688,150.0
1950000,53,22.547323824082852,150.0
1951000,53,22.55372916150144,150.0
1952000,53,22.560382017910882,150.0
1953000,53,22.567283903532186,150.0
1954000,54,21.94026289046437,150.0
1955000,54,21.93924544807442,150.0
1956000,54,21.938344511016293,150.0
1957000,54,21.937559863945292,150.0
1958000,54,21.936891333910978,150.0
1959000,54,21.93633878640864,150.0
1960000,54,21.93590212985501,150.0
1961000,54,21.935581311055998,150.0
1962000,54,21.935376319179923,150.0
1963000,54,21.935287184318064,150.0
1964000,54,21.9353139753805,150.0
1965000,55,22.498755581049554,150.0
1966000,55,22.490506692796178,150.0
1967000,55,22.482523902058116,150.0
1968000,55,22.47480541885411,150.0
1969000,55,22.46734947666271,150.0
1970000,55,22.460154335830396,150.0
1971000,55,22.45321828962179,150.0
1972000,55,22.44653966223147,150.0
1973000,55,22.440116813979134,150.0
1974000,55,22.433948146053197,150.0
1975000,55,22.42803209782834,150.0
1976000,55,22.42236715440991,150.0
1977000,55,22.416951846705807,150.0
1978000,55,22.41178475040981,150.0
1979000,55,22.406864495785523,150.0
1980000,55,22.402189761868637,150.0
1981000,55,22.397759281329904,150.0
1982000,55,22.39357184452699,150.0
1983000,55,22.38962629646432,150.0
1984000,55,22.385921540590676,150.0
1985000,55,22.38245654184055,150.0
1986000,55,22.379230325419496,150.0
1987000,55,22.376241979025508,150.0
1988000,55,22.373490654575118,150.0
1989000,55,22.37097556627836,150.0
1990000,55,22.368695996070695,150.0
1991000,55,22.36665129220426,150.0
1992000,55,22.36484086701577,150.0
1993000,55,22.36326420604895,150.0
1994000,55,22.36192085776422,150.0
1995000,55,22.360810442064867,150.0
1996000,55,22.35993264958651,150.0
1997000,55,22.359287238584315,150.0
1998000,55,22.3588740379743,150.0
1999000,55,22.35869294740199,150.0
2000000,55,22.358743935709885,150.0
2001000,55,22.359027045656568,150.0
2002000,55,22.35954238574673,150.0
2003000,55,22.360290137534403,150.0
2004000,55,22.361270554089558,150.0
2005000,55,22.362483956537222,150.0
2006000,55,22.363930736488417,150.0
2007000,55,22.365611355643335,150.0
2008000,55,22.367526341818486,150.0
2009000,55,22.369676296523725,150.0
2010000,55,22.37206188298419,150.0
2011000,55,22.3746838367629,150.0
2012000,55,22.37754295783134,150.0
2013000,55,22.380640109632687,150.0
2014000,55,22.383976222755827,150.0
2015000,55,22.387552290978096,150.0
2016000,55,22.39136936853688,150.0
2017000,55,22.3954285722881,150.0
2018000,55,22.39973107965426,150.0
2019000,55,22.404278124268405,150.0
2020000,55,22.409070996483617,150.0
2021000,55,22.41411104441832,150.0
2022000,55,22.419399666464845,150.0
2023000,55,22.42493831400255,150.0
2024000,55,22.430728486976214,150.0
2025000,55,22.436771734867765,150.0
2026000,55,22.443069649869823,150.0
2027000,56,21.897809278065413,150.0
2028000,56,21.896400848508815,150.0
2029000,56,21.89511134529863,150.0
2030000,56,21.893940434479955,150.0
2031000,56,21.892887822741077,150.0
2032000,56,21.891953258699015,150.0
2033000,56,21.891136535739783,150.0
2034000,56,21.89043748649277,150.0
2035000,56,21.889855985559567,150.0
2036000,56,21.889391951355524,150.0
2037000,56,21.8890453442808,150.0
2038000,56,21.888816163963135,150.0
2039000,56,21.888704455592507,150.0
2040000,56,21.88871030320345,150.0
2041000,57,23.017592874476737,150.0
2042000,57,23.00663653461464,150.0
2043000,57,22.99592345593311,150.0
2044000,57,22.98545328983215,150.0
2045000,57,22.975225695420452,150.0
2046000,57,22.965240339405025,150.0
2047000,57,22.955496901057252,150.0
2048000,57,22.945995068373417,150.0
2049000,57,22.936734545900908,150.0
2050000,57,22.927715052516188,150.0
2051000,57,22.918936324112572,150.0
2052000,57,22.910398115232606,150.0
2053000,57,22.902100200668926,150.0
2054000,57,22.8940423766975,150.0
2055000,57,22.88622446403747,150.0
2056000,57,22.878646306914284,150.0
2057000,57,22.871307776328962,150.0
2058000,57,22.864208772958058,150.0
2059000,57,22.857349223572466,150.0
2060000,57,22.850729088963615,150.0
2061000,57,22.84434835976717,150.0
2062000,57,22.838207062324575,150.0
2063000,57,22.832305254024785,150.0
2064000,57,22.826643032226283,150.0
2065000,57,22.821220528337502,150.0
2066000,57,22.816037913094146,150.0
2067000,57,22.81109540005162,150.0
2068000,57,22.80639323688961,150.0
2069000,57,22.801931718931748,150.0
2070000,57,22.797711182105317,150.0
2071000,57,22.7937320020728,150.0
2072000,57,22.789994605632373,150.0
2073000,57,22.786499460352875,150.0
2074000,57,22.783247080932348,150.0
2075000,57,22.780238027662566,150.0
2076000,57,22.77747291108745,150.0
2077000,57,22.774952387810046,150.0
2078000,57,22.772677162024763,150.0
2079000,57,22.770647988342972,150.0
2080000,57,22.768865670162356,150.0
2081000,57,22.767331059325436,150.0
2082000,57,22.76604506090026,150.0
2083000,57,22.765008625345647,150.0
2084000,57,22.76422275828335,150.0
2085000,57,22.7636885089716,150.0
2086000,57,22.763406982317704,150.0
2087000,57,22.763379329979472,150.0
2088000,57,22.763606753546945,150.0
2089000,57,22.764090503551632,150.0
2090000,57,22.76483187950469,150.0
2091000,57,22.765832225918892,150.0
2092000,57,22.76709294005353,150.0
2093000,57,22.768615458624716,150.0
2094000,58,23.335558033542032,150.0
2095000,58,23.326804298742147,150.0
2096000,58,23.318276635405,150.0
2097000,58,23.309974800848043,150.0
2098000,58,23.301898567769886,150.0
2099000,58,23.294047723260267,150.0
2100000,58,23.286422074845156,150.0
2101000,58,23.279021446514243,150.0
2102000,58,23.271845683757956,150.0
2103000,58,23.264894652391625,150.0
2104000,58,23.258168240595612,150.0
2105000,58,23.251666359909844,150.0
2106000,58,23.24538894542077,150.0
2107000,58,23.23933595817861,150.0
2108000,58,23.233507384736594,150.0
2109000,58,23.22790323948189,150.0
2110000,58,23.222523562920916,150.0
2111000,58,23.21736842706373,150.0
2112000,58,23.212437930170903,150.0
2113000,58,23.207732204452608,150.0
2114000,58,23.20325141096931,150.0
2115000,58,23.198995743173672,150.0
2116000,58,23.194965427141078,150.0
2117000,58,23.191160722536537,150.0
2118000,58,23.187581922527258,150.0
2119000,58,23.184229355649933,150.0
2120000,58,23.181103382924352,150.0
2121000,58,23.178204404032993,150.0
2122000,58,23.175532852329173,150.0
2123000,58,23.173089197271143,150.0
2124000,58,23.170873947381462,150.0
2125000,58,23.16888764579015,150.0
2126000,58,23.16713087362528,150.0
2127000,58,23.165604250126464,150.0
2128000,58,23.16430843001316,150.0
2129000,58,23.16324410778467,150.0
2130000,59,24.654832528010548,150.0
2131000,59,24.639496899309552,150.0
2132000,59,24.624505403134975,150.0
2133000,59,24.60985841531623,150.0
2134000,59,24.595556249372958,150.0
2135000,59,24.581599160485403,150.0
2136000,59,24.56798734862707,150.0
2137000,59,24.55472096120339,150.0
2138000,59,24.54180009670529,150.0
2139000,59,24.52922480570686,150.0
2140000,59,24.51699509694812,150.0
2141000,59,24.505110939565814,150.0
2142000,59,24.493572265231464,150.0
2143000,59,24.48237897191959,150.0
2144000,59,24.471530930442036,150.0
2145000,59,24.461027983215885,150.0
2146000,59,24.450869950119568,150.0
2147000,59,24.441056632328653,150.0
2148000,59,24.431587814989694,150.0
2149000,59,24.42246326973122,150.0
2150000,59,24.413682759809543,150.0
2151000,59,24.40524604315642,150.0
2152000,59,24.397152873470596,150.0
2153000,59,24.389403005835202,150.0
2154000,59,24.381996198615955,150.0
2155000,60,22.76456701562103,150.0
2156000,60,22.754682080333236,150.0
2157000,60,22.745063508677596,150.0
2158000,60,22.735709709639018,150.0
2159000,60,22.726619094561574,150.0
2160000,60,22.71779007768783,150.0
2161000,60,22.709221085042458,150.0
2162000,60,22.70091055147881,150.0
2163000,60,22.692856926019623,150.0
2164000,60,22.68505867709799,150.0
2165000,60,22.677514290302913,150.0
2166000,60,22.670222274097824,150.0
2167000,60,22.663181161704248,150.0
2168000,60,22.656389513363862,150.0
2169000,60,22.649845918681933,150.0
2170000,60,22.643548998845834,150.0
2171000,60,22.637497409474594,150.0
2172000,60,22.631689839667843,150.0
2173000,60,22.626125018718863,150.0
2174000,60,22.620801715009815,150.0
2175000,60,22.61571873653424,150.0
2176000,60,22.610874937075742,150.0
2177000,60,22.606269212588483,150.0
2178000,60,22.601900505625217,150.0
2179000,60,22.59776780809578,150.0
2180000,60,22.593870158902362,150.0
2181000,60,22.59020664760011,150.0
2182000,60,22.58677641566925,150.0
2183000,60,22.583578657322423,150.0
2184000,60,22.580612617930583,150.0
2185000,60,22.577877600088556,150.0
2186000,60,22.575372961554613,150.0
2187000,60,22.57309811396817,150.0
2188000,60,22.571052528957246,150.0
2189000,60,22.56923573345052,150.0
2190000,60,22.567647313341002,150.0
2191000,60,22.566286912992403,150.0
2192000,60,22.565154236469475,150.0
2193000,60,22.56424904719078,150.0
2194000,60,22.563571168783106,150.0
2195000,60,22.563120484965488,150.0
2196000,60,22.562896938200915,150.0
2197000,60,22.56290053500467,150.0
2198000,60,22.56313133945261,150.0
2199000,60,22.563589476228977,150.0
2200000,60,22.564275133646532,150.0
2201000,60,22.565188557057827,150.0
2202000,60,22.566330054418053,150.0
2203000,60,22.567699991266142,150.0
2204000,60,22.569298794898522,150.0
2205000,60,22.571126951861643,150.0
2206000,60,22.5731850061389,150.0
2207000,60,22.575473560677242,150.0
2208000,60,22.57799327572462,150.0
2209000,60,22.580744869614385,150.0
2210000,60,22.58372911544522,150.0
2211000,60,22.586946843474088,150.0
2212000,60,22.590398936535884,150.0
2213000,60,22.594086332389125,150.0
2214000,60,22.59801002046071,150.0
2215000,60,22.60217104172387,150.0
2216000,60,22.606570487200464,150.0
2217000,60,22.611209496218137,150.0
2218000,60,22.61608925725901,150.0
2219000,60,22.62121100156517,150.0
2220000,60,22.626576006969653,150.0
2221000,60,22.632185593323033,150.0
2222000,60,22.638041120089838,150.0
2223000,60,22.64414398790056,150.0
2224000,60,22.650495630804087,150.0
2225000,60,22.65709752123987,150.0
2226000,61,22.01524090446793,150.0
2227000,61,22.013932085620226,150.0
2228000,61,22.012742526482832,150.0
2229000,61,22.01167202169159,150.0
2230000,61,22.010720405160345,150.0
2231000,61,22.00988755010958,150.0
2232000,61,22.009173369101156,150.0
2233000,62,22.491108444818433,150.0
2234000,62,22.48231776157011,150.0
2235000,62,22.47380148192031,150.0
2236000,62,22.465557526936763,150.0
2237000,62,22.45758383227749,150.0
2238000,62,22.449878359882565,150.0
2239000,62,22.442439090927028,150.0
2240000,62,22.435264039755683,150.0
2241000,62,22.42835124909992,150.0
2242000,62,22.421698795607064,150.0
2243000,62,22.415304797629233,150.0
2244000,62,22.40916740895436,150.0
2245000,62,22.403284828970214,150.0
2246000,62,22.397655301973483,150.0
2247000,62,22.39227712034472,150.0
2248000,62,22.387148626181695,150.0
2249000,62,22.382268213784457,150.0
2250000,62,22.3776343329481,150.0
2251000,62,22.373245489892987,150.0
2252000,62,22.36910024654405,150.0
2253000,62,22.365197227679083,150.0
2254000,62,22.361535116323722,150.0
2255000,62,22.358112661012964,150.0
2256000,62,22.35492867084966,150.0
2257000,62,22.351982024534813,150.0
2258000,62,22.349271664172,150.0
2259000,62,22.34679660010409,150.0
2260000,62,22.344555910846736,150.0
2261000,62,22.342548743572614,150.0
2262000,62,22.340774318198285,150.0
2263000,62,22.339231920163037,150.0
2264000,62,22.33792091120237,150.0
2265000,62,22.336840721058007,150.0
2266000,62,22.335990854517863,150.0
2267000,62,22.33537088586857,150.0
2268000,62,22.334980465041177,150.0
2269000,62,22.334819311918224,150.0
2270000,62,22.334887223062957,150.0
2271000,62,22.335184062982062,150.0
2272000,62,22.335709773583368,150.0
2273000,62,22.33646436894034,150.0
2274000,62,22.33744793447709,150.0
2275000,62,22.33866062807408,150.0
2276000,62,22.340102682101577,150.0
2277000,62,22.341774398457936,150.0
2278000,62,22.34367615038458,150.0
2279000,62,22.345808383494415,150.0
2280000,62,22.34817161429404,150.0
2281000,62,22.35076642450692,150.0
2282000,62,22.353593469616413,150.0
2283000,62,22.356653470301623,150.0
2284000,62,22.359947214933662,150.0
2285000,62,22.36347555712095,150.0
2286000,62,22.36723941780566,150.0
2287000,62,22.371239779947924,150.0
2288000,62,22.375477687767717,150.0
2289000,62,22.379954249089025,150.0
2290000,62,22.38467063007801,150.0
2291000,62,22.389628055668286,150.0
2292000,62,22.3948278077405,150.0
2293000,62,22.400271221221168,150.0
2294000,62,22.405959686350773,150.0
2295000,62,22.411894642073744,150.0
2296000,62,22.418077578587965,150.0
2297000,62,22.424510031731685,150.0
2298000,62,22.431193580778004,150.0
2299000,63,21.86515040989923,150.0
2300000,63,21.864068697081237,150.0
2301000,63,21.863102986606343,150.0
2302000,63,21.862252975015583,150.0
2303000,63,21.861518405565896,150.0
2304000,63,21.86089906067224,150.0
2305000,63,21.860394767671373,150.0
2306000,63,21.860005395422238,150.0
2307000,63,21.859730855930433,150.0
2308000,63,21.85957110094051,150.0
2309000,63,21.859526126966017,150.0
2310000,63,21.859595971909858,150.0
2311000,63,21.859780716686874,150.0
2312000,63,21.860080482115166,150.0
2313000,63,21.860495432779935,150.0
2314000,64,22.828658135043966,150.0
2315000,64,22.818804560561723,150.0
2316000,64,22.809200816459615,150.0
2317000,64,22.799846222031693,150.0
2318000,64,22.79074011212879,150.0
2319000,64,22.78188183374035,150.0
2320000,64,22.773270751014504,150.0
2321000,64,22.76490624668651,150.0
2322000,64,22.75678772004086,150.0
2323000,64,22.748914595084393,150.0
2324000,64,22.741286319133643,150.0
2325000,64,22.733902362670904,150.0
2326000,64,22.72676222457119,150.0
2327000,64,22.71986543569248,150.0
2328000,64,22.7132115512052,150.0
2329000,64,22.70680016456583,150.0
2330000,64,22.700630899159037,150.0
2331000,64,22.6947034167079,150.0
2332000,64,22.689017413697524,150.0
2333000,64,22.683572624684665,150.0
2334000,64,22.678368826122025,150.0
2335000,64,22.673405835630046,150.0
2336000,64,22.668683510121433,150.0
2337000,64,22.664201754069836,150.0
2338000,64,22.659960512632182,150.0
2339000,64,22.655959782278373,150.0
2340000,64,22.652199602315356,150.0
2341000,64,22.648680063058844,150.0
2342000,64,22.64540130032681,150.0
2343000,64,22.64236350312198,150.0
2344000,64,22.63956691019233,150.0
2345000,64,22.63701181186774,150.0
2346000,64,22.634698550765414,150.0
2347000,64,22.63262752134149,150.0
2348000,64,22.630799175438643,150.0
2349000,64,22.62921401260713,150.0
2350000,64,22.627872592646664,150.0
2351000,64,22.626775527094825,150.0
2352000,64,22.625923483165455,150.0
2353000,64,22.625317183292243,150.0
2354000,64,22.624957405234653,150.0
2355000,64,22.624844981619685,150.0
2356000,64,22.624980801811823,150.0
2357000,64,22.625365808364837,150.0
2358000,64,22.626001000186456,150.0
2359000,64,22.626887431341224,150.0
2360000,64,22.628026206694777,150.0
2361000,64,22.629418487970703,150.0
2362000,64,22.631065488700187,150.0
2363000,64,22.632968474018696,150.0
2364000,64,22.63512876252328,150.0
2365000,64,22.637547720361958,150.0
2366000,64,22.640226762871425,150.0
2367000,64,22.64316735556871,150.0
2368000,64,22.6463710105953,150.0
2369000,64,22.649839282417634,150.0
2370000,64,22.653573770803945,150.0
2371000,64,22.657576118281582,150.0
2372000,64,22.661848005750162,150.0
2373000,64,22.66639115302131,150.0
2374000,65,23.46531063835992,150.0
2375000,65,23.45776660319598,150.0
2376000,65,23.450442667824973,150.0
2377000,65,23.443338934733983,150.0
2378000,65,23.43645552867493,150.0
2379000,65,23.429792596409015,150.0
2380000,65,23.423350305520245,150.0
2381000,65,23.417128849875432,150.0
2382000,65,23.411128447134853,150.0
2383000,65,23.40534933865373,150.0
2384000,65,23.399791794857627,150.0
2385000,65,23.39445611020431,150.0
2386000,65,23.389342607597033,150.0
2387000,65,23.38445163805806,150.0
2388000,65,23.37978358136406,150.0
2389000,66,24.98019541932519,150.0
2390000,66,24.96053090156818,150.0
2391000,66,24.941182804537814,150.0
2392000,66,24.922152430010176,150.0
2393000,66,24.90344102005833,150.0
2394000,66,24.885049752804147,150.0
2395000,66,24.866979746277867,150.0
2396000,66,24.84923205691741,150.0
2397000,66,24.831807682052215,150.0
2398000,66,24.814707560415243,150.0
2399000,66,24.797932574467925,150.0
2400000,66,24.78148354718644,150.0
2401000,66,24.765361251925565,150.0
2402000,66,24.749566403643076,150.0
2403000,66,24.73409967048353,150.0
2404000,66,24.718961668521523,150.0
2405000,66,24.70415296810356,150.0
2406000,66,24.68967409308488,150.0
2407000,66,24.67552552355583,150.0
2408000,66,24.661707700237642,150.0
2409000,66,24.648221024079863,150.0
2410000,66,24.635065860255533,150.0
2411000,66,24.622242541222544,150.0
2412000,66,24.60975136576912,150.0
2413000,66,24.59759260639374,150.0
2414000,66,24.585766509719097,150.0
2415000,66,24.57427329798044,150.0
2416000,66,24.563113173840996,150.0
2417000,66,24.552286321036327,150.0
2418000,66,24.54179291035827,150.0
2419000,66,24.531633099103043,150.0
2420000,66,24.521807034069052,150.0
2421000,66,24.512314856390827,150.0
2422000,66,24.503156703193635,150.0
2423000,66,24.494332708267866,150.0
2424000,66,24.485843008584855,150.0
2425000,66,24.477687743050417,150.0
2426000,66,24.469867056605846,150.0
2427000,66,24.462381102639988,150.0
2428000,67,22.894091917196963,150.0
2429000,67,22.88411228431359,150.0
2430000,67,22.874389599521106,150.0
2431000,67,22.864922610365465,150.0
2432000,67,22.85571006347638,150.0
2433000,67,22.846750714557164,150.0
2434000,67,22.83804332433583,150.0
2435000,67,22.82958666428175,150.0
2436000,67,22.821379520652506,150.0
2437000,67,22.813420692493416,150.0
2438000,67,22.805708996688235,150.0
2439000,67,22.798243269392785,150.0
2440000,67,22.791022368474277,150.0
2441000,67,22.78404517513195,150.0
2442000,67,22.777310597048707,150.0
2443000,67,22.770817566762663,150.0
2444000,67,22.7645650485882,150.0
2445000,67,22.758552037867645,150.0
2446000,67,22.75277756028467,150.0
2447000,67,22.74724067920811,150.0
2448000,67,22.741940491508036,150.0
2449000,67,22.736876131631853,150.0
2450000,67,22.73204677535953,150.0
2451000,67,22.727451636338586,150.0
2452000,67,22.723089970833875,150.0
2453000,67,22.718961077756333,150.0
2454000,67,22.715064301054625,150.0
2455000,67,22.711399027456615,150.0
2456000,67,22.70796469227255,150.0
2457000,67,22.704760778020823,150.0
2458000,67,22.70178681305191,150.0
2459000,67,22.6990423776743,150.0
2460000,67,22.696527100065214,150.0
2461000,67,22.69424065845092,150.0
2462000,67,22.692182784923936,150.0
2463000,67,22.69035326100246,150.0
2464000,67,22.688751922080144,150.0
2465000,67,22.687378654183135,150.0
2466000,67,22.686233398681935,150.0
2467000,67,22.68531615111587,150.0
2468000,67,22.684626958077626,150.0
2469000,67,22.684165923820377,150.0
2470000,67,22.683933204619628,150.0
2471000,67,22.683929011978,150.0
2472000,67,22.684153611950745,150.0
2473000,67,22.68460732513586,150.0
2474000,67,22.685290526598905,150.0
2475000,67,22.686203645489925,150.0
2476000,67,22.687347166479984,150.0
2477000,67,22.688721625738967,150.0
2478000,67,22.690327613949638,150.0
2479000,67,22.69216577588619,150.0
2480000,67,22.694236807661362,150.0
2481000,67,22.696541458506015,150.0
2482000,67,22.69908052708185,150.0
2483000,67,22.70185486472654,150.0
2484000,67,22.704865372362427,150.0
2485000,67,22.70811299955089,150.0
2486000,67,22.7115987437135,150.0
2487000,67,22.7153236493094,150.0
2488000,67,22.719288807680783,150.0
2489000,67,22.723495353654663,150.0
2490000,67,22.727944467060674,150.0
2491000,67,22.732637368276407,150.0
2492000,67,22.737575318896152,150.0
2493000,67,22.742759619558658,150.0
2494000,67,22.74819160829068,150.0
2495000,67,22.75387265875682,150.0
2496000,67,22.75980417897115,150.0
2497000,67,22.765987606752415,150.0
2498000,68,22.110965832609583,150.0
2499000,68,22.109260754957603,150.0
2500000,69,22.53479411717578,150.0
2501000,69,22.524944497542243,150.0
2502000,69,22.51537903461147,150.0
2503000,69,22.506095519057407,150.0
2504000,69,22.49709174532575,150.0
2505000,69,22.488365513726603,150.0
2506000,69,22.479914635126477,150.0
2507000,69,22.471736932018597,150.0
2508000,69,22.463830248255906,150.0
2509000,69,22.456192445690856,150.0
2510000,69,22.44882141572064,150.0
2511000,69,22.441715074828423,150.0
2512000,69,22.434871374918803,150.0
2513000,69,22.428288300231284,150.0
2514000,69,22.421963875509608,150.0
2515000,69,22.415896164769208,150.0
2516000,69,22.41008327729361,150.0
2517000,69,22.40452336782866,150.0
2518000,69,22.39921464146444,150.0
2519000,69,22.394155352449037,150.0
2520000,69,22.389343811153047,150.0
2521000,69,22.384778378831115,150.0
2522000,69,22.38045747790165,150.0
2523000,69,22.37637958871146,150.0
2524000,69,22.372543252268407,150.0
2525000,69,22.368947069607966,150.0
2526000,69,22.365589709869628,150.0
2527000,69,22.362469902521113,150.0
2528000,69,22.359586445550296,150.0
2529000,69,22.35693820298924,150.0
2530000,69,22.354524108748027,150.0
2531000,69,22.35234316408231,150.0
2532000,69,22.35039444008148,150.0
2533000,69,22.34867708033087,150.0
2534000,69,22.347190296763205,150.0
2535000,69,22.345933376060195,150.0
2536000,69,22.344905674835974,150.0
2537000,69,22.344106622291694,150.0
2538000,69,22.343535722092103,150.0
2539000,69,22.343192550639305,150.0
2540000,69,22.34307675583617,150.0
2541000,69,22.343188061505437,150.0
2542000,69,22.34352626201924,150.0
2543000,69,22.34409122719544,150.0
2544000,69,22.344882899979652,150.0
2545000,69,22.34590129484384,150.0
2546000,69,22.347146498959507,150.0
2547000,69,22.348618673278875,150.0
2548000,69,22.350318050579716,150.0
2549000,69,22.35224493384804,150.0
2550000,69,22.35439969694169,150.0
2551000,69,22.35678278611018,150.0
2552000,69,22.35939471519189,150.0
2553000,69,22.362236067594733,150.0
2554000,69,22.36530749344313,150.0
2555000,69,22.368609714047878,150.0
2556000,69,22.372143512862205,150.0
2557000,69,22.375909740437894,150.0
2558000,69,22.379909308686006,150.0
2559000,69,22.384143196218545,150.0
2560000,69,22.388612440587742,150.0
2561000,69,22.39331813977484,150.0
2562000,69,22.398261450585167,150.0
2563000,69,22.403443586739996,150.0
2564000,69,22.408865817877366,150.0
2565000,69,22.414529465415928,150.0
2566000,69,22.420435904835045,150.0
2567000,69,22.426586559576755,150.0
2568000,69,22.43298290133721,150.0
2569000,69,22.439626447302164,150.0
2570000,69,22.44651875712814,150.0
2571000,70,21.860953580262745,150.0
2572000,70,21.860038143632,150.0
2573000,70,21.859237300400476,150.0
2574000,70,21.858550776893647,150.0
2575000,70,21.857978343329737,150.0
2576000,70,21.85751981474254,150.0
2577000,70,21.85717504375688,150.0
2578000,70,21.856943928275665,150.0
2579000,70,21.856826408406484,150.0
2580000,70,21.85682246395236,150.0
2581000,70,21.856932119204693,150.0
2582000,70,21.857155439702492,150.0
2583000,70,21.857492533828438,150.0
2584000,70,21.857943548870903,150.0
2585000,70,21.858508678890075,150.0
2586000,71,22.679177720346143,150.0
2587000,71,22.670191872156714,150.0
2588000,71,22.661461218015994,150.0
2589000,71,22.65298472636521,150.0
2590000,71,22.64476137699803,150.0
2591000,71,22.636790172989837,150.0
2592000,71,22.629070138512787,150.0
2593000,71,22.621600321048206,150.0
2594000,71,22.614379797326905,150.0
2595000,71,22.60740766884237,150.0
2596000,71,22.60068307051053,150.0
2597000,71,22.594205168873035,150.0
2598000,71,22.587973165721216,150.0
2599000,71,22.581986295978158,150.0
2600000,71,22.57624383861241,150.0
2601000,71,22.57074510561326,150.0
2602000,71,22.5654894563859,150.0
2603000,71,22.560476290274366,150.0
2604000,71,22.55570505202603,150.0
2605000,71,22.551175231524567,150.0
2606000,71,22.546886369132675,150.0
2607000,71,22.542838050107562,150.0
2608000,71,22.53902991277945,150.0
2609000,71,22.535461646500337,150.0
2610000,71,22.532132990911375,150.0
2611000,71,22.529043741974586,150.0
2612000,71,22.526193747299143,150.0
2613000,71,22.523582911678876,150.0
2614000,71,22.52121119707186,150.0
2615000,71,22.51907861911981,150.0
2616000,71,22.51718525422371,150.0
2617000,71,22.515531236141378,150.0
2618000,71,22.514116757564835,150.0
2619000,71,22.512942070251047,150.0
2620000,71,22.512007486867397,150.0
2621000,71,22.51131337883777,150.0
2622000,71,22.510860180140483,150.0
2623000,71,22.510648381949864,150.0
2624000,71,22.510678539264656,150.0
2625000,71,22.510951266821525,150.0
2626000,71,22.511467240058785,150.0
2627000,71,22.512227195596566,150.0
2628000,71,22.513231928495216,150.0
2629000,71,22.514482295261868,150.0
2630000,71,22.515979213229283,150.0
2631000,71,22.5177236552426,150.0
2632000,71,22.519716655707814,150.0
2633000,71,22.52195930675536,150.0
2634000,71,22.524452754852657,150.0
2635000,71,22.527198203819708,150.0
2636000,71,22.53019691367864,150.0
2637000,71,22.533450195434714,150.0
2638000,71,22.53695941632494,150.0
2639000,71,22.540725992092685,150.0
2640000,71,22.54475138642299,150.0
2641000,71,22.549037116315944,150.0
2642000,71,22.553584738585876,150.0
2643000,71,22.558395859650552,150.0
2644000,71,22.563472126610115,150.0
2645000,71,22.568815224546462,150.0
2646000,72,22.06017967717934,150.0
2647000,72,22.057793576081497,150.0
2648000,72,22.055535499296415,150.0
2649000,72,22.05340511931371,150.0
2650000,72,22.051402150457864,150.0
2651000,72,22.04952634264713,150.0
2652000,73,23.567077327923293,150.0
2653000,73,23.55299610510996,150.0
2654000,73,23.539138639519145,150.0
2655000,73,23.525505140731976,150.0
2656000,73,23.512095819646706,150.0
2657000,73,23.498910889569945,150.0
2658000,73,23.485950561480276,150.0
2659000,73,23.473215050891167,150.0
2660000,73,23.460704575273386,150.0
2661000,73,23.448419357022356,150.0
2662000,73,23.43635962482978,150.0
2663000,73,23.424525615292005,150.0
2664000,73,23.412917569546938,150.0
2665000,73,23.401535739806935,150.0
2666000,73,23.390380388488026,150.0
2667000,73,23.379451788821846,150.0
2668000,73,23.36875022639191,150.0
2669000,73,23.35827600025953,150.0
2670000,73,23.34802942295568,150.0
2671000,73,23.338010825699847,150.0
2672000,73,23.32822055452444,150.0
2673000,73,23.318658972059914,150.0
2674000,73,23.309326463435717,150.0
2675000,73,23.300223430794837,150.0
2676000,73,23.291350299097836,150.0
2677000,73,23.282707517106463,150.0
2678000,73,23.274295553053705,150.0
2679000,73,23.266114903123356,150.0
2680000,73,23.258166087851457,150.0
2681000,73,23.250449654308195,150.0
2682000,74,24.756996910609995,150.0
2683000,74,24.743895231295507,150.0
2684000,74,24.731111835812126,150.0
2685000,74,24.718647287330633,150.0
2686000,74,24.70650213041206,150.0
2687000,74,24.69467689607513,150.0
2688000,74,24.68317210531504,150.0
2689000,74,24.67198826783608,150.0
2690000,74,24.661125885186628,150.0
2691000,74,24.65058545480789,150.0
2692000,74,24.64036746991508,150.0
2693000,74,24.630472422269385,150.0
2694000,74,24.6209008038393,150.0
2695000,74,24.61165311033801,150.0
2696000,74,24.602729841031387,150.0
2697000,74,24.594131503448015,150.0
2698000,74,24.585858611287314,150.0
2699000,74,24.577911690235794,150.0
2700000,75,23.055796148620605,150.0
2701000,75,23.04539024369713,150.0
2702000,75,23.03523278223061,150.0
2703000,75,23.025322840466995,150.0
2704000,75,23.01565949426403,150.0
2705000,75,23.006241821907278,150.0
2706000,75,22.99706891040268,150.0
2707000,75,22.98813985094804,150.0
2708000,75,22.979453745292933,150.0
2709000,75,22.971009705914394,150.0
2710000,75,22.962806859135178,150.0
2711000,75,22.954844345778557,150.0
2712000,75,22.947121323666472,150.0
2713000,75,22.93963696921785,150.0
2714000,75,22.93239047999376,150.0
2715000,75,22.92538107321061,150.0
2716000,75,22.91860799185811,150.0
2717000,75,22.91207050456931,150.0
2718000,75,22.905767904810826,150.0
2719000,75,22.899699514424675,150.0
2720000,75,22.893864687428486,150.0
2721000,75,22.888262806320075,150.0
2722000,75,22.88289328707835,150.0
2723000,75,22.877755579190733,150.0
2724000,75,22.872849167275938,150.0
2725000,75,22.868173571972864,150.0
2726000,75,22.86372835124939,150.0
2727000,75,22.859513102172347,150.0
2728000,75,22.855527458909233,150.0
2729000,75,22.85177109829528,150.0
2730000,75,22.848243738456432,150.0
2731000,75,22.844945138143927,150.0
2732000,75,22.841875099860946,150.0
2733000,75,22.839033469103576,150.0
2734000,75,22.83642013808663,150.0
2735000,75,22.834035042616577,150.0
2736000,75,22.831878162662008,150.0
2737000,75,22.829949526825846,150.0
2738000,75,22.828249209747792,150.0
2739000,75,22.826777333732515,150.0
2740000,75,22.825534067438152,150.0
2741000,75,22.82451962735441,150.0
2742000,75,22.823734280167916,150.0
2743000,75,22.82317833910683,150.0
2744000,75,22.822852166291984,150.0
2745000,75,22.82275617310381,150.0
2746000,75,22.822890817696862,150.0
2747000,75,22.823256608776322,150.0
2748000,75,22.82385410365076,150.0
2749000,75,22.824683906076558,150.0
2750000,75,22.82574666817686,150.0
2751000,75,22.827043092201578,150.0
2752000,75,22.82857392590199,150.0
2753000,75,22.83033996280894,150.0
2754000,75,22.832342044648154,150.0
2755000,75,22.834581059310587,150.0
2756000,75,22.837057937911023,150.0
2757000,75,22.839773657889506,150.0
2758000,75,22.84272923893562,150.0
2759000,75,22.845925743815858,150.0
2760000,75,22.84936427755245,150.0
2761000,75,22.853045983891075,150.0
2762000,75,22.85697204842169,150.0
2763000,75,22.86114369220836,150.0
2764000,75,22.865562176261225,150.0
2765000,75,22.870228794426026,150.0
2766000,76,24.355923056542427,150.0
2767000,76,24.347429091434105,150.0
2768000,76,24.339294768700533,150.0
2769000,76,24.331519188905013,150.0
2770000,76,24.32410144155792,150.0
2771000,77,22.581282664465665,150.0
2772000,77,22.571285065461655,150.0
2773000,77,22.561570413382967,150.0
2774000,77,22.55213656900355,150.0
2775000,77,22.542981392220515,150.0
2776000,77,22.534102746836723,150.0
2777000,77,22.525498502000545,150.0
2778000,77,22.517166541333115,150.0
2779000,77,22.509104760240078,150.0
2780000,77,22.5013110760226,150.0
2781000,77,22.493783425576428,150.0
2782000,77,22.486519774640588,150.0
2783000,77,22.479518115502724,150.0
2784000,77,22.4727764726337,150.0
2785000,77,22.466292907804934,150.0
2786000,77,22.460065519310362,150.0
2787000,77,22.45409244564593,150.0
2788000,77,22.44837186960163,150.0
2789000,77,22.44290201935037,150.0
2790000,77,22.437681171517223,150.0
2791000,77,22.432707651222348,150.0
2792000,77,22.42797983827954,150.0
2793000,77,22.42349616547659,150.0
2794000,77,22.41925512030381,150.0
2795000,77,22.415255250271734,150.0
2796000,77,22.411495160911933,150.0
2797000,77,22.40797351675505,150.0
2798000,77,22.40468904834221,150.0
2799000,77,22.40164054535816,150.0
2800000,77,22.398826863906674,150.0
2801000,77,22.396246924593125,150.0
2802000,77,22.3938997156966,150.0
2803000,77,22.39178429208486,150.0
2804000,77,22.38989977423008,150.0
2805000,77,22.388245355196872,150.0
2806000,77,22.38682029373794,150.0
2807000,77,22.385623921332336,150.0
2808000,77,22.384655637321494,150.0
2809000,77,22.383914911543297,150.0
2810000,77,22.383401286315948,150.0
2811000,77,22.383114374209004,150.0
2812000,77,22.38305385833505,150.0
2813000,77,22.383219492832815,150.0
2814000,77,22.383611103121606,150.0
2815000,77,22.38422858724932,150.0
2816000,77,22.385071911545666,150.0
2817000,77,22.38614111539237,150.0
2818000,77,22.387436308129644,150.0
2819000,77,22.388957668315378,150.0
2820000,77,22.390705444207004,150.0
2821000,77,22.392679954982775,150.0
2822000,77,22.394881586967692,150.0
2823000,77,22.3973107942191,150.0
2824000,77,22.399968100366703,150.0
2825000,77,22.40285409367004,150.0
2826000,77,22.405969428906978,150.0
2827000,77,22.409314825799086,150.0
2828000,77,22.41289106803673,150.0
2829000,77,22.416699001635077,150.0
2830000,77,22.420739536827824,150.0
2831000,77,22.42501364013027,150.0
2832000,77,22.42952234229598,150.0
2833000,77,22.43426672767369,150.0
2834000,77,22.43924793952083,150.0
2835000,77,22.44446717538712,150.0
2836000,77,22.4499256866705,150.0
2837000,77,22.455624774495366,150.0
2838000,77,22.46156579204597,150.0
2839000,77,22.46775013848013,150.0
2840000,77,22.474179259271963,150.0
2841000,77,22.480854643484513,150.0
2842000,77,22.487777821441547,150.0
2843000,78,21.88407858860871,150.0
2844000,78,21.883168334338887,150.0
2845000,78,21.88237285082031,150.0
2846000,78,21.881691884576487,150.0
2847000,78,21.88112522665003,150.0
2848000,78,21.880672707255872,150.0
2849000,78,21.880334200331774,150.0
2850000,78,21.880109620837196,150.0
2851000,78,21.879998925369836,150.0
2852000,78,21.8800021121328,150.0
2853000,78,21.88011922091434,150.0
2854000,78,21.880350333888952,150.0
2855000,78,21.880695572395133,150.0
2856000,78,21.88115510260159,150.0
2857000,79,22.570111059970966,150.0
2858000,79,22.561693276999648,150.0
2859000,79,22.553535520479876,150.0
2860000,79,22.545636391588634,150.0
2861000,79,22.53799451062059,150.0
2862000,79,22.530608526191802,150.0
2863000,79,22.523477111116197,150.0
2864000,79,22.516598970016368,150.0
2865000,79,22.509972842241982,150.0
2866000,79,22.50359749635639,150.0
2867000,79,22.497471743623482,150.0
2868000,79,22.491594430173322,150.0
2869000,79,22.485964446672853,150.0
2870000,79,22.480580723746883,150.0
2871000,79,22.47544223931802,150.0
2872000,79,22.47054801807999,150.0
2873000,79,22.465897130796947,150.0
2874000,79,22.461488700885486,150.0
2875000,79,22.457321901760537,150.0
2876000,79,22.453395962161007,150.0
2877000,79,22.449710163040994,150.0
2878000,79,22.44626384257722,150.0
2879000,79,22.44305639277126,150.0
2880000,79,22.44008726866593,150.0
2881000,79,22.437355980017813,150.0
2882000,79,22.434862100161478,150.0
2883000,79,22.432605261066133,150.0
2884000,79,22.430585156534555,150.0
2885000,79,22.42880154505782,150.0
2886000,79,22.42725424528004,150.0
2887000,79,22.425943143194782,150.0
2888000,79,22.424868185377676,150.0
2889000,79,22.424029386002555,150.0
2890000,79,22.423426825086406,150.0
2891000,79,22.423060643186837,150.0
2892000,79,22.422931051133194,150.0
2893000,79,22.423038325417632,150.0
2894000,79,22.423382806208508,150.0
2895000,79,22.423964899495726,150.0
2896000,79,22.42478507988388,150.0
2897000,79,22.4258438836832,150.0
2898000,79,22.427141915375728,150.0
2899000,79,22.428679844052777,150.0
2900000,79,22.430458401393985,150.0
2901000,79,22.432478385593797,150.0
2902000,79,22.434740656301347,150.0
2903000,79,22.437246136446944,150.0
2904000,79,22.439995809824165,150.0
2905000,79,22.442990724687622,150.0
2906000,79,22.446231983508433,150.0
2907000,79,22.449720752905183,150.0
2908000,79,22.453458255313574,150.0
2909000,79,22.457445767094125,150.0
2910000,79,22.461684622394692,150.0
2911000,79,22.466176207667218,150.0
2912000,79,22.470921961531474,150.0
2913000,79,22.475923371316732,150.0
2914000,79,22.481181971305244,150.0
2915000,79,22.48669934625235,150.0
2916000,79,22.492477119559037,150.0
2917000,79,22.49851695899101,150.0
2918000,80,21.96679604843586,150.0
2919000,80,21.9650176129073,150.0
2920000,80,21.963362319985535,150.0
2921000,80,21.96182986016116,150.0
2922000,80,21.96041996439677,150.0
2923000,80,21.95913240440007,150.0
2924000,80,21.957966992674436,150.0
2925000,80,21.95692358257521,150.0
2926000,80,21.956002068379213,150.0
2927000,80,21.955202385356195,150.0
2928000,81,23.28128122933968,150.0
2929000,81,23.268811799553603,150.0
2930000,81,23.25657633566146,150.0
2931000,81,23.24457481343999,150.0
2932000,81,23.232807211271805,150.0
2933000,81,23.221273509960582,150.0
2934000,81,23.209973695668065,150.0
2935000,81,23.198907762891007,150.0
2936000,81,23.188075711758337,150.0
2937000,81,23.177477550524547,150.0
2938000,81,23.167113302361866,150.0
2939000,81,23.156983000224695,150.0
2940000,81,23.147086687790484,150.0
2941000,81,23.137424426684674,150.0
2942000,81,23.127996293033032,150.0
2943000,81,23.11880238150264,150.0
2944000,81,23.109842803107014,150.0
2945000,81,23.101117693285055,150.0
2946000,81,23.092627202185735,150.0
2947000,81,23.084371508665562,150.0
2948000,81,23.0763508103873,150.0
2949000,81,23.068565336239505,150.0
2950000,81,23.06101533596217,150.0
2951000,81,23.053701087478455,150.0
2952000,81,23.04662289967779,150.0
2953000,81,23.039781110154767,150.0
2954000,81,23.03317608747545,150.0
2955000,81,23.026808232271097,150.0
2956000,81,23.020677977808297,150.0
2957000,81,23.014785793004883,150.0
2958000,81,23.009132179949248,150.0
2959000,81,23.00371767886808,150.0
2960000,81,22.998542864984998,150.0
2961000,81,22.993608352984,150.0
2962000,81,22.98891479462455,150.0
2963000,81,22.98446288470172,150.0
2964000,81,22.980253355419478,150.0
2965000,81,22.97628697807717,150.0
2966000,81,22.972564569782584,150.0
2967000,81,22.969086989808716,150.0
2968000,81,22.965855135384093,150.0
2969000,81,22.962869950428995,150.0
2970000,81,22.960132421835063,150.0
2971000,82,24.71661239469138,150.0
2972000,82,24.708515441505153,150.0
2973000,83,23.224177642378763,150.0
2974000,83,23.213553167875013,150.0
2975000,83,23.203167680396632,150.0
2976000,83,23.193020554449863,150.0
2977000,83,23.183111170465832,150.0
2978000,83,23.173438910494053,150.0
2979000,83,23.164003162126626,150.0
2980000,83,23.154803321203563,150.0
2981000,83,23.145838791512848,150.0
2982000,83,23.137108987458927,150.0
2983000,83,23.128613335347023,150.0
2984000,83,23.120351275135242,150.0
2985000,83,23.112322261882515,150.0
2986000,83,23.104525765472545,150.0
2987000,83,23.096961275480812,150.0
2988000,83,23.089628300971107,150.0
2989000,83,23.082526369242,150.0
2990000,83,23.075655032855714,150.0
2991000,83,23.069013865438613,150.0
2992000,83,23.06260246572255,150.0
2993000,83,23.056420457685604,150.0
2994000,83,23.05046749464339,150.0
2995000,83,23.044743256279148,150.0
2996000,83,23.039247452478815,150.0
2997000,83,23.033979821757985,150.0
2998000,83,23.028940136491105,150.0
2999000,83,23.024128200610306,150.0
3000000,83,23.019543852371008,150.0
3001000,83,23.01518696316811,150.0
3002000,83,23.011057439504942,150.0
3003000,83,23.007155226499872,150.0
3004000,83,23.00348030379577,150.0
3005000,83,23.00003268971633,150.0
3006000,83,22.9968124410046,150.0
3007000,83,22.99381965345021,150.0
3008000,83,22.99105446261986,150.0
3009000,83,22.988517045118094,150.0
3010000,83,22.986207616166276,150.0
3011000,83,22.98412643521419,150.0
3012000,83,22.982273800508224,150.0
3013000,83,22.980650055247086,150.0
3014000,83,22.979255582927227,150.0
3015000,83,22.978090810318136,150.0
3016000,83,22.977156207136833,150.0
3017000,83,22.9764522860804,150.0
3018000,83,22.975979603635324,150.0
3019000,83,22.975738757336867,150.0
3020000,83,22.975730390581397,150.0
3021000,83,22.975955187618812,150.0
3022000,83,22.97641387581225,150.0
3023000,83,22.97710722749253,150.0
3024000,83,22.978036053673165,150.0
3025000,83,22.979201209631114,150.0
3026000,83,22.980603591824618,150.0
3027000,83,22.982244138301027,150.0
3028000,83,22.98412382628727,150.0
3029000,83,22.9862436734859,150.0
3030000,84,24.449073473854316,150.0
3031000,84,24.437572728967428,150.0
3032000,84,24.426429914949903,150.0
3033000,84,24.415644581324532,150.0
3034000,84,24.40521623741877,150.0
3035000,84,24.3951443589191,150.0
3036000,84,24.385428391730922,150.0
3037000,84,24.376067756533757,150.0
3038000,84,24.36706185100632,150.0
3039000,84,24.35841005756386,150.0
3040000,84,24.3501117434034,150.0
3041000,84,24.342166268446707,150.0
3042000,84,24.33457298589369,150.0
3043000,84,24.327331247899647,150.0
3044000,85,22.645910519260028,150.0
3045000,85,22.636132960829606,150.0
3046000,85,22.626630763853054,150.0
3047000,85,22.617401996764787,150.0
3048000,85,22.608444728343425,150.0
3049000,85,22.599757035811475,150.0
3050000,85,22.59133700660879,150.0
3051000,85,22.583182738889032,150.0
3052000,85,22.575292350712992,150.0
3053000,85,22.567663978006703,150.0
3054000,85,22.560295779953233,150.0
3055000,85,22.553185941429255,150.0
3056000,85,22.546332678562955,150.0
3057000,85,22.53973423667009,150.0
3058000,85,22.53338889600532,150.0
3059000,85,22.527294974072095,150.0
3060000,85,22.521450827652995,150.0
3061000,85,22.515854854958423,150.0
3062000,85,22.510505496835798,150.0
3063000,85,22.505401241419797,150.0
3064000,85,22.500540624504755,150.0
3065000,85,22.495922229519568,150.0
3066000,85,22.49154469441205,150.0
3067000,85,22.487406705986093,150.0
3068000,85,22.483507009175284,150.0
3069000,85,22.479844402960204,150.0
3070000,85,22.476417743089062,150.0
3071000,85,22.4732259449018,150.0
3072000,85,22.470267982010643,150.0
3073000,85,22.46754288952211,150.0
3074000,85,22.46504976374675,150.0
3075000,85,22.462787763802016,150.0
3076000,85,22.46075611070545,150.0
3077000,85,22.45895409140009,150.0
3078000,85,22.457381054257905,150.0
3079000,85,22.45603641647572,150.0
3080000,85,22.45491965816258,150.0
3081000,85,22.454030326134763,150.0
3082000,85,22.453368033487774,150.0
3083000,85,22.452932459862403,150.0
3084000,85,22.45272335122784,150.0
3085000,85,22.452740522354237,150.0
3086000,85,22.45298385112661,150.0
3087000,85,22.45345328646896,150.0
3088000,85,22.454148841562397,150.0
3089000,85,22.455070596302267,150.0
3090000,85,22.45621869919694,150.0
3091000,85,22.457593362838665,150.0
3092000,85,22.4591948670964,150.0
3093000,85,22.461023554765152,150.0
3094000,85,22.46307983708434,150.0
3095000,85,22.465364187887406,150.0
3096000,85,22.467877145328846,150.0
3097000,85,22.47061930885847,150.0
3098000,85,22.473591343726852,150.0
3099000,85,22.476793974923467,150.0
3100000,85,22.480227986794514,150.0
3101000,85,22.48389422533063,150.0
3102000,85,22.487793595107913,150.0
3103000,85,22.491927055750836,150.0
3104000,85,22.496295627188402,150.0
3105000,85,22.500900380356082,150.0
3106000,85,22.50574244302452,150.0
3107000,85,22.51082299112285,150.0
3108000,85,22.51614325446399,150.0
3109000,85,22.521704511675825,150.0
3110000,85,22.527508085660678,150.0
3111000,85,22.5335553467292,150.0
3112000,85,22.539847707923293,150.0
3113000,85,22.546386623497902,150.0
3114000,85,22.553173587324597,150.0
3115000,86,21.93283754783155,150.0
3116000,86,21.931781729369384,150.0
3117000,86,21.930842267724262,150.0
3118000,86,21.930018922730774,150.0
3119000,86,21.9293114968273,150.0
3120000,86,21.928719831029944,150.0
3121000,86,21.928243809470047,150.0
3122000,86,21.927883354773424,150.0
3123000,86,21.927638432091623,150.0
3124000,86,21.9275090482014,150.0
3125000,86,21.92749524645104,150.0
3126000,87,22.5118645954172,150.0
3127000,87,22.50337831628327,150.0
3128000,87,22.49515900046725,150.0
3129000,87,22.487204879954646,150.0
3130000,87,22.479514207303065,150.0
3131000,87,22.47208526019781,150.0
3132000,87,22.464916343853712,150.0
3133000,87,22.45800579424848,150.0
3134000,87,22.451351980816586,150.0
3135000,87,22.444953308354627,150.0
3136000,87,22.4388082218317,150.0
3137000,87,22.432915207344138,150.0
3138000,87,22.42727279212808,150.0
3139000,87,22.421879550576712,150.0
3140000,87,22.41673410716992,150.0
3141000,87,22.411835130694485,150.0
3142000,87,22.407181347026647,150.0
3143000,87,22.40277153230086,150.0
3144000,87,22.398604518568465,150.0
3145000,87,22.394679193778575,150.0
3146000,87,22.39099450551255,150.0
3147000,87,22.38754946102353,150.0
3148000,87,22.38434312592283,150.0
3149000,87,22.38137463027729,150.0
3150000,87,22.378643167222243,150.0
3151000,87,22.376147991817337,150.0
3152000,87,22.373888426442345,150.0
3153000,87,22.371863858565234,150.0
3154000,87,22.370073742663482,150.0
3155000,87,22.36851760018317,150.0
3156000,87,22.36719502173551,150.0
3157000,87,22.366105663812796,150.0
3158000,87,22.36524925441238,150.0
3159000,87,22.364625589179262,150.0
3160000,87,22.364234535966325,150.0
3161000,87,22.364076029932544,150.0
3162000,87,22.364150076931317,150.0
3163000,87,22.364456753415197,150.0
3164000,87,22.364996205228863,150.0
3165000,87,22.36576864875431,150.0
3166000,87,22.366774370055392,150.0
3167000,87,22.368013724821616,150.0
3168000,87,22.36948713806328,150.0
3169000,87,22.37119510372532,150.0
3170000,87,22.373138183985628,150.0
3171000,87,22.37531700964719,150.0
3172000,87,22.37773227786335,150.0
3173000,87,22.38038475308457,150.0
3174000,87,22.38327526620211,150.0
3175000,87,22.38640471031444,150.0
3176000,87,22.389774045114304,150.0
3177000,87,22.393384292846022,150.0
3178000,87,22.397236535592516,150.0
3179000,87,22.401331918270703,150.0
3180000,87,22.405671642101957,150.0
3181000,87,22.41025696919459,150.0
3182000,87,22.415089214012188,150.0
3183000,87,22.420169749513793,150.0
3184000,87,22.42549999580055,150.0
3185000,87,22.431081429479754,150.0
3186000,87,22.436915570360625,150.0
3187000,87,22.443003987975285,150.0
3188000,87,22.449348295085745,150.0
3189000,88,21.903506587791096,150.0
3190000,88,21.90209535577043,150.0
3191000,88,21.900803375465358,150.0
3192000,88,21.899630327323003,150.0
3193000,88,21.898575930471566,150.0
3194000,88,21.89763994954207,150.0
3195000,88,21.896822188297374,150.0
3196000,88,21.89612249239117,150.0
3197000,88,21.895540752159196,150.0
3198000,88,21.895076896112258,150.0
3199000,88,21.89473089746903,150.0
3200000,88,21.89450277215941,150.0
3201000,88,21.89439257299617,150.0
3202000,89,23.04909187194576,150.0
3203000,89,23.037888166560666,150.0
3204000,89,23.02692687851201,150.0
3205000,89,23.016207701312492,150.0
3206000,89,23.00573032701797,150.0
3207000,89,22.995494461183007,150.0
3208000,89,22.985499815133693,150.0
3209000,89,22.975746111667533,150.0
3210000,89,22.966233084162724,150.0
3211000,89,22.95696048433884,150.0
3212000,89,22.94792807735148,150.0
3213000,89,22.939135643869847,150.0
3214000,89,22.930582983329312,150.0
3215000,89,22.92226991990994,150.0
3216000,89,22.91419629578563,150.0
3217000,89,22.906361977291454,150.0
3218000,89,22.898766855731964,150.0
3219000,89,22.891410850615465,150.0
3220000,89,22.88429390716246,150.0
3221000,89,22.877415999872685,150.0
3222000,89,22.87077713598822,150.0
3223000,89,22.864377351513298,150.0
3224000,89,22.858216718640854,150.0
3225000,89,22.852295344124805,150.0
3226000,89,22.846613367169645,150.0
3227000,89,22.841170966836312,150.0
3228000,89,22.835968360494025,150.0
3229000,89,22.8310058041027,150.0
3230000,89,22.826283591195672,150.0
3231000,89,22.821802062631768,150.0
3232000,89,22.817561595027943,150.0
3233000,89,22.813562612199853,150.0
3234000,89,22.80980558085846,150.0
3235000,89,22.806291011405047,150.0
3236000,89,22.803019463201927,150.0
3237000,89,22.799991539106458,150.0
3238000,89,22.79720788694534,150.0
3239000,89,22.794669206784977,150.0
3240000,89,22.792376242983668,150.0
3241000,89,22.7903297907435,150.0
3242000,89,22.788530692119057,150.0
3243000,89,22.786979838771384,150.0
3244000,89,22.78567817214495,150.0
3245000,89,22.784626680049808,150.0
3246000,89,22.783826404877296,150.0
3247000,89,22.783278433686952,150.0
3248000,89,22.782983904965242,150.0
3249000,89,22.782944006697395,150.0
3250000,89,22.78315997198057,150.0
3251000,89,22.783633084353305,150.0
3252000,89,22.784364677811254,150.0
3253000,89,22.785356128190557,150.0
3254000,89,22.78660886085703,150.0
3255000,90,23.31572901282103,150.0
3256000,90,23.306915988098268,150.0
3257000,90,23.298329980684688,150.0
3258000,90,23.289970709871398,150.0
3259000,90,23.2818379099341,150.0
3260000,90,23.273931329167258,150.0
3261000,90,23.266250735990592,150.0
3262000,90,23.258795914992305,150.0
3263000,90,23.25156667119657,150.0
3264000,90,23.244562832142087,150.0
3265000,90,23.2377842451353,150.0
3266000,90,23.23123078148581,150.0
3267000,90,23.224902335938364,150.0
3268000,90,23.21879882909252,150.0
3269000,90,23.2129202077822,150.0
3270000,90,23.207266443531125,150.0
3271000,90,23.201837538637456,150.0
3272000,90,23.19663352383639,150.0
3273000,90,23.191654457711135,150.0
3274000,90,23.186900429826398,150.0
3275000,90,23.182371563290232,150.0
3276000,90,23.178068010701743,150.0
3277000,90,23.173989958220144,150.0
3278000,90,23.170137625781653,150.0
3279000,90,23.166511267064543,150.0
3280000,90,23.163111170630707,150.0
3281000,90,23.15993766075428,150.0
3282000,90,23.1569910955389,150.0
3283000,90,23.154271872213513,150.0
3284000,90,23.151780422336614,150.0
3285000,90,23.149517215266652,150.0
3286000,90,23.147482757174114,150.0
3287000,90,23.14567759456345,150.0
3288000,90,23.14410230763283,150.0
3289000,90,23.142757517502872,150.0
3290000,90,23.141643882724246,150.0
3291000,90,23.140762100873427,150.0
3292000,90,23.140112906396865,150.0
3293000,91,24.623309023443564,150.0
3294000,91,24.608480002689234,150.0
3295000,91,24.593997492773493,150.0
3296000,91,24.579861755841602,150.0
3297000,91,24.566072994067117,150.0
3298000,91,24.5526313545244,150.0
3299000,91,24.539536930623548,150.0
3300000,91,24.52678976540611,150.0
3301000,91,24.514389856797273,150.0
3302000,91,24.50233715696515,150.0
3303000,91,24.490631580957047,150.0
3304000,91,24.47927300505885,150.0
3305000,91,24.468261273412896,150.0
3306000,91,24.45759620190178,150.0
3307000,91,24.447277579171953,150.0
3308000,91,24.43730517166246,150.0
3309000,91,24.42767872813887,150.0
3310000,91,24.418397979985347,150.0
3311000,91,24.409462648537502,150.0
3312000,91,24.400872446769377,150.0
3313000,91,24.392627081213107,150.0
3314000,91,24.384726256987598,150.0
3315000,91,24.377169681919323,150.0
3316000,92,22.754207360849268,150.0
3317000,92,22.74420628747286,150.0
3318000,92,22.734473505506113,150.0
3319000,92,22.725007379039294,150.0
3320000,92,22.71580627645431,150.0
3321000,92,22.706868566694375,150.0
3322000,92,22.698192629221012,150.0
3323000,92,22.689776850235845,150.0
3324000,92,22.681619632313453,150.0
3325000,92,22.67371939140509,150.0
3326000,92,22.66607456223653,150.0
3327000,92,22.658683603202675,150.0
3328000,92,22.65154499424425,150.0
3329000,92,22.644657242500607,150.0
3330000,92,22.63801888391134,150.0
3331000,92,22.631628485519997,150.0
3332000,92,22.62548464839282,150.0
3333000,92,22.6195860068858,150.0
3334000,92,22.613931234833007,150.0
3335000,92,22.6085190457741,150.0
3336000,92,22.603348191935304,150.0
3337000,92,22.598417471598626,150.0
3338000,92,22.593725724903084,150.0
3339000,92,22.589271840795735,150.0
3340000,92,22.58505475397388,150.0
3341000,92,22.581073448877877,150.0
3342000,92,22.57732696035329,150.0
3343000,92,22.573814374890873,150.0
3344000,92,22.57053483156684,150.0
3345000,92,22.567487523950195,150.0
3346000,92,22.564671700414607,150.0
3347000,92,22.56208666344016,150.0
3348000,92,22.559731775024716,150.0
3349000,92,22.557606451504093,150.0
3350000,92,22.55571017038761,150.0
3351000,92,22.554042465376373,150.0
3352000,92,22.552602931024254,150.0
3353000,92,22.551391220636447,150.0
3354000,92,22.55040704853735,150.0
3355000,92,22.54965018937373,150.0
3356000,92,22.54912047866882,150.0
3357000,92,22.548817813774857,150.0
3358000,92,22.548742151122863,150.0
3359000,92,22.548893511092142,150.0
3360000,92,22.549271974219234,150.0
3361000,92,22.549877681854255,150.0
3362000,92,22.550710837891412,150.0
3363000,92,22.551771705993744,150.0
3364000,92,22.55306061167034,150.0
3365000,92,22.55457794134107,150.0
3366000,92,22.55632413953954,150.0
3367000,92,22.55829971329416,150.0
3368000,92,22.560505225771976,150.0
3369000,92,22.56294130261331,150.0
3370000,92,22.565608623953498,150.0
3371000,92,22.56850793005025,150.0
3372000,92,22.57164001413976,150.0
3373000,92,22.575005728189055,150.0
3374000,92,22.578605978404184,150.0
3375000,92,22.58244172372184,150.0
3376000,92,22.586513974575052,150.0
3377000,92,22.59082379514139,150.0
3378000,92,22.595372297951307,150.0
3379000,92,22.600160644561953,150.0
3380000,92,22.605190044278284,150.0
3381000,92,22.61046175034968,150.0
3382000,92,22.615977061893112,150.0
3383000,92,22.62173731846377,150.0
3384000,92,22.62774390129976,150.0
3385000,92,22.633998230077143,150.0
3386000,92,22.640501760041722,150.0
3387000,93,22.00511599619669,150.0
3388000,93,22.00378261470815,150.0
3389000,93,22.002568232773573,150.0
3390000,93,22.0014726209416,150.0
3391000,93,22.000495589242313,150.0
3392000,93,21.999636987199892,150.0
3393000,93,21.998896703363375,150.0
3394000,93,21.998274667306617,150.0
3395000,94,22.490652295189925,150.0
3396000,94,22.481918694211252,150.0
3397000,94,22.473458629893745,150.0
3398000,94,22.465270052066174,150.0
3399000,94,22.457350925702773,150.0
3400000,94,22.449699240503552,150.0
3401000,94,22.442313009551523,150.0
3402000,94,22.435190277421803,150.0
3403000,94,22.428329118222834,150.0
3404000,94,22.421727641285553,150.0
3405000,94,22.415383995735016,150.0
3406000,94,22.409296368105906,150.0
3407000,94,22.40346299335182,150.0
3408000,94,22.39788214683089,150.0
3409000,94,22.392552154660965,150.0
3410000,94,22.387471394560535,150.0
3411000,94,22.382638294192187,150.0
3412000,94,22.378051338517416,150.0
3413000,94,22.37370906590444,150.0
3414000,94,22.369610076021477,150.0
3415000,94,22.365753025210093,150.0
3416000,94,22.36213663354953,150.0
3417000,94,22.358759682896025,150.0
3418000,94,22.3556210199428,150.0
3419000,94,22.352719554522917,150.0
3420000,94,22.35005426420425,150.0
3421000,94,22.34762419534506,150.0
3422000,94,22.34542846044741,150.0
3423000,94,22.34346624183844,150.0
3424000,94,22.34173679087767,150.0
3425000,94,22.340239432410247,150.0
3426000,94,22.33897355716334,150.0
3427000,94,22.33793863254845,150.0
3428000,94,22.33713419423308,150.0
3429000,94,22.33655985313395,150.0
3430000,94,22.33621529046114,150.0
3431000,94,22.336100260116627,150.0
3432000,94,22.336214591029712,150.0
3433000,94,22.336558182097605,150.0
3434000,94,22.337131007153726,150.0
3435000,94,22.337933112707006,150.0
3436000,94,22.33896461638208,150.0
3437000,94,22.340225708763406,150.0
3438000,94,22.34171665236623,150.0
3439000,94,22.34343778045356,150.0
3440000,94,22.345389499702293,150.0
3441000,94,22.347572284825567,150.0
3442000,94,22.34998668079407,150.0
3443000,94,22.352633303641394,150.0
3444000,94,22.35551283583687,150.0
3445000,94,22.358626027434536,150.0
3446000,94,22.361973697674784,150.0
3447000,94,22.365556727562385,150.0
3448000,94,22.369376065156295,150.0
3449000,94,22.373432720979377,150.0
3450000,94,22.377727768153196,150.0
3451000,94,22.382262339642477,150.0
3452000,94,22.387037628175474,150.0
3453000,94,22.392054884695042,150.0
3454000,94,22.397315414173548,150.0
3455000,94,22.402820576436042,150.0
3456000,94,22.408571785076386,150.0
3457000,94,22.414570502221903,150.0
3458000,94,22.420818238756958,150.0
3459000,94,22.427316551533877,150.0
3460000,94,22.4340670402121,150.0
3461000,95,21.86726546726588,150.0
3462000,95,21.866199705299017,150.0
3463000,95,21.8652501057736,150.0
3464000,95,21.864416382401163,150.0
3465000,95,21.863698290431763,150.0
3466000,95,21.86309562769195,150.0
3467000,95,21.862608235187142,150.0
3468000,95,21.862235993692092,150.0
3469000,95,21.86197882880452,150.0
3470000,95,21.861836707521917,150.0
3471000,95,21.861809639854005,150.0
3472000,95,21.861897675687963,150.0
3473000,95,21.862100909499336,150.0
3474000,95,21.86241947801057,150.0
3475000,95,21.862853557912086,150.0
3476000,96,22.845875037875736,150.0
3477000,96,22.836014617074362,150.0
3478000,96,22.826402938561458,150.0
3479000,96,22.817039374349424,150.0
3480000,96,22.807923307618122,150.0
3481000,96,22.79905413795241,150.0
3482000,96,22.790431278743057,150.0
3483000,96,22.782054161134916,150.0
3484000,96,22.77392223922092,150.0
3485000,96,22.766034984789464,150.0
3486000,96,22.75839189700464,150.0
3487000,96,22.750992497152975,150.0
3488000,96,22.743836334824906,150.0
3489000,96,22.73692299150939,150.0
3490000,96,22.73025207283088,150.0
3491000,96,22.723823222530715,150.0
3492000,96,22.71763611478912,150.0
3493000,96,22.71169045897938,150.0
3494000,96,22.70598600329381,150.0
3495000,96,22.70052253079819,150.0
3496000,96,22.695299867919665,150.0
3497000,96,22.69031787765422,150.0
3498000,96,22.68557646894944,150.0
3499000,96,22.681075590897468,150.0
3500000,96,22.676815239161566,150.0
3501000,96,22.67279545390085,150.0
3502000,96,22.66901632375799,150.0
3503000,96,22.66547798074006,150.0
3504000,96,22.662180611776463,150.0
3505000,96,22.659124446910436,150.0
3506000,96,22.656309770384034,150.0
3507000,96,22.653736916397815,150.0
3508000,96,22.651406270439868,150.0
3509000,96,22.649318271645257,150.0
3510000,96,22.647473411397385,150.0
3511000,96,22.645872231856757,150.0
3512000,96,22.64451533373026,150.0
3513000,96,22.643403368825833,150.0
3514000,96,22.642537043969032,150.0
3515000,96,22.641917120532156,150.0
3516000,96,22.641544414524372,150.0
3517000,96,22.64141979720697,150.0
3518000,96,22.64154419147338,150.0
3519000,96,22.64191858034145,150.0
3520000,96,22.64254399471923,150.0
3521000,96,22.643421523191122,150.0
3522000,96,22.64455230763814,150.0
3523000,96,22.645937539334373,150.0
3524000,96,22.647578465492533,150.0
3525000,96,22.64947638122627,150.0
3526000,96,22.65163263537914,150.0
3527000,96,22.654048624463574,150.0
3528000,96,22.65672579154189,150.0
3529000,96,22.65966563106743,150.0
3530000,96,22.66286967701563,150.0
3531000,96,22.6663395128895,150.0
3532000,96,22.67007676253564,150.0
3533000,96,22.67408308914351,150.0
3534000,96,22.67836019645925,150.0
3535000,97,23.444260518361485,150.0
3536000,97,23.436665369205755,150.0
3537000,97,23.429290886738574,150.0
3538000,97,23.422137138315062,150.0
3539000,97,23.415204212309785,150.0
3540000,97,23.408492219745124,150.0
3541000,97,23.402001293620184,150.0
3542000,97,23.39573159180108,150.0
3543000,97,23.389683293566165,150.0
3544000,97,23.383856607432584,150.0
3545000,97,23.378251763966286,150.0
3546000,97,23.37286902440074,150.0
3547000,97,23.36770867452526,150.0
3548000,97,23.362771029274704,150.0
3549000,97,23.358056432413978,150.0
3550000,97,23.353565257167062,150.0
3551000,97,23.349297906967955,150.0
3552000,98,24.93824173018393,150.0
3553000,98,24.919022191242497,150.0
3554000,98,24.900123079874955,150.0
3555000,98,24.881545610349626,150.0
3556000,98,24.86329093398999,150.0
3557000,98,24.845360137742965,150.0
3558000,98,24.827754246567658,150.0
3559000,98,24.810474223883258,150.0
3560000,98,24.793520972698538,150.0
3561000,98,24.776895337344243,150.0
3562000,98,24.760598104167432,150.0
3563000,98,24.744630001883007,150.0
3564000,98,24.728991707799462,150.0
3565000,98,24.713683842737034,150.0
3566000,98,24.698706981129842,150.0
3567000,98,24.68406164563304,150.0
3568000,98,24.669748313937205,150.0
3569000,98,24.655767418829388,150.0
3570000,98,24.642119351742227,150.0
3571000,98,24.62880446481516,150.0
3572000,98,24.615823073432455,150.0
3573000,98,24.603175459758905,150.0
3574000,98,24.590861871966528,150.0
3575000,98,24.5788825322365,150.0
3576000,98,24.567237634299104,150.0
3577000,98,24.555927351324428,150.0
3578000,98,24.54495183339172,150.0
3579000,98,24.53431121492122,150.0
3580000,98,24.52400561390936,150.0
3581000,98,24.51403513740878,150.0
3582000,98,24.50439988320329,150.0
3583000,98,24.49509994270129,150.0
3584000,98,24.486135402116872,150.0
3585000,98,24.477506348850287,150.0
3586000,98,24.469212870351562,150.0
3587000,98,24.46125505836111,150.0
3588000,98,24.453633011422856,150.0
3589000,99,22.880557973059727,150.0
3590000,99,22.87048015728964,150.0
3591000,99,22.860661097582845,150.0
3592000,99,22.85109949335536,150.0
3593000,99,22.841794049270916,150.0
3594000,99,22.83274347089698,150.0
3595000,99,22.82394647403809,150.0
3596000,99,22.81540178139179,150.0
3597000,99,22.807108128113768,150.0
3598000,99,22.799064262794673,150.0
3599000,99,22.79126895301904,150.0
3600000,99,22.783720982606027,150.0
3601000,99,22.776419157171855,150.0
3602000,99,22.76936230612666,150.0
3603000,99,22.76254928155162,150.0
3604000,99,22.75597896513733,150.0
3605000,99,22.749650266691113,150.0
3606000,99,22.743562127715343,150.0
3607000,99,22.737713519871807,150.0
3608000,99,22.732103452464443,150.0
3609000,99,22.726730967429148,150.0
3610000,99,22.72159514753947,150.0
3611000,99,22.716695112159634,150.0
3612000,99,22.71203002184415,150.0
3613000,99,22.707599079159724,150.0
3614000,99,22.703401529501118,150.0
3615000,99,22.699436662803105,150.0
3616000,99,22.695703814413253,150.0
3617000,99,22.69220236702518,150.0
3618000,99,22.688931748593074,150.0
3619000,99,22.685891437957974,150.0
3620000,99,22.683080963253563,150.0
3621000,99,22.68049990174655,150.0
3622000,99,22.6781478812185,150.0
3623000,99,22.67602458387634,150.0
3624000,99,22.674129741894728,150.0
3625000,99,22.67246314116442,150.0
3626000,99,22.671024621786,150.0
3627000,99,22.669814075372226,150.0
3628000,99,22.668831450631952,150.0
3629000,99,22.668076750147193,150.0
3630000,99,22.66755002979306,150.0
3631000,99,22.667251403271464,150.0
3632000,99,22.667181037583628,150.0
3633000,99,22.66733915489154,150.0
3634000,99,22.667726034035045,150.0
3635000,99,22.668342008249816,150.0
3636000,99,22.669187466165763,150.0
3637000,99,22.670262851831502,150.0
3638000,99,22.671568662463763,150.0
3639000,99,22.673105452472036,150.0
3640000,99,22.674873827436418,150.0
3641000,99,22.676874447986993,150.0
3642000,99,22.679108027527587,150.0
3643000,99,22.681575331891075,150.0
3644000,99,22.6842771793079,150.0
3645000,99,22.687214436742384,150.0
3646000,99,22.690388024814716,150.0
3647000,99,22.693798910538696,150.0
3648000,99,22.697448109789107,150.0
3649000,99,22.701336686229975,150.0
3650000,99,22.705465749535012,150.0
3651000,99,22.70983645371553,150.0
3652000,99,22.714449995345344,150.0
3653000,99,22.71930761503729,150.0
3654000,99,22.724410592030143,150.0
3655000,99,22.72976024497771,150.0
3656000,99,22.735357929632,150.0
3657000,99,22.741205037226752,150.0
3658000,99,22.747302991801128,150.0
3659000,99,22.753653249921403,150.0
3660000,100,22.09680382211106,150.0
3661000,100,22.095206725363273,150.0
3662000,101,22.528810559153495,150.0
3663000,101,22.519048786263923,150.0
3664000,101,22.509570490387862,150.0
3665000,101,22.50037346673107,150.0
3666000,101,22.49145551561298,150.0
3667000,101,22.482814440528156,150.0
3668000,101,22.474448060163482,150.0
3669000,101,22.46635420777717,150.0
3670000,101,22.45853073471992,150.0
3671000,101,22.450975516873637,150.0
3672000,101,22.443686455486223,150.0
3673000,101,22.43666148130394,150.0
3674000,101,22.42989856072686,150.0
3675000,101,22.423395693490896,150.0
3676000,101,22.417150920376123,150.0
3677000,101,22.411162323758862,150.0
3678000,101,22.405428030756593,150.0
3679000,101,22.39994621575612,150.0
3680000,101,22.394715102798198,150.0
3681000,101,22.38973296729782,150.0
3682000,101,22.384998140535163,150.0
3683000,101,22.380509006885518,150.0
3684000,101,22.376264010976747,150.0
3685000,101,22.372261657017646,150.0
3686000,101,22.3685005082744,150.0
3687000,101,22.364979191835694,150.0
3688000,101,22.361696401235367,150.0
3689000,101,22.358650891287564,150.0
3690000,101,22.35584148581318,150.0
3691000,101,22.353267075046556,150.0
3692000,101,22.35092661952875,150.0
3693000,101,22.34881914683588,150.0
3694000,101,22.34694375787038,150.0
3695000,101,22.34529961971531,150.0
3696000,101,22.343885975755274,150.0
3697000,101,22.34270213774455,150.0
3698000,101,22.341747492840682,150.0
3699000,101,22.341021498099416,150.0
3700000,101,22.340523686265914,150.0
3701000,101,22.340253660804347,150.0
3702000,101,22.340211101113237,150.0
3703000,101,22.34039575745853,150.0
3704000,101,22.340807456182684,150.0
3705000,101,22.34144609418584,150.0
3706000,101,22.34231164441559,150.0
3707000,101,22.343404149292184,150.0
3708000,101,22.34472372874075,150.0
3709000,101,22.34627057091063,150.0
3710000,101,22.348044936544337,150.0
3711000,101,22.350047159828335,150.0
3712000,101,22.352277643768808,150.0
3713000,101,22.35473686156721,150.0
3714000,101,22.3574253579673,150.0
3715000,101,22.360343744414635,150.0
3716000,101,22.363492700899318,150.0
3717000,101,22.366872973642845,150.0
3718000,101,22.370485376913,150.0
3719000,101,22.37433078770512,150.0
3720000,101,22.378410147300386,150.0
3721000,101,22.382724458933595,150.0
3722000,101,22.387274789435008,150.0
3723000,101,22.39206226123995,150.0
3724000,101,22.397088057696894,150.0
3725000,101,22.402353417943797,150.0
3726000,101,22.407859636508462,150.0
3727000,101,22.413608059140525,150.0
3728000,101,22.419600085026307,150.0
3729000,101,22.42583716067234,150.0
3730000,101,22.432320780133658,150.0
3731000,101,22.439052481460042,150.0
3732000,102,21.860515908632415,150.0
3733000,102,21.859521890514532,150.0
3734000,102,21.858642735578197,150.0
3735000,102,21.857878142311595,150.0
3736000,102,21.857227854803746,150.0
3737000,102,21.85669165577042,150.0
3738000,102,21.856269375006967,150.0
3739000,102,21.855960881415168,150.0
3740000,102,21.855766087736118,150.0
3741000,102,21.855684946474355,150.0
3742000,102,21.855717454678985,150.0
3743000,102,21.855863650699025,150.0
3744000,102,21.856123614974386,150.0
3745000,102,21.856497470830465,150.0
3746000,102,21.85698538132132,150.0
3747000,102,21.857587554011594,150.0
3748000,103,22.69288402381853,150.0
3749000,103,22.683895062131533,150.0
3750000,103,22.675160286036448,150.0
3751000,103,22.666678710854026,150.0
3752000,103,22.65844937453725,150.0
3753000,103,22.65047133159207,150.0
3754000,103,22.642743659344553,150.0
3755000,103,22.635265459341134,150.0
3756000,103,22.628035858518842,150.0
3757000,103,22.621054015091673,150.0
3758000,103,22.614319114612325,150.0
3759000,103,22.607830375608838,150.0
3760000,103,22.60158705216279,150.0
3761000,103,22.59558843343463,150.0
3762000,103,22.589833847104686,150.0
3763000,103,22.58432265944098,150.0
3764000,103,22.579054278579363,150.0
3765000,103,22.574028155144426,150.0
3766000,103,22.569243783263452,150.0
3767000,103,22.564700703919026,150.0
3768000,103,22.560398506657577,150.0
3769000,103,22.556336823956688,150.0
3770000,103,22.552515344054743,150.0
3771000,103,22.548933801225935,150.0
3772000,103,22.54559198534168,150.0
3773000,103,22.542489735766694,150.0
3774000,103,22.539626948824967,150.0
3775000,103,22.537003574700396,150.0
3776000,103,22.53461961712187,150.0
3777000,103,22.532475138978224,150.0
3778000,103,22.53057026028518,150.0
3779000,103,22.528905155731472,150.0
3780000,103,22.527480061023226,150.0
3781000,103,22.526295270712804,150.0
3782000,103,22.52535113813566,150.0
3783000,103,22.524648073497964,150.0
3784000,103,22.524186552533582,150.0
3785000,103,22.52396710482349,150.0
3786000,103,22.52399032377859,150.0
3787000,103,22.5242568624742,150.0
3788000,103,22.524767432083976,150.0
3789000,103,22.525522805523824,150.0
3790000,103,22.526523815274246,150.0
3791000,103,22.52777135181858,150.0
3792000,103,22.529266364023485,150.0
3793000,103,22.531009862178095,150.0
3794000,103,22.53300291000486,150.0
3795000,103,22.535246631278284,150.0
3796000,103,22.537742205353947,150.0
3797000,103,22.54049086551855,150.0
3798000,103,22.54349389912032,150.0
3799000,103,22.54675264805878,150.0
3800000,103,22.550268504082307,150.0
3801000,103,22.55404291018929,150.0
3802000,103,22.55807735526854,150.0
3803000,103,22.562373380492524,150.0
3804000,103,22.566932566280034,150.0
3805000,103,22.571756539977585,150.0
3806000,103,22.576846970062164,150.0
3807000,103,22.582205560739553,150.0
3808000,104,22.073248648943718,150.0
3809000,104,22.070831180605776,150.0
3810000,104,22.068542245183504,150.0
3811000,104,22.06638153173853,150.0
3812000,104,22.064348767714268,150.0
3813000,105,23.60696490837073,150.0
3814000,105,23.59267337791366,150.0
3815000,105,23.57860414932775,150.0
3816000,105,23.564757462376992,150.0
3817000,105,23.55113355466834,150.0
3818000,105,23.5377326644497,150.0
3819000,105,23.524555027627454,150.0
3820000,105,23.51160088752884,150.0
3821000,105,23.498870486100696,150.0
3822000,105,23.486364070486424,150.0
3823000,105,23.474081894725742,150.0
3824000,105,23.46202421691338,150.0
3825000,105,23.45019130244077,150.0
3826000,105,23.438583426063165,150.0
3827000,105,23.42720087324429,150.0
3828000,105,23.416043936231933,150.0
3829000,105,23.40511292230651,150.0
3830000,105,23.394408150395535,150.0
3831000,105,23.38392995215419,150.0
3832000,105,23.373678677627606,150.0
3833000,105,23.36365468837064,150.0
3834000,105,23.353858368353198,150.0
3835000,105,23.344290113184144,150.0
3836000,105,23.334950343959918,150.0
3837000,105,23.325839498354256,150.0
3838000,105,23.316958037035967,150.0
3839000,105,23.308306444685105,150.0
3840000,105,23.299885225585843,150.0
3841000,106,24.77495803364515,150.0
3842000,106,24.761071047285128,150.0
3843000,106,24.747502680531674,150.0
3844000,106,24.734253513473323,150.0
3845000,106,24.72132410393279,150.0
3846000,106,24.708714988508092,150.0
3847000,106,24.696426685058043,150.0
3848000,106,24.684459696371142,150.0
3849000,106,24.672814509561515,150.0
3850000,106,24.661491600706103,150.0
3851000,106,24.650491435292793,150.0
3852000,106,24.63981447118633,150.0
3853000,106,24.629461162117973,150.0
3854000,106,24.619431956452807,150.0
3855000,106,24.60972730272002,150.0
3856000,106,24.600347650906777,150.0
3857000,106,24.591293452198435,150.0
3858000,106,24.582565163138696,150.0
3859000,106,24.57416324925349,150.0
3860000,106,24.566088182449445,150.0
3861000,106,24.55834044704863,150.0
3862000,107,23.029407129213677,150.0
3863000,107,23.01916449359825,150.0
3864000,107,23.009171016511687,150.0
3865000,107,22.99942573389632,150.0
3866000,107,22.989927681014848,150.0
3867000,107,22.980675897773885,150.0
3868000,107,22.971669433094128,150.0
3869000,107,22.96290734189455,150.0
3870000,107,22.954388690469816,150.0
3871000,107,22.946112557755086,150.0
3872000,107,22.938078036788724,150.0
3873000,107,22.93028423707074,150.0
3874000,107,22.922730286229086,150.0
3875000,107,22.91541533262825,150.0
3876000,107,22.90833854392606,150.0
3877000,107,22.901499113285773,150.0
3878000,107,22.89489625924898,150.0
3879000,107,22.888529224212725,150.0
3880000,107,22.882397282043833,150.0
3881000,107,22.876499733791448,150.0
3882000,107,22.870835911615725,150.0
3883000,107,22.86540518240509,150.0
3884000,107,22.860206944451086,150.0
3885000,107,22.855240631989936,150.0
3886000,107,22.85050571543376,150.0
3887000,107,22.846001703464147,150.0
3888000,107,22.841728140975196,150.0
3889000,107,22.837684614861228,150.0
3890000,107,22.833870752623724,150.0
3891000,107,22.83028622107999,150.0
3892000,107,22.826930732673404,150.0
3893000,107,22.823804040785742,150.0
3894000,107,22.82090594301625,150.0
3895000,107,22.81823628425075,150.0
3896000,107,22.815794952532972,150.0
3897000,107,22.81358188358365,150.0
3898000,107,22.811597057816066,150.0
3899000,107,22.809840505211884,150.0
3900000,107,22.808312303224405,150.0
3901000,107,22.807012575545954,150.0
3902000,107,22.80594149721685,150.0
3903000,107,22.805099289771075,150.0
3904000,107,22.804486224157895,150.0
3905000,107,22.80410262217227,150.0
3906000,107,22.803948854002403,150.0
3907000,107,22.80402533724893,150.0
3908000,107,22.80433254139056,150.0
3909000,107,22.804870985009043,150.0
3910000,107,22.805641233740694,150.0
3911000,107,22.80664390486994,150.0
3912000,107,22.80787966225343,150.0
3913000,107,22.809349218710746,150.0
3914000,107,22.81105333471785,150.0
3915000,107,22.812992819356054,150.0
3916000,107,22.815168525744337,150.0
3917000,107,22.81758135636974,150.0
3918000,107,22.820232256591254,150.0
3919000,107,22.823122218300966,150.0
3920000,107,22.82625227588992,150.0
3921000,107,22.829623506967543,150.0
3922000,107,22.833237031499714,150.0
3923000,107,22.837094007983946,150.0
3924000,107,22.841195637507155,150.0
3925000,107,22.84554315667856,150.0
3926000,107,22.85013783938715,150.0
3927000,107,22.85498099553805,150.0
3928000,107,22.860073967576664,150.0
3929000,108,24.345702104517876,150.0
3930000,108,24.337729820680373,150.0
3931000,108,24.330116454285374,150.0
3932000,109,22.580246412702394,150.0
3933000,109,22.570078047262342,150.0
3934000,109,22.560194448039827,150.0
3935000,109,22.5505934611888,150.0
3936000,109,22.541272929746743,150.0
3937000,109,22.53223069579668,150.0
3938000,109,22.523464607937896,150.0
3939000,109,22.514972524608936,150.0
3940000,109,22.506752314463434,150.0
3941000,109,22.498801866302088,150.0
3942000,109,22.49111908571002,150.0
3943000,109,22.48370190618709,150.0
3944000,109,22.476548284949832,150.0
3945000,109,22.469656213113396,150.0
3946000,109,22.463023712629674,150.0
3947000,109,22.45664884393672,150.0
3948000,109,22.450529705515688,150.0
3949000,109,22.44466443900064,150.0
3950000,109,22.439051230311964,150.0
3951000,109,22.433688312398864,150.0
3952000,109,22.428573967107624,150.0
3953000,109,22.423706529281112,150.0
3954000,109,22.419084384396296,150.0
3955000,109,22.414705976440334,150.0
3956000,109,22.410569803256852,150.0
3957000,109,22.40667442456883,150.0
3958000,109,22.40301845669797,150.0
3959000,109,22.39960058205984,150.0
3960000,109,22.396419541872728,150.0
3961000,109,22.39347414358854,150.0
3962000,109,22.39076325943651,150.0
3963000,109,22.388285827389662,150.0
3964000,109,22.386040853946792,150.0
3965000,109,22.38402741289434,150.0
3966000,109,22.382244644354035,150.0
3967000,109,22.380691761754807,150.0
3968000,109,22.37936804485407,150.0
3969000,109,22.37827284674532,150.0
3970000,109,22.377405588970877,150.0
3971000,109,22.376765764340394,150.0
3972000,109,22.37635293849046,150.0
3973000,109,22.37616674642787,150.0
3974000,109,22.376206896809926,150.0
3975000,109,22.3764731677533,150.0
3976000,109,22.376965411232256,150.0
3977000,109,22.377683547977664,150.0
3978000,109,22.37862757285446,150.0
3979000,109,22.379797549051986,150.0
3980000,109,22.381193612878466,150.0
3981000,109,22.382815969321307,150.0
3982000,109,22.384664893263764,150.0
3983000,109,22.38674073013558,150.0
3984000,109,22.38904389489305,150.0
3985000,109,22.391574866897123,150.0
3986000,109,22.39433419743184,150.0
3987000,109,22.397322501863904,150.0
3988000,109,22.400540461464644,150.0
3989000,109,22.403988824199768,150.0
3990000,109,22.407668400126767,150.0
3991000,109,22.41158006269944,150.0
3992000,109,22.41572474701561,150.0
3993000,109,22.420103448511664,150.0
3994000,109,22.424717221713596,150.0
3995000,109,22.42956717876845,150.0
3996000,109,22.434654488552898,150.0
3997000,109,22.439980372652276,150.0
3998000,109,22.445546107316684,150.0
3999000,109,22.45135301981985,150.0
4000000,109,22.457402485423554,150.0
4001000,109,22.46369592717762,150.0
4002000,109,22.470234813239944,150.0
4003000,109,22.477020654039713,150.0
4004000,110,21.880180038526785,150.0
4005000,110,21.879211673693963,150.0
4006000,110,21.87835813509295,150.0
4007000,110,21.87761914719468,150.0
4008000,110,21.87699447136977,150.0
4009000,110,21.87648391377207,150.0
4010000,110,21.87608732176215,150.0
4011000,110,21.87580458518638,150.0
4012000,110,21.875635633598318,150.0
4013000,110,21.87558044110677,150.0
4014000,110,21.8756390203833,150.0
4015000,110,21.875811428196517,150.0
4016000,110,21.87609776215845,150.0
4017000,110,21.87649816165051,150.0
4018000,110,21.877012807424265,150.0
4019000,111,22.579833652797625,150.0
4020000,111,22.571423603805034,150.0
4021000,111,22.563272634987026,150.0
4022000,111,22.555379396943593,150.0
4023000,111,22.547742562641915,150.0
4024000,111,22.540360831853945,150.0
4025000,111,22.53323293081042,150.0
4026000,111,22.52635761592714,150.0
4027000,111,22.51973367663565,150.0
4028000,111,22.513359934615252,150.0
4029000,111,22.507235249742944,150.0
4030000,111,22.501358521728765,150.0
4031000,111,22.49572869102431,150.0
4032000,111,22.490344738578095,150.0
4033000,111,22.485205693011157,150.0
4034000,111,22.480310626294315,150.0
4035000,111,22.475658660571423,150.0
4036000,111,22.47124896810148,150.0
4037000,111,22.467080769429668,150.0
4038000,111,22.463153340430633,150.0
4039000,111,22.45946601002,150.0
4040000,111,22.456018161414065,150.0
4041000,111,22.452809237020624,150.0
4042000,111,22.449838734011962,150.0
4043000,111,22.447106208843618,150.0
4044000,111,22.444611277215426,150.0
4045000,111,22.44235361720298,150.0
4046000,111,22.44033296597095,150.0
4047000,111,22.438549123381488,150.0
4048000,111,22.437001950990116,150.0
4049000,111,22.435691376433375,150.0
4050000,111,22.434617387288682,150.0
4051000,111,22.43378003817157,150.0
4052000,111,22.43317944893361,150.0
4053000,111,22.432815799337913,150.0
4054000,111,22.43268933881743,150.0
4055000,111,22.432800381886203,150.0
4056000,111,22.433149305416727,150.0
4057000,111,22.433736554113274,150.0
4058000,111,22.434562636737912,150.0
4059000,111,22.43562812571008,150.0
4060000,111,22.436933660344156,150.0
4061000,111,22.438479944865968,150.0
4062000,111,22.440267743120504,150.0
4063000,111,22.442297885195995,150.0
4064000,111,22.444571263740418,150.0
4065000,111,22.447088835023933,150.0
4066000,111,22.449851612266944,150.0
4067000,111,22.45286067070334,150.0
4068000,111,22.45611714766216,150.0
4069000,111,22.459622233351883,150.0
4070000,111,22.46337717833283,150.0
4071000,111,22.46738328860301,150.0
4072000,111,22.471641921142695,150.0
4073000,111,22.476154488299002,150.0
4074000,111,22.480922452657595,150.0
4075000,111,22.485947323551706,150.0
4076000,111,22.491230660259156,150.0
4077000,111,22.496774066029328,150.0
4078000,111,22.502579184555536,150.0
4079000,112,21.978381348988897,150.0
4080000,112,21.976459138799328,150.0
4081000,112,21.974660873584,150.0
4082000,112,21.972986218158596,150.0
4083000,112,21.971434876784034,150.0
4084000,112,21.970006595234413,150.0
4085000,112,21.96870115681972,150.0
4086000,112,21.96751838849719,150.0
4087000,112,21.966458156915035,150.0
4088000,112,21.96552036949272,150.0
4089000,113,23.317287852635328,150.0
4090000,113,23.304587910881487,150.0
4091000,113,23.29212072800969,150.0
4092000,113,23.279886309858966,150.0
4093000,113,23.267884669417338,150.0
4094000,113,23.256115818407235,150.0
4095000,113,23.24457977464637,150.0
4096000,113,23.233276561657547,150.0
4097000,113,23.222206207817045,150.0
4098000,113,23.211368754172575,150.0
4099000,113,23.200764247119068,150.0
4100000,113,23.190392746207653,150.0
4101000,113,23.180254323367816,150.0
4102000,113,23.17034906382646,150.0
4103000,113,23.160677068509777,150.0
4104000,113,23.151238452525853,150.0
4105000,113,23.142033350720855,150.0
4106000,113,23.133061915011027,150.0
4107000,113,23.124324320434205,150.0
4108000,113,23.115820761415026,150.0
4109000,113,23.107551454472315,150.0
4110000,113,23.099516640244286,150.0
4111000,113,23.09171658682389,150.0
4112000,113,23.084151587305396,150.0
4113000,113,23.076821960264716,150.0
4114000,113,23.06972805593253,150.0
4115000,113,23.062870253218755,150.0
4116000,113,23.05624896260525,150.0
4117000,113,23.049864624580742,150.0
4118000,113,23.043717714642202,150.0
4119000,113,23.0378087422996,150.0
4120000,113,23.03213824960387,150.0
4121000,113,23.026706816874494,150.0
4122000,113,23.021515062021255,150.0
4123000,113,23.01656363871342,150.0
4124000,113,23.011853239753155,150.0
4125000,113,23.00738459719377,150.0
4126000,113,23.00315848366826,150.0
4127000,113,22.999175709414995,150.0
4128000,113,22.995437131888938,150.0
4129000,113,22.99194364318972,150.0
4130000,113,22.988696183639856,150.0
4131000,114,24.7108596421744,150.0
4132000,114,24.702321360850874,150.0
4133000,114,24.69410155739882,150.0
4134000,114,24.6862010685896,150.0
4135000,115,23.195736928196578,150.0
4136000,115,23.185275472769938,150.0
4137000,115,23.17505383645194,150.0
4138000,115,23.165071358894775,150.0
4139000,115,23.155327382790585,150.0
4140000,115,23.145821258344604,150.0
4141000,115,23.136552338856795,150.0
4142000,115,23.127519987580428,150.0
4143000,115,23.118723576703193,150.0
4144000,115,23.11016249021101,150.0
4145000,115,23.101836124316712,150.0
4146000,115,23.093743891398223,150.0
4147000,115,23.085885216500643,150.0
4148000,115,23.07825954543138,150.0
4149000,115,23.070866342330145,150.0
4150000,115,23.063705089472542,150.0
4151000,115,23.056775294314615,150.0
4152000,115,23.050076483722147,150.0
4153000,115,23.043608212875167,150.0
4154000,115,23.03737005981707,150.0
4155000,115,23.031361630549235,150.0
4156000,115,23.02558255927829,150.0
4157000,115,23.020032509586123,150.0
4158000,115,23.014711175658775,150.0
4159000,115,23.00961828298309,150.0
4160000,115,23.00475359085356,150.0
4161000,115,23.00011688960409,150.0
4162000,115,22.995708007388167,150.0
4163000,115,22.991526804805094,150.0
4164000,115,22.987573181942015,150.0
4165000,115,22.983847073829196,150.0
4166000,115,22.980348454324343,150.0
4167000,115,22.977077335957905,150.0
4168000,115,22.974033770842286,150.0
4169000,115,22.971217851116773,150.0
4170000,115,22.968629709654586,150.0
4171000,115,22.96626952131226,150.0
4172000,115,22.964137500477126,150.0
4173000,115,22.96223390670561,150.0
4174000,115,22.96055903919325,150.0
4175000,115,22.959113242929966,150.0
4176000,115,22.957896904021183,150.0
4177000,115,22.956910452717732,150.0
4178000,115,22.956154362955644,150.0
4179000,115,22.955629152855686,150.0
4180000,115,22.955335382619303,150.0
4181000,115,22.95527365877061,150.0
4182000,115,22.955444628868406,150.0
4183000,115,22.955848986709313,150.0
4184000,115,22.956487467735027,150.0
4185000,115,22.95736085082934,150.0
4186000,115,22.958469957991326,150.0
4187000,115,22.959815654194546,150.0
4188000,115,22.961398844403355,150.0
4189000,115,22.963220477591474,150.0
4190000,115,22.965281541574015,150.0
4191000,115,22.967583064910563,150.0
4192000,115,22.970126115323126,150.0
4193000,116,24.428838705916885,150.0
4194000,116,24.417868595708363,150.0
4195000,116,24.407256943023576,150.0
4196000,116,24.397003209211135,150.0
4197000,116,24.38710682116275,150.0
4198000,116,24.377567175682387,150.0
4199000,116,24.36838364643922,150.0
4200000,116,24.359555586612068,150.0
4201000,116,24.351082331541026,150.0
4202000,116,24.342963206547246,150.0
4203000,116,24.335197527338472,150.0
4204000,116,24.327784606021506,150.0
4205000,117,22.640019924178485,150.0
4206000,117,22.630100373873375,150.0
4207000,117,22.620458122960358,150.0
4208000,117,22.61109120688091,150.0
4209000,117,22.601997659426274,150.0
4210000,117,22.59317552088897,150.0
4211000,117,22.584622840034463,150.0
4212000,117,22.57633767466471,150.0
4213000,117,22.568318101101102,150.0
4214000,117,22.560562211632117,150.0
4215000,117,22.55306812009,150.0
4216000,117,22.54583396799025,150.0
4217000,117,22.53885792198548,150.0
4218000,117,22.532138180237755,150.0
4219000,117,22.52567297409716,150.0
4220000,117,22.51946057160578,150.0
4221000,117,22.513499278438523,150.0
4222000,117,22.507787441849903,150.0
4223000,117,22.502323452030218,150.0
4224000,117,22.497105744199366,150.0
4225000,117,22.49213280249497,150.0
4226000,117,22.4874031567987,150.0
4227000,117,22.482915392052288,150.0
4228000,117,22.47866814244008,150.0
4229000,117,22.474660099646652,150.0
4230000,117,22.470890008746526,150.0
4231000,117,22.467356672452993,150.0
4232000,117,22.464058952883086,150.0
4233000,117,22.4609957704979,150.0
4234000,117,22.458166107453643,150.0
4235000,117,22.455569007312118,150.0
4236000,117,22.453203576277172,150.0
4237000,117,22.451068984423554,150.0
4238000,117,22.44916446483499,150.0
4239000,117,22.447489317082177,150.0
4240000,117,22.44604290426696,150.0
4241000,117,22.4448246581418,150.0
4242000,117,22.443834074616117,150.0
4243000,117,22.443070717143907,150.0
4244000,117,22.44253421626175,150.0
4245000,117,22.442224269809678,150.0
4246000,117,22.44214064339201,150.0
4247000,117,22.442283168802387,150.0
4248000,117,22.442651748331762,150.0
4249000,117,22.44324634759432,150.0
4250000,117,22.444067003771323,150.0
4251000,117,22.44511381868157,150.0
4252000,117,22.446386961834268,150.0
4253000,117,22.44788666893452,150.0
4254000,117,22.44961324334571,150.0
4255000,117,22.451567053570283,150.0
4256000,117,22.453748531342132,150.0
4257000,117,22.456158176810263,150.0
4258000,117,22.45879655149969,150.0
4259000,117,22.461664281517002,150.0
4260000,117,22.46476205495544,150.0
4261000,117,22.46809062177346,150.0
4262000,117,22.471650793299826,150.0
4263000,117,22.47544343810588,150.0
4264000,117,22.479469487470002,150.0
4265000,117,22.483729926616302,150.0
4266000,117,22.48822579752943,150.0
4267000,117,22.49295819854822,150.0
4268000,117,22.497928279241787,150.0
4269000,117,22.50313724256602,150.0
4270000,117,22.508586341727156,150.0
4271000,117,22.514276877157016,150.0
4272000,117,22.52021019667783,150.0
4273000,117,22.526387692722054,150.0
4274000,117,22.53281080108221,150.0
4275000,117,22.539480995925334,150.0
4276000,117,22.54639979380255,150.0
4277000,118,21.924715679024555,150.0
4278000,118,21.92373574617785,150.0
4279000,118,21.922871789389635,150.0
4280000,118,21.922123586247622,150.0
4281000,118,21.921490953053116,150.0
4282000,118,21.920973749421773,150.0
4283000,118,21.92057187357391,150.0
4284000,118,21.920285266420176,150.0
4285000,118,21.9201139106212,150.0
4286000,118,21.92005782549482,150.0
4287000,118,21.920117075544752,150.0
4288000,119,22.51707807572994,150.0
4289000,119,22.508619242917977,150.0
4290000,119,22.500426426068547,150.0
4291000,119,22.492497898631306,150.0
4292000,119,22.484831961463428,150.0
4293000,119,22.47742693507052,150.0
4294000,119,22.470281170151207,150.0
4295000,119,22.463393049862596,150.0
4296000,119,22.45676098848388,150.0
4297000,119,22.450383436461436,150.0
4298000,119,22.444258885188354,150.0
4299000,119,22.438385864002015,150.0
4300000,119,22.4327629486557,150.0
4301000,119,22.427388756483143,150.0
4302000,119,22.4222619570916,150.0
4303000,119,22.417381267230734,150.0
4304000,119,22.412745452691116,150.0
4305000,119,22.408353337085043,150.0
4306000,119,22.404203794945477,150.0
4307000,119,22.400295760212693,150.0
4308000,119,22.396628221522384,150.0
4309000,119,22.39320022991356,150.0
4310000,119,22.39001089358742,150.0
4311000,119,22.387059384852307,150.0
4312000,119,22.384344937926052,150.0
4313000,119,22.381866851501727,150.0
4314000,119,22.3796244867283,150.0
4315000,119,22.37761727320501,150.0
4316000,119,22.37584470301642,150.0
4317000,119,22.374306340662525,150.0
4318000,119,22.373001812598282,150.0
4319000,119,22.371930816640198,150.0
4320000,119,22.371093118267872,150.0
4321000,119,22.370488551845565,150.0
4322000,119,22.370117020919544,150.0
4323000,119,22.36997849824977,150.0
4324000,119,22.370073026680917,150.0
4325000,119,22.37040071793695,150.0
4326000,119,22.37096175322321,150.0
4327000,119,22.371756386008244,150.0
4328000,119,22.372784934424292,150.0
4329000,119,22.374047789064996,150.0
4330000,119,22.37554540821491,150.0
4331000,119,22.37727831927604,150.0
4332000,119,22.37924711690095,150.0
4333000,119,22.38145246309326,150.0
4334000,119,22.38389508800634,150.0
4335000,119,22.386575784858596,150.0
4336000,119,22.389495414769065,150.0
4337000,119,22.392654903157126,150.0
4338000,119,22.39605523601041,150.0
4339000,119,22.399697464841523,150.0
4340000,119,22.403582699438786,150.0
4341000,119,22.407712110809626,150.0
4342000,119,22.412086929214666,150.0
4343000,119,22.416708439594842,150.0
4344000,119,22.421577982660697,150.0
4345000,119,22.426696953656435,150.0
4346000,119,22.432066798082626,150.0
4347000,119,22.437689012208324,150.0
4348000,119,22.443565140524537,150.0
4349000,119,22.44969677020241,150.0
4350000,119,22.456085534344524,150.0
4351000,120,21.909663283909545,150.0
4352000,120,21.908247155501947,150.0
4353000,120,21.90695062848605,150.0
4354000,120,21.905773396764697,150.0
4355000,120,21.904715192784156,150.0
4356000,120,21.903775794399028,150.0
4357000,120,21.90295501845064,150.0
4358000,120,21.90225272357068,150.0
4359000,120,21.901668813013682,150.0
4360000,120,21.901203228089127,150.0
4361000,120,21.90085595571995,150.0
4362000,120,21.900627021705038,150.0
4363000,120,21.900516494318065,150.0
4364000,121,23.069757077749465,150.0
4365000,121,23.058549441351886,150.0
4366000,121,23.047583048857753,150.0
4367000,121,23.036857633214733,150.0
4368000,121,23.026372934478,150.0
4369000,121,23.016128696394674,150.0
4370000,121,23.006124676523164,150.0
4371000,121,22.996360643433867,150.0
4372000,121,22.986836376000475,150.0
4373000,121,22.977551667402114,150.0
4374000,121,22.96850632885982,150.0
4375000,121,22.959700188004504,150.0
4376000,121,22.95113309148268,150.0
4377000,121,22.94280490721084,150.0
4378000,121,22.934715522998882,150.0
4379000,121,22.926864851263744,150.0
4380000,121,22.919252831581808,150.0
4381000,121,22.911879428547135,150.0
4382000,121,22.904744630204647,150.0
4383000,121,22.897848462502836,150.0
4384000,121,22.891190975432966,150.0
4385000,121,22.884772251542252,150.0
4386000,121,22.87859240983701,150.0
4387000,121,22.872651599258468,150.0
4388000,121,22.86695000765883,150.0
4389000,121,22.8614878591934,150.0
4390000,121,22.856265413853837,150.0
4391000,121,22.851282972138808,150.0
4392000,121,22.846540875220523,150.0
4393000,121,22.842039503388698,150.0
4394000,121,22.837779281353697,150.0
4395000,121,22.833760672761763,150.0
4396000,121,22.829984188273862,150.0
4397000,121,22.826450381828213,150.0
4398000,121,22.82315985198299,150.0
4399000,121,22.8201132446078,150.0
4400000,121,22.81731124993821,150.0
4401000,121,22.814754607202033,150.0
4402000,121,22.812444100950486,150.0
4403000,121,22.810380565111863,150.0
4404000,121,22.808564881232424,150.0
4405000,121,22.80699797924831,150.0
4406000,121,22.80568083766594,150.0
4407000,121,22.804614483080613,150.0
4408000,121,22.803799992460466,150.0
4409000,121,22.803238489086695,150.0
4410000,121,22.8029311463769,150.0
4411000,121,22.802879186497965,150.0
4412000,121,22.803083875929797,150.0
4413000,121,22.803546531959675,150.0
4414000,121,22.80426851685176,150.0
4415000,122,23.30516371373067,150.0
4416000,122,23.296062101894684,150.0
4417000,122,23.28718882408955,150.0
4418000,122,23.278543545042943,150.0
4419000,122,23.27012594556793,150.0
4420000,122,23.261935721301047,150.0
4421000,122,23.253972580483275,150.0
4422000,122,23.246236252694704,150.0
4423000,122,23.2387264815409,150.0
4424000,122,23.231443034257364,150.0
4425000,122,23.224385695551153,150.0
4426000,122,23.217554272904664,150.0
4427000,122,23.21094859683117,150.0
4428000,122,23.20456852115919,150.0
4429000,122,23.19841392545648,150.0
4430000,122,23.19248471468979,150.0
4431000,122,23.186780820983888,150.0
4432000,122,23.18130220515506,150.0
4433000,122,23.1760488545368,150.0
4434000,122,23.171020789286874,150.0
4435000,122,23.166218057198616,150.0
4436000,122,23.161640740140054,150.0
4437000,122,23.157288950389187,150.0
4438000,122,23.15316283354422,150.0
4439000,122,23.14926256897558,150.0
4440000,122,23.145588370361775,150.0
4441000,122,23.14214048632086,150.0
4442000,122,23.138919200992024,150.0
4443000,122,23.135924835377114,150.0
4444000,122,23.133157744646773,150.0
4445000,122,23.130618324172165,150.0
4446000,122,23.128307004379682,150.0
4447000,122,23.12622425427968,150.0
4448000,122,23.124370580982,150.0
4449000,122,23.122746529958864,150.0
4450000,122,23.121352685252315,150.0
4451000,122,23.120189669636666,150.0
4452000,122,23.119258145375685,150.0
4453000,122,23.118558811564114,150.0
4454000,122,23.118092408908158,150.0
4455000,122,23.117859714809722,150.0
4456000,123,24.593128212846814,150.0
4457000,123,24.57881086707744,150.0
4458000,123,24.564842180494868,150.0
4459000,123,24.551222302182506,150.0
4460000,123,24.537951324741858,150.0
4461000,123,24.525029287228794,150.0
4462000,123,24.512456179249746,150.0
4463000,123,24.5002319413803,150.0
4464000,123,24.488356473384062,150.0
4465000,123,24.47682963303047,150.0
4466000,123,24.465651243593353,150.0
4467000,123,24.454821094644444,150.0
4468000,123,24.444338946928397,150.0
4469000,123,24.43420453553684,150.0
4470000,123,24.42441757433327,150.0
4471000,123,24.414977758615958,150.0
4472000,123,24.405884769766878,150.0
4473000,123,24.39713827649786,150.0
4474000,123,24.388737942162066,150.0
4475000,123,24.38068342365649,150.0
4476000,123,24.37297437924448,150.0
4477000,123,24.365610468030056,150.0
4478000,124,22.734248368950446,150.0
4479000,124,22.724397800035188,150.0
4480000,124,22.71481580014266,150.0
4481000,124,22.705500694285444,150.0
4482000,124,22.69645080994544,150.0
4483000,124,22.68766447775664,150.0
4484000,124,22.67914004048489,150.0
4485000,124,22.670875850241693,150.0
4486000,124,22.66287027392488,150.0
4487000,124,22.655121698538046,150.0
4488000,124,22.647628529166877,150.0
4489000,124,22.64038919459062,150.0
4490000,124,22.63340214946591,150.0
4491000,124,22.626665876554792,150.0
4492000,124,22.620178889176636,150.0
4493000,124,22.613939733381574,150.0
4494000,124,22.607946990607676,150.0
4495000,124,22.602199278966427,150.0
4496000,124,22.596695256888193,150.0
4497000,124,22.591433621307615,150.0
4498000,124,22.58641311511086,150.0
4499000,124,22.581632523024247,150.0
4500000,124,22.57709067856916,150.0
4501000,124,22.57278646111979,150.0
4502000,124,22.568718799912435,150.0
4503000,124,22.5648866747717,150.0
4504000,124,22.561289117393503,150.0
4505000,124,22.557925212322225,150.0
4506000,124,22.554794098940828,150.0
4507000,124,22.551894970980573,150.0
4508000,124,22.549227079792033,150.0
4509000,124,22.546789731261956,150.0
4510000,124,22.54458229223016,150.0
4511000,124,22.542604185084265,150.0
4512000,124,22.54085489453034,150.0
4513000,124,22.539333962576613,150.0
4514000,124,22.53804099292076,150.0
4515000,124,22.536975650125033,150.0
4516000,124,22.536137659099033,150.0
4517000,124,22.535526807155833,150.0
4518000,124,22.535142943838554,150.0
4519000,124,22.534985978151106,150.0
4520000,124,22.53505588505902,150.0
4521000,124,22.53535269749237,150.0
4522000,124,22.535876514702164,150.0
4523000,124,22.536627494503627,150.0
4524000,124,22.537605858349426,150.0
4525000,124,22.53881188906012,150.0
4526000,124,22.540245931570595,150.0
4527000,124,22.54190838981829,150.0
4528000,124,22.543799731169333,150.0
4529000,124,22.545920480432677,150.0
4530000,124,22.548271224383125,150.0
4531000,124,22.55085260792215,150.0
4532000,124,22.55366533339329,150.0
4533000,124,22.556710162246908,150.0
4534000,124,22.559987911677737,150.0
4535000,124,22.563499453896586,150.0
4536000,124,22.567245718057467,150.0
4537000,124,22.57122768505358,150.0
4538000,124,22.575446388923325,150.0
4539000,124,22.579902914949646,150.0
4540000,124,22.58459839788105,150.0
4541000,124,22.58953402285424,150.0
4542000,124,22.594711018392648,150.0
4543000,124,22.600130662543783,150.0
4544000,124,22.605794273397382,150.0
4545000,124,22.61170321329822,150.0
4546000,124,22.617858882696403,150.0
4547000,124,22.624262721927103,150.0
4548000,124,22.630916205587845,150.0
4549000,125,21.993974035141303,150.0
4550000,125,21.992733404464786,150.0
4551000,125,21.991611284763128,150.0
4552000,125,21.99060746200099,150.0
4553000,125,21.989721761832616,150.0
4554000,125,21.988954049612694,150.0
4555000,125,21.988304229906458,150.0
4556000,125,21.987772248540246,150.0
4557000,126,22.490872144685184,150.0
4558000,126,22.48219191262004,150.0
4559000,126,22.473784336223478,150.0
4560000,126,22.46564739568187,150.0
4561000,126,22.45777908646454,150.0
4562000,126,22.45017743184712,150.0
4563000,126,22.442840475502383,150.0
4564000,126,22.43576629555632,150.0
4565000,126,22.428952998929578,150.0
4566000,126,22.42239873072818,150.0
4567000,126,22.4161016718465,150.0
4568000,126,22.41006004613492,150.0
4569000,126,22.40427212044545,150.0
4570000,126,22.398736207720113,150.0
4571000,126,22.393450669321155,150.0
4572000,126,22.388413916553922,150.0
4573000,126,22.383624416230873,150.0
4574000,126,22.379080684749155,150.0
4575000,126,22.37478130017041,150.0
4576000,126,22.3707248942584,150.0
4577000,126,22.366910163795055,150.0
4578000,126,22.36333586174475,150.0
4579000,126,22.36000080736195,150.0
4580000,126,22.356903880287692,150.0
4581000,126,22.35404402975323,150.0
4582000,126,22.35142026899679,150.0
4583000,126,22.349031676266414,150.0
4584000,126,22.34687740242323,150.0
4585000,126,22.34495666359359,150.0
4586000,126,22.34326874927265,150.0
4587000,126,22.34181301481593,150.0
4588000,126,22.340588888701138,150.0
4589000,126,22.33959587220715,150.0
4590000,126,22.338833535396176,150.0
4591000,126,22.33830152341065,150.0
4592000,126,22.337999551424097,150.0
4593000,126,22.337927407071845,150.0
4594000,126,22.338084952809215,150.0
4595000,126,22.338472121582377,150.0
4596000,126,22.33908891936623,150.0
4597000,126,22.339935424096275,150.0
4598000,126,22.34101178715538,150.0
4599000,126,22.342318232178993,150.0
4600000,126,22.343855052763274,150.0
4601000,126,22.345622613709978,150.0
4602000,126,22.34762135294765,150.0
4603000,126,22.34985177603678,150.0
4604000,126,22.352314458490874,150.0
4605000,126,22.355010046478874,150.0
4606000,126,22.357939252223268,150.0
4607000,126,22.361102855751916,150.0
4608000,126,22.364501703282798,150.0
4609000,126,22.368136706180135,150.0
4610000,126,22.372008840438234,150.0
4611000,126,22.37611914215617,150.0
4612000,126,22.38046871385988,150.0
4613000,126,22.38505871299257,150.0
4614000,126,22.389890358659667,150.0
4615000,126,22.39496492693687,150.0
4616000,126,22.400283747225107,150.0
4617000,126,22.405848203126553,150.0
4618000,126,22.41165973124646,150.0
4619000,126,22.417719815957593,150.0
4620000,126,22.424029989567696,150.0
4621000,126,22.43059182949103,150.0
4622000,127,21.871017668442477,150.0
4623000,127,21.869848718255685,150.0
4624000,127,21.868796439229158,150.0
4625000,127,21.867860515241006,150.0
4626000,127,21.867040673715856,150.0
4627000,127,21.866336681910838,150.0
4628000,127,21.865748352894713,150.0
4629000,127,21.865275538624367,150.0
4630000,127,21.864918135911683,150.0
4631000,127,21.864676082956983,150.0
4632000,127,21.864549360183204,150.0
4633000,127,21.864537991099088,150.0
4634000,127,21.864642039604647,150.0
4635000,127,21.864861612109873,150.0
4636000,127,21.86519685788624,150.0
4637000,128,22.87362595702389,150.0
4638000,128,22.86350984093811,150.0
4639000,128,22.853641986282764,150.0
4640000,128,22.844021801876963,150.0
4641000,128,22.834648709037776,150.0
4642000,128,22.825522142810367,150.0
4643000,128,22.816641550339874,150.0
4644000,128,22.808006395817713,150.0
4645000,128,22.79961616159675,150.0
4646000,128,22.79147034900935,150.0
4647000,128,22.78356848325747,150.0
4648000,128,22.77591011285715,150.0
4649000,128,22.768494809449177,150.0
4650000,128,22.76132217393463,150.0
4651000,128,22.754391834865153,150.0
4652000,128,22.74770345207431,150.0
4653000,128,22.74125671603278,150.0
4654000,128,22.735051351627334,150.0
4655000,128,22.729087118373965,150.0
4656000,128,22.723363811474623,150.0
4657000,128,22.71788126499463,150.0
4658000,128,22.712639353908973,150.0
4659000,128,22.70763798798919,150.0
4660000,128,22.70287712402862,150.0
4661000,128,22.69835675995716,150.0
4662000,128,22.694076938449026,150.0
4663000,128,22.690037745271685,150.0
4664000,128,22.686239314040698,150.0
4665000,128,22.682681826739444,150.0
4666000,128,22.679365509799357,150.0
4667000,128,22.676290641862696,150.0
4668000,128,22.67345755024635,150.0
4669000,128,22.670866612763586,150.0
4670000,128,22.668518259048483,150.0
4671000,128,22.666412968552198,150.0
4672000,128,22.664551274534887,150.0
4673000,128,22.662933763752104,150.0
4674000,128,22.66156107428205,150.0
4675000,128,22.660433899072277,150.0
4676000,128,22.65955298432721,150.0
4677000,128,22.65891913012851,150.0
4678000,128,22.658533191109072,150.0
4679000,128,22.65839607401184,150.0
4680000,128,22.658508741837878,150.0
4681000,128,22.6588722082981,150.0
4682000,128,22.6594875438134,150.0
4683000,128,22.66035586964701,150.0
4684000,128,22.66147835937325,150.0
4685000,128,22.66285623966577,150.0
4686000,128,22.664490788351134,150.0
4687000,128,22.666383331939205,150.0
4688000,128,22.66853524860959,150.0
4689000,128,22.670947963268148,150.0
4690000,128,22.673622947482766,150.0
4691000,128,22.676561722653464,150.0
4692000,128,22.67976584862894,150.0
4693000,128,22.683236933700158,150.0
4694000,128,22.686976625888907,150.0
4695000,128,22.690986609847062,150.0
4696000,129,23.423321980722037,150.0
4697000,129,23.415675203834315,150.0
4698000,129,23.408249689416646,150.0
4699000,129,23.401045469771653,150.0
4700000,129,23.394062597169253,150.0
4701000,129,23.387301145868186,150.0
4702000,129,23.38076121351468,150.0
4703000,129,23.37444291890704,150.0
4704000,129,23.36834640752578,150.0
4705000,129,23.362471850219446,150.0
4706000,129,23.356819440865294,150.0
4707000,129,23.351389403999217,150.0
4708000,129,23.34618198873177,150.0
4709000,129,23.341197473364993,150.0
4710000,129,23.336436165100782,150.0
4711000,129,23.331898400856964,150.0
4712000,129,23.327584547237876,150.0
4713000,129,23.323495002259154,150.0
4714000,129,23.31963019536901,150.0
4715000,129,23.31599058623737,150.0
4716000,130,24.878647795054793,150.0
4717000,130,24.860205895910294,150.0
4718000,130,24.84208941590853,150.0
4719000,130,24.82429941189655,150.0
4720000,130,24.806836874740796,150.0
4721000,130,24.789702733042773,150.0
4722000,130,24.772897851662783,150.0
4723000,130,24.75642303568877,150.0
4724000,130,24.740279031346542,150.0
4725000,130,24.72446652525877,150.0
4726000,130,24.708986151198793,150.0
4727000,130,24.693838485614076,150.0
4728000,130,24.679024056092995,150.0
4729000,130,24.664543338631482,150.0
4730000,130,24.650396762845727,150.0
4731000,130,24.636584712273255,150.0
4732000,130,24.62310752939152,150.0
4733000,130,24.609965516004454,150.0
4734000,130,24.59715893661334,150.0
4735000,130,24.584688020625407,150.0
4736000,130,24.57255296651636,150.0
4737000,130,24.560753944089452,150.0
4738000,130,24.549291096089735,150.0
4739000,130,24.538164541791843,150.0
4740000,130,24.52737438062329,150.0
4741000,130,24.516920695751917,150.0
4742000,130,24.50680355415563,150.0
4743000,130,24.497023010972264,150.0
4744000,130,24.48757911335914,150.0
4745000,130,24.478471903554738,150.0
4746000,130,24.469701417703583,150.0
4747000,130,24.461267694572314,150.0
4748000,130,24.45317077345749,150.0
4749000,130,24.445410698715982,150.0
4750000,130,24.437987522270713,150.0
4751000,131,22.857257875262935,150.0
4752000,131,22.84733962625246,150.0
4753000,131,22.837680634866103,150.0
4754000,131,22.828279557347116,150.0
4755000,131,22.819135056431403,150.0
4756000,131,22.810245798046825,150.0
4757000,131,22.80161045652885,150.0
4758000,131,22.793227719430988,150.0
4759000,131,22.785096285142835,150.0
4760000,131,22.7772148688303,150.0
4761000,131,22.769582203409474,150.0
4762000,131,22.762197042333582,150.0
4763000,131,22.75505816154449,150.0
4764000,131,22.748164361596103,150.0
4765000,131,22.741514469785393,150.0
4766000,131,22.73510734210759,150.0
4767000,131,22.72894186597982,150.0
4768000,131,22.72301695879152,150.0
4769000,131,22.717331575448824,150.0
4770000,131,22.711884703561473,150.0
4771000,131,22.706675371354507,150.0
4772000,131,22.701702643780877,150.0
4773000,131,22.696965626517077,150.0
4774000,131,22.692463469402988,150.0
4775000,131,22.688195363153195,150.0
4776000,131,22.6841605440168,150.0
4777000,131,22.680358294708306,150.0
4778000,131,22.67678794248662,150.0
4779000,131,22.67344886491037,150.0
4780000,131,22.67034048846922,150.0
4781000,131,22.66746228706368,150.0
4782000,131,22.664813788831154,150.0
4783000,131,22.662394569796067,150.0
4784000,131,22.660204261731668,150.0
4785000,131,22.65824254690987,150.0
4786000,131,22.656509161895308,150.0
4787000,131,22.655003897135757,150.0
4788000,131,22.653726598924237,150.0
4789000,131,22.652677165746166,150.0
4790000,131,22.651855553596853,150.0
4791000,131,22.651261774464412,150.0
4792000,131,22.650895893794107,150.0
4793000,131,22.650758035924376,150.0
4794000,131,22.650848379117264,150.0
4795000,131,22.6511671584903,150.0
4796000,131,22.651714665262006,150.0
4797000,131,22.65249124709572,150.0
4798000,131,22.653497306180896,150.0
4799000,131,22.65473330138978,150.0
4800000,131,22.656199747683164,150.0
4801000,131,22.657897213638773,150.0
4802000,131,22.65982632220843,150.0
4803000,131,22.661987751206297,150.0
4804000,131,22.66438223161191,150.0
4805000,131,22.667010546888303,150.0
4806000,131,22.669873534122964,150.0
4807000,131,22.67297207880325,150.0
4808000,131,22.676307119342855,150.0
4809000,131,22.679879642595022,150.0
4810000,131,22.683690683108104,150.0
4811000,131,22.68774132362815,150.0
4812000,131,22.69203269256986,150.0
4813000,131,22.696565963636083,150.0
4814000,131,22.701342352602452,150.0
4815000,131,22.70636311707232,150.0
4816000,131,22.711629556635657,150.0
4817000,131,22.717143008224273,150.0
4818000,131,22.7229048444127,150.0
4819000,131,22.728916474033728,150.0
4820000,131,22.73517933998433,150.0
4821000,132,22.08463282320577,150.0
4822000,132,22.083020174222074,150.0
4823000,132,22.08152925334742,150.0
4824000,132,22.08015985910188,150.0
4825000,133,22.513860101505394,150.0
4826000,133,22.50446518231675,150.0
4827000,133,22.49535082386649,150.0
4828000,133,22.486514833114843,150.0
4829000,133,22.477955026084004,150.0
4830000,133,22.469669229014315,150.0
4831000,133,22.46165528813513,150.0
4832000,133,22.4539110663315,150.0
4833000,133,22.44643445483193,150.0
4834000,133,22.439223368709957,150.0
4835000,133,22.432275757297514,150.0
4836000,133,22.42558960162887,150.0
4837000,133,22.419162920286524,150.0
4838000,133,22.412993773003056,150.0
4839000,133,22.407080261931743,150.0
4840000,133,22.40142053477023,150.0
4841000,133,22.396012787238977,150.0
4842000,133,22.39085526488624,150.0
4843000,133,22.38594626746151,150.0
4844000,133,22.381284147989195,150.0
4845000,133,22.376867315343517,150.0
4846000,133,22.372694239449824,150.0
4847000,133,22.36876344660704,150.0
4848000,133,22.36507352967459,150.0
4849000,133,22.361623140003,150.0
4850000,133,22.358410995183476,150.0
4851000,133,22.355435880300966,150.0
4852000,133,22.352696644982647,150.0
4853000,133,22.350192207542776,150.0
4854000,133,22.347921555284668,150.0
4855000,133,22.345883744754786,150.0
4856000,133,22.344077902760944,150.0
4857000,133,22.342503229047278,150.0
4858000,133,22.341158992164104,150.0
4859000,133,22.34004453582613,150.0
4860000,133,22.33915927408305,150.0
4861000,133,22.338502693266403,150.0
4862000,133,22.338074357026066,150.0
4863000,133,22.33787389756058,150.0
4864000,133,22.337901024609582,150.0
4865000,133,22.338155516616975,150.0
4866000,133,22.338637229647166,150.0
4867000,133,22.339346092459234,150.0
4868000,133,22.340282105588695,150.0
4869000,133,22.341445341866226,150.0
4870000,133,22.34283595091523,150.0
4871000,133,22.34445414979668,150.0
4872000,133,22.346300230852435,150.0
4873000,133,22.348374555641335,150.0
4874000,133,22.350677556493356,150.0
4875000,133,22.35320973714876,150.0
4876000,133,22.35597167066003,150.0
4877000,133,22.358963997276017,150.0
4878000,133,22.362187425564553,150.0
4879000,133,22.365642730780877,150.0
4880000,133,22.369330753109654,150.0
4881000,133,22.373252399434783,150.0
4882000,133,22.377408637699585,150.0
4883000,133,22.381800499539548,150.0
4884000,133,22.38642907436082,150.0
4885000,133,22.39129551480927,150.0
4886000,133,22.396401029936516,150.0
4887000,133,22.401746881382575,150.0
4888000,133,22.407334389058807,150.0
4889000,133,22.4131649245046,150.0
4890000,133,22.419239907781495,150.0
4891000,133,22.425560810190795,150.0
4892000,133,22.43212914700945,150.0
4893000,133,22.438946478228274,150.0
4894000,134,21.859518436008212,150.0
4895000,134,21.858558044448884,150.0
4896000,134,21.857712501361437,150.0
4897000,134,21.856981522136586,150.0
4898000,134,21.856364864740577,150.0
4899000,134,21.855862327283678,150.0
4900000,134,21.8554737525637,150.0
4901000,134,21.855199024911045,150.0
4902000,134,21.85503807088949,150.0
4903000,134,21.854990859255786,150.0
4904000,134,21.85505740091946,150.0
4905000,134,21.855237748924488,150.0
4906000,134,21.855531999233094,150.0
4907000,134,21.855940287565083,150.0
4908000,134,21.856462794167317,150.0
4909000,135,22.716315920989512,150.0
4910000,135,22.70706848312886,150.0
4911000,135,22.6980751726207,150.0
4912000,135,22.689335045441048,150.0
4913000,135,22.6808471724772,150.0
4914000,135,22.672610642302637,150.0
4915000,135,22.664624562831115,150.0
4916000,135,22.656888064575725,150.0
4917000,135,22.649400301104645,150.0
4918000,135,22.642160455896466,150.0
4919000,135,22.63516773458601,150.0
4920000,135,22.628421378230342,150.0
4921000,135,22.62192065831556,150.0
4922000,135,22.615664881070437,150.0
4923000,135,22.609653386271145,150.0
4924000,135,22.603885553195692,150.0
4925000,135,22.5983608000404,150.0
4926000,135,22.593078585813693,150.0
4927000,135,22.58803841105014,150.0
4928000,135,22.58323982087792,150.0
4929000,135,22.578682404374028,150.0
4930000,135,22.57436580021004,150.0
4931000,135,22.57028969160172,150.0
4932000,135,22.56645381275511,150.0
4933000,135,22.562857946215523,150.0
4934000,135,22.55950192889865,150.0
4935000,135,22.556385647674237,150.0
4936000,135,22.553509041739787,150.0
4937000,135,22.55087210968043,150.0
4938000,135,22.548474898956794,150.0
4939000,135,22.54631751766127,150.0
4940000,135,22.544400126273224,150.0
4941000,135,22.542722946170127,150.0
4942000,135,22.541286253365474,150.0
4943000,135,22.540090384038688,150.0
4944000,135,22.539135731861165,150.0
4945000,135,22.53842275119029,150.0
4946000,135,22.537951951993215,150.0
4947000,135,22.537723907705754,150.0
4948000,135,22.537739246945986,150.0
4949000,135,22.537998660844664,150.0
4950000,135,22.538502899392935,150.0
4951000,135,22.539252769820582,150.0
4952000,135,22.540249140690175,150.0
4953000,135,22.54149293719096,150.0
4954000,135,22.5429851421071,150.0
4955000,135,22.544726798879605,150.0
4956000,135,22.546719003534317,150.0
4957000,135,22.54896291134199,150.0
4958000,135,22.551459733348022,150.0
4959000,135,22.554210730464778,150.0
4960000,135,22.557217220510655,150.0
4961000,135,22.560480572157395,150.0
4962000,135,22.56400220360028,150.0
4963000,135,22.567783585381875,150.0
4964000,135,22.571826232934523,150.0
4965000,135,22.576131706472147,150.0
4966000,135,22.58070161347809,150.0
4967000,135,22.585537601275053,150.0
4968000,135,22.59064135833264,150.0
4969000,135,22.59601460861356,150.0
4970000,136,22.08673361059273,150.0
4971000,136,22.08428379204579,150.0
4972000,136,22.081963021977387,150.0
4973000,136,22.079771006555106,150.0
4974000,137,23.6473317184358,150.0
4975000,137,23.632832702355955,150.0
4976000,137,23.618554511334896,150.0
4977000,137,23.60449741122651,150.0
4978000,137,23.59066166622149,150.0
4979000,137,23.57704753796655,150.0
4980000,137,23.563655290915115,150.0
4981000,137,23.55048519112236,150.0
4982000,137,23.53753750400624,150.0
4983000,137,23.524812504089773,150.0
4984000,137,23.512310466146726,150.0
4985000,137,23.500031672549234,150.0
4986000,137,23.48797641134073,150.0
4987000,137,23.476144979376496,150.0
4988000,137,23.464537683637676,150.0
4989000,137,23.453154837274127,150.0
4990000,137,23.441996767828442,150.0
4991000,137,23.43106381495731,150.0
4992000,137,23.420356326944432,150.0
4993000,137,23.40987467314584,150.0
4994000,137,23.399619233699696,150.0
4995000,137,23.389590405805123,150.0
4996000,137,23.379788605551333,150.0
4997000,137,23.370214264995052,150.0
4998000,137,23.360867839225936,150.0
4999000,138,24.810266062061302,150.0
5000000,138,24.795269573531982,150.0
5001000,138,24.780591396793348,150.0
5002000,138,24.766232181738204,150.0
5003000,138,24.75219254622667,150.0
5004000,138,24.738473080546378,150.0
5005000,138,24.725074346277278,150.0
5006000,138,24.711996881197006,150.0
5007000,138,24.69924119676233,150.0
5008000,138,24.68680778695259,150.0
5009000,138,24.674697125685334,150.0
5010000,138,24.662909669429272,150.0
5011000,138,24.651445860302296,150.0
5012000,138,24.64030613048855,150.0
5013000,138,24.629490899758903,150.0
5014000,138,24.61900058125972,150.0
5015000,138,24.608835583369903,150.0
5016000,138,24.59899630985248,150.0
5017000,138,24.58948316440461,150.0
5018000,138,24.580296553147104,150.0
5019000,138,24.571436883498667,150.0
5020000,138,24.56290456890153,150.0
5021000,138,24.554700031170366,150.0
5022000,138,24.546823700879614,150.0
5023000,139,23.013742688281297,150.0
5024000,139,23.00341267805276,150.0
5025000,139,22.99333350997699,150.0
5026000,139,22.983504175090676,150.0
5027000,139,22.97392366586742,150.0
5028000,139,22.964590980342333,150.0
5029000,139,22.955505119792495,150.0
5030000,139,22.946665093189566,150.0
5031000,139,22.938069921932055,150.0
5032000,139,22.929718636229186,150.0
5033000,139,22.92161028151782,150.0
5034000,139,22.913743918517415,150.0
5035000,139,22.906118625723494,150.0
5036000,139,22.89873350192967,150.0
5037000,139,22.891587664831125,150.0
5038000,139,22.88468025733099,150.0
5039000,139,22.87801044742321,150.0
5040000,139,22.87157742676165,150.0
5041000,139,22.86538041831464,150.0
5042000,139,22.85941867136891,150.0
5043000,139,22.853691469283355,150.0
5044000,139,22.848198125620907,150.0
5045000,139,22.84293798840564,150.0
5046000,139,22.83791044091233,150.0
5047000,139,22.833114902736668,150.0
5048000,139,22.828550831115116,150.0
5049000,139,22.82421772206041,150.0
5050000,139,22.820115111465014,150.0
5051000,139,22.81624257688487,150.0
5052000,139,22.812599735508606,150.0
5053000,139,22.809186250458957,150.0
5054000,139,22.80600182627325,150.0
5055000,139,22.803046212063535,150.0
5056000,139,22.80031920454718,150.0
5057000,139,22.797820644202275,150.0
5058000,139,22.79555041888052,150.0
5059000,139,22.79350846389226,150.0
5060000,139,22.791694763159228,150.0
5061000,139,22.790109346425464,150.0
5062000,139,22.78875229543365,150.0
5063000,139,22.787623737913492,150.0
5064000,139,22.786723854318392,150.0
5065000,139,22.78605287226943,150.0
5066000,139,22.785611069982284,150.0
5067000,139,22.785398776132162,150.0
5068000,139,22.785416368915094,150.0
5069000,139,22.78566427708142,150.0
5070000,139,22.786142979981133,150.0
5071000,139,22.786853004828338,150.0
5072000,139,22.787794931344752,150.0
5073000,139,22.78896938668633,150.0
5074000,139,22.790377047674784,150.0
5075000,139,22.79201864050599,150.0
5076000,139,22.793894938897513,150.0
5077000,139,22.796006765169878,150.0
5078000,139,22.7983549886075,150.0
5079000,139,22.80094052367863,150.0
5080000,139,22.80376433292752,150.0
5081000,139,22.80682742183454,150.0
5082000,139,22.810130840460342,150.0
5083000,139,22.81367568178703,150.0
5084000,139,22.817463081229658,150.0
5085000,139,22.821494212751116,150.0
5086000,139,22.82577029290561,150.0
5087000,139,22.830292573375736,150.0
5088000,139,22.835062344097764,150.0
5089000,139,22.84008092890783,150.0
5090000,139,22.845349686423848,150.0
5091000,140,24.344801057156307,150.0
5092000,140,24.336988257400247,150.0
5093000,140,24.329534480037825,150.0
5094000,141,22.569623978386026,150.0
5095000,141,22.559566696181975,150.0
5096000,141,22.549793809857263,150.0
5097000,141,22.540303149580062,150.0
5098000,141,22.53109254234192,150.0
5099000,141,22.522159818455624,150.0
5100000,141,22.513502814616224,150.0
5101000,141,22.505119376547558,150.0
5102000,141,22.497007367349852,150.0
5103000,141,22.489164666090712,150.0
5104000,141,22.481589175927965,150.0
5105000,141,22.47427882314459,150.0
5106000,141,22.467231565877164,150.0
5107000,141,22.46044539181841,150.0
5108000,141,22.453918324230376,150.0
5109000,141,22.44764842548919,150.0
5110000,141,22.44163379729161,150.0
5111000,141,22.43587258586874,150.0
5112000,141,22.43036298259734,150.0
5113000,141,22.425103228314637,150.0
5114000,141,22.420091612752138,150.0
5115000,141,22.415326480648282,150.0
5116000,141,22.410806227219354,150.0
5117000,141,22.40652930772028,150.0
5118000,141,22.40249423462696,150.0
5119000,141,22.398699579837373,150.0
5120000,141,22.395143974658886,150.0
5121000,141,22.391826117099544,150.0
5122000,141,22.38874476477987,150.0
5123000,141,22.38589874244766,150.0
5124000,141,22.383286939931047,150.0
5125000,141,22.380908315481946,150.0
5126000,141,22.37876189452565,150.0
5127000,141,22.376846768786557,150.0
5128000,141,22.375162102593176,150.0
5129000,141,22.37370712968118,150.0
5130000,141,22.372481152704214,150.0
5131000,141,22.37148354520483,150.0
5132000,141,22.37071375420041,150.0
5133000,141,22.3701712954499,150.0
5134000,141,22.36985575880119,150.0
5135000,141,22.369766803833112,150.0
5136000,141,22.36990416368591,150.0
5137000,141,22.37026764418844,150.0
5138000,141,22.37085711922038,150.0
5139000,141,22.371672538378217,150.0
5140000,141,22.372713921793725,150.0
5141000,141,22.37398135919822,150.0
5142000,141,22.375475013347,150.0
5143000,141,22.377195117850825,150.0
5144000,141,22.379141972685524,150.0
5145000,141,22.381315951778824,150.0
5146000,141,22.38371749491859,150.0
5147000,141,22.38634711257938,150.0
5148000,141,22.389205380790177,150.0
5149000,141,22.392292942932244,150.0
5150000,141,22.39561050816854,150.0
5151000,141,22.399158849852128,150.0
5152000,141,22.402938806960513,150.0
5153000,141,22.406951279263968,150.0
5154000,141,22.41119722855867,150.0
5155000,141,22.41567767680932,150.0
5156000,141,22.42039370538809,150.0
5157000,141,22.425346451071153,150.0
5158000,141,22.43053710830759,150.0
5159000,141,22.435966925032638,150.0
5160000,141,22.44163720215427,150.0
5161000,141,22.447549289944494,150.0
5162000,141,22.453704587901527,150.0
5163000,141,22.46010454145518,150.0
5164000,141,22.466750642487426,150.0
5165000,141,22.47364442312665,150.0
5166000,142,21.87571690837971,150.0
5167000,142,21.87480278419111,150.0
5168000,142,21.874003281431023,150.0
5169000,142,21.873318137689214,150.0
5170000,142,21.872747130762484,150.0
5171000,142,21.87229008249586,150.0
5172000,142,21.871946855981673,150.0
5173000,142,21.871717356868913,150.0
5174000,142,21.87160153053733,150.0
5175000,142,21.871599366210386,150.0
5176000,142,21.8717108949709,150.0
5177000,142,21.871936187208153,150.0
5178000,142,21.87227535675939,150.0
5179000,142,21.87272856130951,150.0
5180000,143,22.598764106829062,150.0
5181000,143,22.59010026792044,150.0
5182000,143,22.58169588056102,150.0
5183000,143,22.57354963096043,150.0
5184000,143,22.56566022111904,150.0
5185000,143,22.55802637891479,150.0
5186000,143,22.550646853009546,150.0
5187000,143,22.543520425372655,150.0
5188000,143,22.536645901986766,150.0
5189000,143,22.530022125179975,150.0
5190000,143,22.52364796756689,150.0
5191000,143,22.517522343272653,150.0
5192000,143,22.511644200641804,150.0
5193000,143,22.50601253200312,150.0
5194000,143,22.50062636894405,150.0
5195000,143,22.495484790334096,150.0
5196000,143,22.490586917994094,150.0
5197000,143,22.485931923461756,150.0
5198000,143,22.481519027976333,150.0
5199000,143,22.477347500535597,150.0
5200000,143,22.4734166650073,150.0
5201000,143,22.469725897777845,150.0
5202000,143,22.46627462992988,150.0
5203000,143,22.463062348208872,150.0
5204000,143,22.460088596993668,150.0
5205000,143,22.4573529770901,150.0
5206000,143,22.454855151088704,150.0
5207000,143,22.45259483905888,150.0
5208000,143,22.450571821748873,150.0
5209000,143,22.448785943405824,150.0
5210000,143,22.4472371082132,150.0
5211000,143,22.44592528272587,150.0
5212000,143,22.444850500216916,150.0
5213000,143,22.44401285161806,150.0
5214000,143,22.443412496753403,150.0
5215000,143,22.443049658679282,150.0
5216000,143,22.442924623522934,150.0
5217000,143,22.443037742638722,150.0
5218000,143,22.44338943197902,150.0
5219000,143,22.44398017107905,150.0
5220000,143,22.44481050686466,150.0
5221000,143,22.445881046589445,150.0
5222000,143,22.447192465055004,150.0
5223000,143,22.44874549876456,150.0
5224000,143,22.450540946923965,150.0
5225000,143,22.45257967239566,150.0
5226000,143,22.454862598632438,150.0
5227000,143,22.457390713267465,150.0
5228000,143,22.460165061306967,150.0
5229000,143,22.46318674875523,150.0
5230000,143,22.466456937197584,150.0
5231000,143,22.469976849790744,150.0
5232000,143,22.473747763871554,150.0
5233000,143,22.47777100892669,150.0
5234000,143,22.482047971074365,150.0
5235000,143,22.486580085210356,150.0
5236000,143,22.491368838186172,150.0
5237000,143,22.496415763053502,150.0
5238000,143,22.50172243930904,150.0
5239000,143,22.507290490224516,150.0
5240000,143,22.513121579592873,150.0
5241000,144,21.988504247905556,150.0
5242000,144,21.986560226317767,150.0
5243000,144,21.984740619312063,150.0
5244000,144,21.983045102187628,150.0
5245000,144,21.981473395807136,150.0
5246000,144,21.980025259055505,150.0
5247000,144,21.978700488901456,150.0
5248000,144,21.977498925816906,150.0
5249000,144,21.97642045053922,150.0
5250000,145,23.353837160135196,150.0
5251000,145,23.340909254979945,150.0
5252000,145,23.328212857143928,150.0
5253000,145,23.31574800923695,150.0
5254000,145,23.30351475062749,150.0
5255000,145,23.291513128510392,150.0
5256000,145,23.27974318943157,150.0
5257000,145,23.26820498774653,150.0
5258000,145,23.256898579731224,150.0
5259000,145,23.24582403463964,150.0
5260000,145,23.234981427308973,150.0
5261000,145,23.224370842345824,150.0
5262000,145,23.213992379111623,150.0
5263000,145,23.20384614529585,150.0
5264000,145,23.193932265943577,150.0
5265000,145,23.184250880321834,150.0
5266000,145,23.174802144306376,150.0
5267000,145,23.165586230529794,150.0
5268000,145,23.156603334835662,150.0
5269000,145,23.147853666880646,150.0
5270000,145,23.139337464106237,150.0
5271000,145,23.13105498293198,150.0
5272000,145,23.123006506582108,150.0
5273000,145,23.115192341484526,150.0
5274000,145,23.107612821175575,150.0
5275000,145,23.100268305611227,150.0
5276000,145,23.093159185738042,150.0
5277000,145,23.086285882305447,150.0
5278000,145,23.079648843468192,150.0
5279000,145,23.073248552241573,150.0
5280000,145,23.067085524927624,150.0
5281000,145,23.06116031086225,150.0
5282000,145,23.055473492265996,150.0
5283000,145,23.05002569063181,150.0
5284000,145,23.04481756130695,150.0
5285000,145,23.039849798687108,150.0
5286000,145,23.03512313486489,150.0
5287000,145,23.030638340902975,150.0
5288000,145,23.026396226947117,150.0
5289000,145,23.022397645137403,150.0
5290000,145,23.018643486204937,150.0
5291000,146,24.70603347563954,150.0
5292000,146,24.69705242935659,150.0
5293000,146,24.68838978449342,150.0
5294000,146,24.680046314781677,150.0
5295000,146,24.672022807681525,150.0
5296000,147,23.178161824496435,150.0
5297000,147,23.167622710562576,150.0
5298000,147,23.15732491119588,150.0
5299000,147,23.147267730196265,150.0
5300000,147,23.137450470956118,150.0
5301000,147,23.127872441024632,150.0
5302000,147,23.118532955325477,150.0
5303000,147,23.109431334624638,150.0
5304000,147,23.10056690880782,150.0
5305000,147,23.09193901871605,150.0
5306000,147,23.08354701773529,150.0
5307000,147,23.075390273386805,150.0
5308000,147,23.067468167073763,150.0
5309000,147,23.059780099129906,150.0
5310000,147,23.052325488666895,150.0
5311000,147,23.045103772408684,150.0
5312000,147,23.03811441184096,150.0
5313000,147,23.031356888253864,150.0
5314000,147,23.02483071001077,150.0
5315000,147,23.018535409232545,150.0
5316000,147,23.012470544530384,150.0
5317000,147,23.006635705199727,150.0
5318000,147,23.001030507600888,150.0
5319000,147,22.995654599901624,150.0
5320000,147,22.990507659962127,150.0
5321000,147,22.98558940038425,150.0
5322000,147,22.980899567091114,150.0
5323000,147,22.976437941318352,150.0
5324000,147,22.97220433779627,150.0
5325000,147,22.96819861098125,150.0
5326000,147,22.964420650551972,150.0
5327000,147,22.96087038517165,150.0
5328000,147,22.957547781966205,150.0
5329000,147,22.954452850042326,150.0
5330000,147,22.951585637498848,150.0
5331000,147,22.948946232060987,150.0
5332000,147,22.946534765373983,150.0
5333000,147,22.94435141127008,150.0
5334000,147,22.9423963840315,150.0
5335000,147,22.94066994404486,150.0
5336000,147,22.93917239285178,150.0
5337000,147,22.937904075942434,150.0
5338000,147,22.93686538480118,150.0
5339000,147,22.93605675384988,150.0
5340000,147,22.935478660448837,150.0
5341000,147,22.935131628539416,150.0
5342000,147,22.935016226442606,150.0
5343000,147,22.93513306512345,150.0
5344000,147,22.9354828022884,150.0
5345000,147,22.936066138158516,150.0
5346000,147,22.936883817181478,150.0
5347000,147,22.93793662777661,150.0
5348000,147,22.9392254015453,150.0
5349000,147,22.94075101358328,150.0
5350000,147,22.942514379370788,150.0
5351000,147,22.94451645872745,150.0
5352000,147,22.94675825061943,150.0
5353000,147,22.949240794842396,150.0
5354000,147,22.951965171198594,150.0
5355000,147,22.954932497463773,150.0
5356000,148,24.410084490058257,150.0
5357000,148,24.399645427081403,150.0
5358000,148,24.38956512854199,150.0
5359000,148,24.37984297407054,150.0
5360000,148,24.370478315222986,150.0
5361000,148,24.361470480321053,150.0
5362000,148,24.35281877668245,150.0
5363000,148,24.344522498588898,150.0
5364000,148,24.336580927787622,150.0
5365000,148,24.32899333915502,150.0
5366000,148,24.321759006126463,150.0
5367000,149,22.62471373901893,150.0
5368000,149,22.61492706046983,150.0
5369000,149,22.60541763185496,150.0
5370000,149,22.59618345441857,150.0
5371000,149,22.58722253421349,150.0
5372000,149,22.578532883772912,150.0
5373000,149,22.57011252286778,150.0
5374000,149,22.561959488121595,150.0
5375000,149,22.554071829730958,150.0
5376000,149,22.54644762132831,150.0
5377000,149,22.53908495811457,150.0
5378000,149,22.531981961092185,150.0
5379000,149,22.525136783689714,150.0
5380000,149,22.518547609711042,150.0
5381000,149,22.51221265800002,150.0
5382000,149,22.506130186046967,150.0
5383000,149,22.500298490540164,150.0
5384000,149,22.494715911425153,150.0
5385000,149,22.48938083367938,150.0
5386000,149,22.484291687518827,150.0
5387000,149,22.479446953318593,150.0
5388000,149,22.47484516299297,150.0
5389000,149,22.47048489903789,150.0
5390000,149,22.46636479808292,150.0
5391000,149,22.462483554808585,150.0
5392000,149,22.458839918609986,150.0
5393000,149,22.455432697783255,150.0
5394000,149,22.452260760976408,150.0
5395000,149,22.449323037338857,150.0
5396000,149,22.446618517902532,150.0
5397000,149,22.444146256542222,150.0
5398000,149,22.44190537084845,150.0
5399000,149,22.439895043299533,150.0
5400000,149,22.438114520432578,150.0
5401000,149,22.436563116146342,150.0
5402000,149,22.43524020959455,150.0
5403000,149,22.434145246423423,150.0
5404000,149,22.4332777417798,150.0
5405000,149,22.432637276140294,150.0
5406000,149,22.432223498568334,150.0
5407000,149,22.4320361264403,150.0
5408000,149,22.43207494436391,150.0
5409000,149,22.43233980559135,150.0
5410000,149,22.432830632823272,150.0
5411000,149,22.433547414953445,150.0
5412000,149,22.43449020881273,150.0
5413000,149,22.435659141056988,150.0
5414000,149,22.437054403622152,150.0
5415000,149,22.43867625573768,150.0
5416000,149,22.440525025390066,150.0
5417000,149,22.442601102736642,150.0
5418000,149,22.444904948215314,150.0
5419000,149,22.447437082552405,150.0
5420000,149,22.450198094927135,150.0
5421000,149,22.453188635513197,150.0
5422000,149,22.45640941782825,150.0
5423000,149,22.459861217139625,150.0
5424000,149,22.463544870115488,150.0
5425000,149,22.46746127065127,150.0
5426000,149,22.471611375327306,150.0
5427000,149,22.47599619453181,150.0
5428000,149,22.480616795264968,150.0
5429000,149,22.485474300184762,150.0
5430000,149,22.49056988505931,150.0
5431000,149,22.49590477612296,150.0
5432000,149,22.5014802492899,150.0
5433000,149,22.507297630392372,150.0
5434000,149,22.51335828968574,150.0
5435000,149,22.519663642275237,150.0
5436000,149,22.5262151454585,150.0
5437000,149,22.533014297120914,150.0
5438000,150,21.91805578591471,150.0
5439000,150,21.917033347604345,150.0
5440000,150,21.916126778968295,150.0
5441000,150,21.91533583181784,150.0
5442000,150,21.914660299021172,150.0
5443000,150,21.914100013061162,150.0
5444000,150,21.913654849905175,150.0
5445000,150,21.913324725015812,150.0
5446000,150,21.91310959423053,150.0
5447000,150,21.91300945629315,150.0
5448000,150,21.91302435015886,150.0
5449000,150,21.91315435663863,150.0
5450000,151,22.5229043664551,150.0
5451000,151,22.51447001637996,150.0
5452000,151,22.506300728833313,150.0
5453000,151,22.49839482950037,150.0
5454000,151,22.490750659351658,150.0
5455000,151,22.48336659080372,150.0
5456000,151,22.47624101893405,150.0
5457000,151,22.46937237278411,150.0
5458000,151,22.46275911340762,150.0
5459000,151,22.456399740307155,150.0
5460000,151,22.450292788426996,150.0
5461000,151,22.44443683597668,150.0
5462000,151,22.438830503542654,150.0
5463000,151,22.433472457780834,150.0
5464000,151,22.42836141034773,150.0
5465000,151,22.423496123674912,150.0
5466000,151,22.418875412893055,150.0
5467000,151,22.414498144432322,150.0
5468000,151,22.410363236720627,150.0
5469000,151,22.406469668085062,150.0
5470000,151,22.402816473678566,150.0
5471000,151,22.39940274570699,150.0
5472000,151,22.39622763640349,150.0
5473000,151,22.39329036089879,150.0
5474000,151,22.390590195785414,150.0
5475000,151,22.3881264816897,150.0
5476000,151,22.385898621249876,150.0
5477000,151,22.383906085087247,150.0
5478000,151,22.382148405843925,150.0
5479000,151,22.380625187267693,150.0
5480000,151,22.37933609802102,150.0
5481000,151,22.378280872469986,150.0
5482000,151,22.377459315628066,150.0
5483000,151,22.376871300039067,150.0
5484000,151,22.37651676763321,150.0
5485000,151,22.376395726271422,150.0
5486000,151,22.376508258298802,150.0
5487000,151,22.376854508860365,150.0
5488000,151,22.377434697605583,150.0
5489000,151,22.37824911115571,150.0
5490000,151,22.37929810296942,150.0
5491000,151,22.380582097795617,150.0
5492000,151,22.382101587768698,150.0
5493000,151,22.38385713263861,150.0
5494000,151,22.385849360314587,150.0
5495000,151,22.388078965403043,150.0
5496000,151,22.39054670672769,150.0
5497000,151,22.393253411007525,150.0
5498000,151,22.3961999695622,150.0
5499000,151,22.399387334625413,150.0
5500000,151,22.402816523828587,150.0
5501000,151,22.40648861601969,150.0
5502000,151,22.410404749149833,150.0
5503000,151,22.41456612078321,150.0
5504000,151,22.418973986060074,150.0
5505000,151,22.42362965524054,150.0
5506000,151,22.428534495783218,150.0
5507000,151,22.43368992464331,150.0
5508000,151,22.43909741160823,150.0
5509000,151,22.4447584737787,150.0
5510000,151,22.45067467609014,150.0
5511000,151,22.456847629055375,150.0
5512000,152,21.91782009309452,150.0
5513000,152,21.9162767326291,150.0
5514000,152,21.914853682414932,150.0
5515000,152,21.91355060573187,150.0
5516000,152,21.912367208971816,150.0
5517000,152,21.91130324070954,150.0
5518000,152,21.910358489150546,150.0
5519000,152,21.90953278512837,150.0
5520000,152,21.908826000213477,150.0
5521000,152,21.908238050534493,150.0
5522000,152,21.907768890919257,150.0
5523000,152,21.907418519481467,150.0
5524000,152,21.907186974643295,150.0
5525000,153,23.102234289108626,150.0
5526000,153,23.09078227444619,150.0
5527000,153,23.07957057965673,150.0
5528000,153,23.06859897761444,150.0
5529000,153,23.057867240219156,150.0
5530000,153,23.047375149095615,150.0
5531000,153,23.037122494082563,150.0
5532000,153,23.027109074644084,150.0
5533000,153,23.017334701754834,150.0
5534000,153,23.007799198389066,150.0
5535000,153,22.998502405372477,150.0
5536000,153,22.989444175407215,150.0
5537000,153,22.98062438212273,150.0
5538000,153,22.97204291728357,150.0
5539000,153,22.963699693356222,150.0
5540000,153,22.95559464459051,150.0
5541000,153,22.94772773000409,150.0
5542000,153,22.94009893212027,150.0
5543000,153,22.93270826036088,150.0
5544000,153,22.925555753685007,150.0
5545000,153,22.91864147809799,150.0
5546000,153,22.91196553077834,150.0
5547000,153,22.905528040656403,150.0
5548000,153,22.899329168539097,150.0
5549000,153,22.893369111679245,150.0
5550000,153,22.887648102271495,150.0
5551000,153,22.882166407010605,150.0
5552000,153,22.876924332235234,150.0
5553000,153,22.87192222294157,150.0
5554000,153,22.867160461341392,150.0
5555000,153,22.862639473709105,150.0
5556000,153,22.858359725304208,150.0
5557000,153,22.85432172525098,150.0
5558000,153,22.850526026072593,150.0
5559000,153,22.846973222371616,150.0
5560000,153,22.84366395537042,150.0
5561000,153,22.84059891161255,150.0
5562000,153,22.837778820538652,150.0
5563000,153,22.835204463961833,150.0
5564000,153,22.83287666412022,150.0
5565000,153,22.830796294585358,150.0
5566000,153,22.828964275345694,150.0
5567000,153,22.827381574191847,150.0
5568000,153,22.826049206858375,150.0
5569000,153,22.824968237677215,150.0
5570000,153,22.824139776074123,150.0
5571000,153,22.82356498516954,150.0
5572000,153,22.823245069399754,150.0
5573000,153,22.82318128467223,150.0
5574000,153,22.823374932739146,150.0
5575000,154,23.29512215351769,150.0
5576000,154,23.285728444133138,150.0
5577000,154,23.276564507336158,150.0
5578000,154,23.26762996036275,150.0
5579000,154,23.258924429786195,150.0
5580000,154,23.25044755749159,150.0
5581000,154,23.242198998680074,150.0
5582000,154,23.234178424797832,150.0
5583000,154,23.226385521780003,150.0
5584000,154,23.218819996265616,150.0
5585000,154,23.211481571871058,150.0
5586000,154,23.204369992576062,150.0
5587000,154,23.197485026284287,150.0
5588000,154,23.190826461148745,150.0
5589000,154,23.184394110079257,150.0
5590000,154,23.178187810277272,150.0
5591000,154,23.172207425576126,150.0
5592000,154,23.16645284697159,150.0
5593000,154,23.16092399120342,150.0
5594000,154,23.15562080622295,150.0
5595000,154,23.150543269747867,150.0
5596000,154,23.145691387975685,150.0
5597000,154,23.14106520131573,150.0
5598000,154,23.136664780699654,150.0
5599000,154,23.132490230565224,150.0
5600000,154,23.12854168931483,150.0
5601000,154,23.124819329884684,150.0
5602000,154,23.121323360401753,150.0
5603000,154,23.118054024863714,150.0
5604000,154,23.11501160416415,150.0
5605000,154,23.112196414167634,150.0
5606000,154,23.1096088108087,150.0
5607000,154,23.107249185138993,150.0
5608000,154,23.10511796915798,150.0
5609000,154,23.10321563129553,150.0
5610000,154,23.10154267953698,150.0
5611000,154,23.10009966094434,150.0
5612000,154,23.09888716180025,150.0
5613000,154,23.097905808491294,150.0
5614000,154,23.097156264781376,150.0
5615000,154,23.09663923663711,150.0
5616000,154,23.096355467415414,150.0
5617000,154,23.09630574047784,150.0
5618000,154,23.096490878341445,150.0
5619000,155,24.56431183089253,150.0
5620000,155,24.550510695249248,150.0
5621000,155,24.537060132241532,150.0
5622000,155,24.523960179476497,150.0
5623000,155,24.51121082158266,150.0
5624000,155,24.498811993255405,150.0
5625000,155,24.486763580112633,150.0
5626000,155,24.475065427096013,150.0
5627000,155,24.463717336637544,150.0
5628000,155,24.452719078064167,150.0
5629000,155,24.442070386205746,150.0
5630000,155,24.43177096815189,150.0
5631000,155,24.421820505768434,150.0
5632000,155,24.412218660242853,150.0
5633000,155,24.402965075507176,150.0
5634000,155,24.39405938019293,150.0
5635000,155,24.385501194940243,150.0
5636000,155,24.377290131460327,150.0
5637000,155,24.369425800458355,150.0
5638000,155,24.361907811256266,150.0
5639000,156,22.72482471988264,150.0
5640000,156,22.714852675863945,150.0
5641000,156,22.70515114162868,150.0
5642000,156,22.695718401265108,150.0
5643000,156,22.68655273967341,150.0
5644000,156,22.67765244331643,150.0
5645000,156,22.66901580951122,150.0
5646000,156,22.66064114259236,150.0
5647000,156,22.65252676396025,150.0
5648000,156,22.64467100893899,150.0
5649000,156,22.637072232494063,150.0
5650000,156,22.62972881401253,150.0
5651000,156,22.622639155478474,150.0
5652000,156,22.61580168709846,150.0
5653000,156,22.609214869016892,150.0
5654000,156,22.602877193562524,150.0
5655000,156,22.59678718803248,150.0
5656000,156,22.590943416796915,150.0
5657000,156,22.585344481021323,150.0
5658000,156,22.579989025025085,150.0
5659000,156,22.57487573582951,150.0
5660000,156,22.57000334235868,150.0
5661000,156,22.56537062348901,150.0
5662000,156,22.56097640275964,150.0
5663000,156,22.556819553576915,150.0
5664000,156,22.552899002278803,150.0
5665000,156,22.54921372487565,150.0
5666000,156,22.545762751251708,150.0
5667000,156,22.542545166438146,150.0
5668000,156,22.539560110873904,150.0
5669000,156,22.536806779908964,150.0
5670000,156,22.53428442846776,150.0
5671000,156,22.531992369771157,150.0
5672000,156,22.52992997381976,150.0
5673000,156,22.52809667316586,150.0
5674000,156,22.526491959303947,150.0
5675000,156,22.525115384309355,150.0
5676000,156,22.523966562839117,150.0
5677000,156,22.523045170200305,150.0
5678000,156,22.522350944774274,150.0
5679000,156,22.52188368709956,150.0
5680000,156,22.521643260775086,150.0
5681000,156,22.52162959100156,150.0
5682000,156,22.52184266745095,150.0
5683000,156,22.522282541857432,150.0
5684000,156,22.52294932744035,150.0
5685000,156,22.523843203303393,150.0
5686000,156,22.52496440930268,150.0
5687000,156,22.52631324618558,150.0
5688000,156,22.527890078764525,150.0
5689000,156,22.529695333400944,150.0
5690000,156,22.53172949551731,150.0
5691000,156,22.533993113457875,150.0
5692000,156,22.53648679469725,150.0
5693000,156,22.539211205125948,150.0
5694000,156,22.542167070819154,150.0
5695000,156,22.545355173978436,150.0
5696000,156,22.548776355538195,150.0
5697000,156,22.552431509977726,150.0
5698000,156,22.55632158918061,150.0
5699000,156,22.560447596803556,150.0
5700000,156,22.564810589623047,150.0
5701000,156,22.569411675137715,150.0
5702000,156,22.574252011965047,150.0
5703000,156,22.579332806279304,150.0
5704000,156,22.58465530974615,150.0
5705000,156,22.59022082003194,150.0
5706000,156,22.596030679877533,150.0
5707000,156,22.602086270851583,150.0
5708000,156,22.608389014291905,150.0
5709000,156,22.614940370783227,150.0
5710000,157,21.984514481273145,150.0
5711000,157,21.98324609484672,150.0
5712000,157,21.982095986443948,150.0
5713000,157,21.981063917776776,150.0
5714000,157,21.98014969044655,150.0
5715000,157,21.979353145428295,150.0
5716000,157,21.978674165118008,150.0
5717000,157,21.97811267029481,150.0
5718000,157,21.977668621650498,150.0
5719000,158,22.491762053330056,150.0
5720000,158,22.483131534775605,150.0
5721000,158,22.47477277884644,150.0
5722000,158,22.466683797561174,150.0
5723000,158,22.458862619708057,150.0
5724000,158,22.45130730253969,150.0
5725000,158,22.44401592499463,150.0
5726000,158,22.43698659775247,150.0
5727000,158,22.43021746555645,150.0
5728000,158,22.423706708516722,150.0
5729000,158,22.417452543595502,150.0
5730000,158,22.41145323104119,150.0
5731000,158,22.405707074315245,150.0
5732000,158,22.400212423157022,150.0
5733000,158,22.39496767587145,150.0
5734000,158,22.38997128158352,150.0
5735000,158,22.385221741206063,150.0
5736000,158,22.380717612803625,150.0
5737000,158,22.37645750780576,150.0
5738000,158,22.3724400989493,150.0
5739000,158,22.36866411563295,150.0
5740000,158,22.365128350863415,150.0
5741000,158,22.361831659379845,150.0
5742000,158,22.358772960588603,150.0
5743000,158,22.355951236732487,150.0
5744000,158,22.353365537617783,150.0
5745000,158,22.351014981632193,150.0
5746000,158,22.348898753653682,150.0
5747000,158,22.3470161050763,150.0
5748000,158,22.345366361252932,150.0
5749000,158,22.343948913934526,150.0
5750000,158,22.34276322846824,150.0
5751000,158,22.3418088391128,150.0
5752000,158,22.341085352367497,150.0
5753000,158,22.340592446547934,150.0
5754000,158,22.340329871234946,150.0
5755000,158,22.34029745057177,150.0
5756000,158,22.34049507856386,150.0
5757000,158,22.340922721776142,150.0
5758000,158,22.34158042105283,150.0
5759000,158,22.342468286571872,150.0
5760000,158,22.343586503201344,150.0
5761000,158,22.3449353253831,150.0
5762000,158,22.34651507873468,150.0
5763000,158,22.348326162171418,150.0
5764000,158,22.350369042403035,150.0
5765000,158,22.35264425719803,150.0
5766000,158,22.355152412851204,150.0
5767000,158,22.35789418454125,150.0
5768000,158,22.36087031489258,150.0
5769000,158,22.364081613233544,150.0
5770000,158,22.367528954617836,150.0
5771000,158,22.37121327875582,150.0
5772000,158,22.375135588638376,150.0
5773000,158,22.37929695016735,150.0
5774000,158,22.383698489270092,150.0
5775000,158,22.38834139286784,150.0
5776000,158,22.393226903068925,150.0
5777000,158,22.398356320810397,150.0
5778000,158,22.403731002174666,150.0
5779000,158,22.40935235167351,150.0
5780000,158,22.415221829421778,150.0
5781000,158,22.421340941656744,150.0
5782000,158,22.42771124170068,150.0
5783000,158,22.434334326767683,150.0
5784000,159,21.874056551309447,150.0
5785000,159,21.872898465054487,150.0
5786000,159,21.871857256643548,150.0
5787000,159,21.870932622856333,150.0
5788000,159,21.87012430552488,150.0
5789000,159,21.869432084603503,150.0
5790000,159,21.86885578734477,150.0
5791000,159,21.868395280900998,150.0
5792000,159,21.86805047361812,150.0
5793000,159,21.867821316317126,150.0
5794000,159,21.867707803498536,150.0
5795000,159,21.867709971078533,150.0
5796000,159,21.867827897183616,150.0
5797000,159,21.868061702948868,150.0
5798000,159,21.868411549468625,150.0
5799000,160,22.891678034961647,150.0
5800000,160,22.8815550768144,150.0
5801000,160,22.87167927568599,150.0
5802000,160,22.862050088811205,150.0
5803000,160,22.85266698629709,150.0
5804000,160,22.843529452264402,150.0
5805000,160,22.834636983192407,150.0
5806000,160,22.82598909280657,150.0
5807000,160,22.81758531314762,150.0
5808000,160,22.809425195337155,150.0
5809000,160,22.801508314447794,150.0
5810000,160,22.79383426887601,150.0
5811000,160,22.786402680136327,150.0
5812000,160,22.779213199663275,150.0
5813000,160,22.772265503530143,150.0
5814000,160,22.76555930408095,150.0
5815000,160,22.759094338299324,150.0
5816000,160,22.752870382471894,150.0
5817000,160,22.746887244397527,150.0
5818000,160,22.74114476873316,150.0
5819000,160,22.73564283765277,150.0
5820000,160,22.730381371095557,150.0
5821000,160,22.725360332345875,150.0
5822000,160,22.720579722426525,150.0
5823000,160,22.716039586045444,150.0
5824000,160,22.711740012570672,150.0
5825000,160,22.707681136083256,150.0
5826000,160,22.70386313395825,150.0
5827000,160,22.700286234239638,150.0
5828000,160,22.696950708222833,150.0
5829000,160,22.693856878938536,150.0
5830000,160,22.691005118669985,150.0
5831000,160,22.688395846369083,150.0
5832000,160,22.686029533797377,150.0
5833000,160,22.683906706773737,150.0
5834000,160,22.682027938246318,150.0
5835000,160,22.68039385335259,150.0
5836000,160,22.679005134994313,150.0
5837000,160,22.677862512584245,150.0
5838000,160,22.676966772563727,150.0
5839000,160,22.67631875407353,150.0
5840000,160,22.675919347679976,150.0
5841000,160,22.675769499605742,150.0
5842000,160,22.67587020675917,150.0
5843000,160,22.67622252020208,150.0
5844000,160,22.676827545137858,150.0
5845000,160,22.67768643504938,150.0
5846000,160,22.67880039842122,150.0
5847000,160,22.680170694208606,150.0
5848000,160,22.68179863109918,150.0
5849000,160,22.683685566103726,150.0
5850000,160,22.685832905304107,150.0
5851000,160,22.6882421050224,150.0
5852000,160,22.690914664426018,150.0
5853000,160,22.693852128100346,150.0
5854000,160,22.697056085904453,150.0
5855000,160,22.70052816712041,150.0
5856000,161,23.410421365909293,150.0
5857000,161,23.402500497464544,150.0
5858000,161,23.39480154260294,150.0
5859000,161,23.387324476545043,150.0
5860000,161,23.380069295212564,150.0
5861000,161,23.373036014298133,150.0
5862000,161,23.366224671301804,150.0
5863000,161,23.359635326182325,150.0
5864000,161,23.35326806226756,150.0
5865000,161,23.34712298812127,150.0
5866000,161,23.341200234432783,150.0
5867000,161,23.335499961781327,150.0
5868000,161,23.330022353763766,150.0
5869000,161,23.324767624769244,150.0
5870000,161,23.319736015143047,150.0
5871000,161,23.3149277949657,150.0
5872000,161,23.310343263966697,150.0
5873000,161,23.305982752323363,150.0
5874000,161,23.301846620664847,150.0
5875000,161,23.297935261713064,150.0
5876000,161,23.294249100509617,150.0
5877000,161,23.290788592467656,150.0
5878000,161,23.28755422928759,150.0
5879000,162,24.839435876981113,150.0
5880000,162,24.821459162575106,150.0
5881000,162,24.80381149059034,150.0
5882000,162,24.786493817239947,150.0
5883000,162,24.76950703344374,150.0
5884000,162,24.752851967219325,150.0
5885000,162,24.736529381223665,150.0
5886000,162,24.720539980276467,150.0
5887000,162,24.70488440787736,150.0
5888000,162,24.689563251679505,150.0
5889000,162,24.674577043197086,150.0
5890000,162,24.659926262311842,150.0
5891000,162,24.645611337046592,150.0
5892000,162,24.63163264703529,150.0
5893000,162,24.617990526497017,150.0
5894000,162,24.604685266463175,150.0
5895000,162,24.591717118071227,150.0
5896000,162,24.57908629318285,150.0
5897000,162,24.566792969958293,150.0
5898000,162,24.55483729482163,150.0
5899000,162,24.54321938387814,150.0
5900000,162,24.53193932734438,150.0
5901000,162,24.52099719349049,150.0
5902000,162,24.51039302890281,150.0
5903000,162,24.50012686356481,150.0
5904000,162,24.49019871346193,150.0
5905000,162,24.480608583260917,150.0
5906000,162,24.471356468477257,150.0
5907000,162,24.462442360485998,150.0
5908000,162,24.453866247768303,150.0
5909000,162,24.445628118666924,150.0
5910000,162,24.437727964547904,150.0
5911000,162,24.430165782601907,150.0
5912000,163,22.84445997291987,150.0
5913000,163,22.83443961160736,150.0
5914000,163,22.824680345340287,150.0
5915000,163,22.815180788384843,150.0
5916000,163,22.805939554391067,150.0
5917000,163,22.79695526495577,150.0
5918000,163,22.78822654642822,150.0
5919000,163,22.779752034873546,150.0
5920000,163,22.771530381372347,150.0
5921000,163,22.763560249382135,150.0
5922000,163,22.75584032052519,150.0
5923000,163,22.748369296095742,150.0
5924000,163,22.74114589934538,150.0
5925000,163,22.734168877654138,150.0
5926000,163,22.72743700471615,150.0
5927000,163,22.720949082570215,150.0
5928000,163,22.714703944397975,150.0
5929000,163,22.70870045312456,150.0
5930000,163,22.702937509114793,150.0
5931000,163,22.697414045136792,150.0
5932000,163,22.692129034827893,150.0
5933000,163,22.687081487662052,150.0
5934000,163,22.682270456872377,150.0
5935000,163,22.67769503562398,150.0
5936000,163,22.673354361016774,150.0
5937000,163,22.669247615312266,150.0
5938000,163,22.665374026383606,150.0
5939000,163,22.66173286961639,150.0
5940000,163,22.658323469361285,150.0
5941000,163,22.655145196815166,150.0
5942000,163,22.652197476218824,150.0
5943000,163,22.64947978240174,150.0
5944000,163,22.646991641101298,150.0
5945000,163,22.644732630694957,150.0
5946000,163,22.64270238529883,150.0
5947000,163,22.64090059084597,150.0
5948000,163,22.63932698869323,150.0
5949000,163,22.637981375362074,150.0
5950000,163,22.63686360350625,150.0
5951000,163,22.63597357995552,150.0
5952000,163,22.63531127008319,150.0
5953000,163,22.634876695115782,150.0
5954000,163,22.634669932221705,150.0
5955000,163,22.634691115222246,150.0
5956000,163,22.634940436995947,150.0
5957000,163,22.6354181449188,150.0
5958000,163,22.636124545393915,150.0
5959000,163,22.63705999838178,150.0
5960000,163,22.638224923514,150.0
5961000,163,22.639619795533516,150.0
5962000,163,22.641245144520717,150.0
5963000,163,22.643101555782835,150.0
5964000,163,22.645189671647714,150.0
5965000,163,22.64751018686256,150.0
5966000,163,22.650063851328536,150.0
5967000,163,22.652851465774173,150.0
5968000,163,22.655873886208134,150.0
5969000,163,22.659132019146465,150.0
5970000,163,22.66262682034478,150.0
5971000,163,22.666359296408668,150.0
5972000,163,22.67033050204624,150.0
5973000,163,22.67454153956429,150.0
5974000,163,22.678993556780792,150.0
5975000,163,22.683687745358135,150.0
5976000,163,22.688625342182057,150.0
5977000,163,22.693807623562392,150.0
5978000,163,22.699235907515938,150.0
5979000,163,22.704911549177773,150.0
5980000,163,22.710835940470524,150.0
5981000,163,22.71701050796507,150.0
5982000,163,22.723436710764304,150.0
5983000,164,22.071126031130472,150.0
5984000,164,22.069618236727795,150.0
5985000,164,22.06823164087521,150.0
5986000,164,22.066966056370074,150.0
5987000,165,22.509376782650207,150.0
5988000,165,22.500061424033394,150.0
5989000,165,22.49102588065562,150.0
5990000,165,22.48226797134387,150.0
5991000,165,22.4737855243815,150.0
5992000,165,22.46557637947895,150.0
5993000,165,22.45763839665724,150.0
5994000,165,22.449969456993923,150.0
5995000,165,22.44256746603141,150.0
5996000,165,22.43543035745621,150.0
5997000,165,22.428556099331146,150.0
5998000,165,22.421942691809395,150.0
5999000,165,22.415588175508674,150.0
6000000,165,22.409490629920615,150.0
6001000,165,22.403648179783332,150.0
6002000,165,22.398058995575315,150.0
6003000,165,22.392721295917095,150.0
6004000,165,22.38763335209242,150.0
6005000,165,22.38279348633391,150.0
6006000,165,22.37820007854529,150.0
6007000,165,22.37385156281042,150.0
6008000,165,22.369746435277403,150.0
6009000,165,22.365883248906115,150.0
6010000,165,22.36226062367289,150.0
6011000,165,22.35887723835746,150.0
6012000,165,22.355731839161688,150.0
6013000,165,22.352823237754755,150.0
6014000,165,22.350150312972076,150.0
6015000,165,22.347712011826903,150.0
6016000,165,22.34550734978602,150.0
6017000,165,22.343535414112175,150.0
6018000,165,22.341795360921434,150.0
6019000,165,22.34028641724615,150.0
6020000,165,22.339007884316,150.0
6021000,165,22.337959132669447,150.0
6022000,165,22.33713960784658,150.0
6023000,165,22.336548828147613,150.0
6024000,165,22.336186383884087,150.0
6025000,165,22.33605193875892,150.0
6026000,165,22.336145231316028,150.0
6027000,165,22.336466073667243,150.0
6028000,165,22.337014349252083,150.0
6029000,165,22.33779001770979,150.0
6030000,165,22.338793109009814,150.0
6031000,165,22.34002372883562,150.0
6032000,165,22.34148205263605,150.0
6033000,165,22.343168330846712,150.0
6034000,165,22.34508288279902,150.0
6035000,165,22.347226101783875,150.0
6036000,165,22.349598448928514,150.0
6037000,165,22.352200458654124,150.0
6038000,165,22.3550327296806,150.0
6039000,165,22.358095933099953,150.0
6040000,165,22.361390806880348,150.0
6041000,165,22.364918153878428,150.0
6042000,165,22.368678843015516,150.0
6043000,165,22.372673807291953,150.0
6044000,165,22.37690404299907,150.0
6045000,165,22.381370607611426,150.0
6046000,165,22.386074619186793,150.0
6047000,165,22.391017254397813,150.0
6048000,165,22.396199747809163,150.0
6049000,165,22.401623387754608,150.0
6050000,165,22.407289516715775,150.0
6051000,165,22.41319952977362,150.0
6052000,165,22.41935487231387,150.0
6053000,165,22.425757035698975,150.0
6054000,165,22.432407557521426,150.0
6055000,165,22.43930801775496,150.0
6056000,166,21.858990918316675,150.0
6057000,166,21.85806148077024,150.0
6058000,166,21.857246911709534,150.0
6059000,166,21.856546938694304,150.0
6060000,166,21.855961334952028,150.0
6061000,166,21.855489913030876,150.0
6062000,166,21.855132530197768,150.0
6063000,166,21.854889085238316,150.0
6064000,166,21.85475951918172,150.0
6065000,166,21.854743815263273,150.0
6066000,166,21.854841998890816,150.0
6067000,166,21.855054138422744,150.0
6068000,166,21.85538034200452,150.0
6069000,166,21.855820762325592,150.0
6070000,166,21.85637559345738,150.0
6071000,167,22.730974372995384,150.0
6072000,167,22.721722492687004,150.0
6073000,167,22.71272369736911,150.0
6074000,167,22.7039770940316,150.0
6075000,167,22.695481806586006,150.0
6076000,167,22.687236976315546,150.0
6077000,167,22.6792417642877,150.0
6078000,167,22.671495353657484,150.0
6079000,167,22.663996951746196,150.0
6080000,167,22.656745792064154,150.0
6081000,167,22.649741135306197,150.0
6082000,167,22.642982274955983,150.0
6083000,167,22.636468533227216,150.0
6084000,167,22.63019926908028,150.0
6085000,167,22.624173874007937,150.0
6086000,167,22.618391778669917,150.0
6087000,167,22.61285245260976,150.0
6088000,167,22.607555404719722,150.0
6089000,167,22.602500186626322,150.0
6090000,167,22.597686393075133,150.0
6091000,167,22.593113663586184,150.0
6092000,167,22.5887816827722,150.0
6093000,167,22.58469018639309,150.0
6094000,167,22.580838952584838,150.0
6095000,167,22.57722781441529,150.0
6096000,167,22.5738566547261,150.0
6097000,167,22.570725406788082,150.0
6098000,167,22.567834056666285,150.0
6099000,167,22.56518264615476,150.0
6100000,167,22.562771268416572,150.0
6101000,167,22.56060007564997,150.0
6102000,167,22.558669272470482,150.0
6103000,167,22.556979121117806,150.0
6104000,167,22.555529941863103,150.0
6105000,167,22.554322112472153,150.0
6106000,167,22.55335606729764,150.0
6107000,167,22.552632297876062,150.0
6108000,167,22.552151359295245,150.0
6109000,167,22.551913859087527,150.0
6110000,167,22.551920467905592,150.0
6111000,167,22.55217191318262,150.0
6112000,167,22.552668979632966,150.0
6113000,167,22.55341251350199,150.0
6114000,167,22.554403416839342,150.0
6115000,167,22.555642648965453,150.0
6116000,167,22.557131229652093,150.0
6117000,167,22.55887023214546,150.0
6118000,167,22.560860785683975,150.0
6119000,167,22.563104077437337,150.0
6120000,167,22.565601347173843,150.0
6121000,167,22.568353887064518,150.0
6122000,167,22.571363042984828,150.0
6123000,167,22.574630211277963,150.0
6124000,167,22.578156837895897,150.0
6125000,167,22.581944416375144,150.0
6126000,167,22.585994488393826,150.0
6127000,167,22.59030863931258,150.0
6128000,167,22.594888495803694,150.0
6129000,167,22.599735729217954,150.0
6130000,167,22.60485204584334,150.0
6131000,167,22.610239190198932,150.0
6132000,168,22.100631054015818,150.0
6133000,168,22.098147973307718,150.0
6134000,168,22.095794465037272,150.0
6135000,169,23.688169871305682,150.0
6136000,169,23.673466208939573,150.0
6137000,169,23.658981874438023,150.0
6138000,169,23.64471715670582,150.0
6139000,169,23.630672345275936,150.0
6140000,169,23.616847729106752,150.0
6141000,169,23.603243594956528,150.0
6142000,169,23.589860230893745,150.0
6143000,169,23.576697931631568,150.0
6144000,169,23.563756991852873,150.0
6145000,169,23.55103770834142,150.0
6146000,169,23.538540388210308,150.0
6147000,169,23.52626534091667,150.0
6148000,169,23.514212886049915,150.0
6149000,169,23.502383349426214,150.0
6150000,169,23.490777065816157,150.0
6151000,169,23.479394383802987,150.0
6152000,169,23.46823565891749,150.0
6153000,169,23.457301262609,150.0
6154000,169,23.446591578770178,150.0
6155000,169,23.436107005919826,150.0
6156000,169,23.425847957099883,150.0
6157000,170,24.849877839389958,150.0
6158000,170,24.833766110512585,150.0
6159000,170,24.817972157265448,150.0
6160000,170,24.802496733084382,150.0
6161000,170,24.7873405564422,150.0
6162000,170,24.772504304524258,150.0
6163000,170,24.75798861964347,150.0
6164000,170,24.743794110425934,150.0
6165000,170,24.729921352453136,150.0
6166000,170,24.716370891656766,150.0
6167000,170,24.703143245965155,150.0
6168000,170,24.690238907462422,150.0
6169000,170,24.67765834560025,150.0
6170000,170,24.665402005775686,150.0
6171000,170,24.653470317174857,150.0
6172000,170,24.641863689696276,150.0
6173000,170,24.630582521554658,150.0
6174000,170,24.619627195937547,150.0
6175000,170,24.608998088189605,150.0
6176000,170,24.598695565459916,150.0
6177000,170,24.588719989712434,150.0
6178000,170,24.57907171949088,150.0
6179000,170,24.569751113873473,150.0
6180000,170,24.56075853236137,150.0
6181000,170,24.552094339951246,150.0
6182000,170,24.543758905334965,150.0
6183000,170,24.53575260678467,150.0
6184000,170,24.52807583179553,150.0
6185000,171,22.987989494890016,150.0
6186000,171,22.977822382631324,150.0
6187000,171,22.96790678401252,150.0
6188000,171,22.958241650922158,150.0
6189000,171,22.94882593384311,150.0
6190000,171,22.93965859145213,150.0
6191000,171,22.930738586678746,150.0
6192000,171,22.92206489223984,150.0
6193000,171,22.913636491195174,150.0
6194000,171,22.905452381925926,150.0
6195000,171,22.897511575578033,150.0
6196000,171,22.889813102044517,150.0
6197000,171,22.882356007736472,150.0
6198000,171,22.875139362412508,150.0
6199000,171,22.868162257757852,150.0
6200000,171,22.861423810532596,150.0
6201000,171,22.854923161286838,150.0
6202000,171,22.84865948161979,150.0
6203000,171,22.842631969268187,150.0
6204000,171,22.83683985612739,150.0
6205000,171,22.831282404098108,150.0
6206000,171,22.82595890886181,150.0
6207000,171,22.820868703733826,150.0
6208000,171,22.816011156145333,150.0
6209000,171,22.81138567209725,150.0
6210000,171,22.806991697338574,150.0
6211000,171,22.802828715344607,150.0
6212000,171,22.798896253217045,150.0
6213000,171,22.795193880145867,150.0
6214000,171,22.791721206287303,150.0
6215000,171,22.788477888957697,150.0
6216000,171,22.78546362736137,150.0
6217000,171,22.78267816951885,150.0
6218000,171,22.780121307578096,150.0
6219000,171,22.777792881888118,150.0
6220000,171,22.775692780272315,150.0
6221000,171,22.773820939204835,150.0
6222000,171,22.772177344712574,150.0
6223000,171,22.770762029967347,150.0
6224000,171,22.7695750808352,150.0
6225000,171,22.768616630350834,150.0
6226000,171,22.767886864679625,150.0
6227000,171,22.767386018830052,150.0
6228000,171,22.76711437870279,150.0
6229000,171,22.767072281484513,150.0
6230000,171,22.767260115267558,150.0
6231000,171,22.767678319169033,150.0
6232000,171,22.76832738148262,150.0
6233000,171,22.76920784350357,150.0
6234000,171,22.77032029471819,150.0
6235000,171,22.771665376840502,150.0
6236000,171,22.77324377922121,150.0
6237000,171,22.775056241795724,150.0
6238000,171,22.777103553054904,150.0
6239000,171,22.779386548346054,150.0
6240000,171,22.781906112931544,150.0
6241000,171,22.78466317626091,150.0
6242000,171,22.787658716313732,150.0
6243000,171,22.79089375421481,150.0
6244000,171,22.794369355815768,150.0
6245000,171,22.798086630602917,150.0
6246000,171,22.802046727821594,150.0
6247000,171,22.806250840613888,150.0
6248000,171,22.81070019791844,150.0
6249000,171,22.81539607007884,150.0
6250000,171,22.820339760898563,150.0
6251000,171,22.82553261099647,150.0
6252000,171,22.830975992086984,150.0
6253000,172,24.344729948929185,150.0
6254000,172,24.337073953908458,150.0
6255000,173,22.569937217393168,150.0
6256000,173,22.55970152132897,150.0
6257000,173,22.549751980194486,150.0
6258000,173,22.540086413969863,150.0
6259000,173,22.530702638084744,150.0
6260000,173,22.521598468363926,150.0
6261000,173,22.512771723121485,150.0
6262000,173,22.504220230278108,150.0
6263000,173,22.495941830626844,150.0
6264000,173,22.48793437930429,150.0
6265000,173,22.480195753395463,150.0
6266000,173,22.472723851520296,150.0
6267000,173,22.465516601213274,150.0
6268000,173,22.45857195848007,150.0
6269000,173,22.451887914368836,150.0
6270000,173,22.445462494478488,150.0
6271000,173,22.43929376618415,150.0
6272000,173,22.43337983725202,150.0
6273000,173,22.4277188605586,150.0
6274000,173,22.42230903648982,150.0
6275000,173,22.41714861368955,150.0
6276000,173,22.41223589316922,150.0
6277000,173,22.407569230057796,150.0
6278000,173,22.40314703544652,150.0
6279000,173,22.39896777541297,150.0
6280000,173,22.395029978273794,150.0
6281000,173,22.391332230102204,150.0
6282000,173,22.387873180438877,150.0
6283000,173,22.384651542686207,150.0
6284000,173,22.381666093913637,150.0
6285000,173,22.37891567724137,150.0
6286000,173,22.376399202039153,150.0
6287000,173,22.37411564685499,150.0
6288000,173,22.37206405750095,150.0
6289000,173,22.37024354878168,150.0
6290000,173,22.368653306398386,150.0
6291000,173,22.367292585040996,150.0
6292000,173,22.366160712867,150.0
6293000,173,22.365257087142894,150.0
6294000,173,22.36458117630435,150.0
6295000,173,22.36413252460606,150.0
6296000,173,22.363910744024093,150.0
6297000,173,22.363915522471014,150.0
6298000,173,22.3641466157329,150.0
6299000,173,22.36460385572909,150.0
6300000,173,22.365287145967727,150.0
6301000,173,22.366196460527533,150.0
6302000,173,22.367331844686447,150.0
6303000,173,22.368693419069118,150.0
6304000,173,22.370281370934546,150.0
6305000,173,22.372095961294114,150.0
6306000,173,22.374137519624202,150.0
6307000,173,22.376406444748845,150.0
6308000,173,22.37890320653224,150.0
6309000,173,22.381628341231067,150.0
6310000,173,22.3845824530714,150.0
6311000,173,22.38776621234248,150.0
6312000,173,22.391180356904417,150.0
6313000,173,22.394825687436203,150.0
6314000,173,22.398703068210384,150.0
6315000,173,22.40281342849247,150.0
6316000,173,22.407157754296563,150.0
6317000,173,22.4117370966093,150.0
6318000,173,22.416552560407915,150.0
6319000,173,22.42160531020326,150.0
6320000,173,22.426896565827317,150.0
6321000,173,22.432427598991836,150.0
6322000,173,22.438199735702288,150.0
6323000,173,22.444214349622083,150.0
6324000,173,22.450472864798055,150.0
6325000,173,22.456976749498065,150.0
6326000,173,22.463727516239416,150.0
6327000,173,22.470726719400837,150.0
6328000,174,21.87171515138083,150.0
6329000,174,21.870852561652626,150.0
6330000,174,21.87010441657433,150.0
6331000,174,21.86947047007651,150.0
6332000,174,21.868950515462824,150.0
6333000,174,21.86854439016861,150.0
6334000,174,21.86825197291422,150.0
6335000,174,21.868073184333436,150.0
6336000,174,21.86800798692348,150.0
6337000,174,21.868056385010213,150.0
6338000,174,21.868218424723718,150.0
6339000,174,21.86849419479138,150.0
6340000,174,21.868883823328968,150.0
6341000,174,21.869387483475503,150.0
6342000,175,22.609560921017387,150.0
6343000,175,22.600901776110657,150.0
6344000,175,22.592501093929663,150.0
6345000,175,22.584357613206922,150.0
6346000,175,22.576470089437862,150.0
6347000,175,22.568837300564567,150.0
6348000,175,22.561458051413016,150.0
6349000,175,22.55433117303162,150.0
6350000,175,22.54745552730159,150.0
6351000,175,22.540830005674888,150.0
6352000,175,22.534453536095292,150.0
6353000,175,22.528325081080148,150.0
6354000,175,22.522443643997185,150.0
6355000,175,22.51680826616396,150.0
6356000,175,22.511418030507624,150.0
6357000,175,22.506272066544692,150.0
6358000,175,22.501369546001996,150.0
6359000,175,22.49670969133434,150.0
6360000,175,22.49229176927106,150.0
6361000,175,22.4881151017633,150.0
6362000,175,22.484179060151693,150.0
6363000,175,22.48048306566679,150.0
6364000,175,22.47702660008946,150.0
6365000,175,22.47380919458433,150.0
6366000,175,22.47083043891291,150.0
6367000,175,22.46808998313645,150.0
6368000,175,22.465587530455952,150.0
6369000,175,22.463322846227147,150.0
6370000,175,22.46129575703878,150.0
6371000,175,22.45950614814886,150.0
6372000,175,22.457953966974298,150.0
6373000,175,22.456639221980108,150.0
6374000,175,22.455561987764764,150.0
6375000,175,22.45472239593416,150.0
6376000,175,22.45412064638681,150.0
6377000,175,22.453757001616903,150.0
6378000,175,22.453631786560162,150.0
6379000,175,22.453745390739464,150.0
6380000,175,22.454098267628535,150.0
6381000,175,22.45469093461101,150.0
6382000,175,22.45552397186629,150.0
6383000,175,22.45659802613419,150.0
6384000,175,22.457913804097245,150.0
6385000,175,22.459472077056013,150.0
6386000,175,22.461273677773203,150.0
6387000,175,22.463319502736944,150.0
6388000,175,22.465610507775295,150.0
6389000,175,22.468147710384837,150.0
6390000,175,22.47093218584171,150.0
6391000,175,22.473965069432097,150.0
6392000,175,22.47724755464332,150.0
6393000,175,22.480780889648294,150.0
6394000,175,22.484566379984695,150.0
6395000,175,22.488605381405304,150.0
6396000,175,22.492899305404446,150.0
6397000,175,22.497449611303654,150.0
6398000,175,22.50225780937974,150.0
6399000,175,22.507325455106088,150.0
6400000,175,22.512654149344375,150.0
6401000,175,22.518245535634996,150.0
6402000,175,22.524101297926318,150.0
6403000,176,21.99906339301279,150.0
6404000,176,21.997096108383207,150.0
6405000,176,21.99525371700791,150.0
6406000,176,21.99353591489637,150.0
6407000,176,21.99194243170491,150.0
6408000,176,21.990473041023062,150.0
6409000,176,21.98912755559898,150.0
6410000,176,21.98790582845712,150.0
6411000,177,23.390920476243732,150.0
6412000,177,23.37776720910398,150.0
6413000,177,23.364844162051032,150.0
6414000,177,23.35215140625279,150.0
6415000,177,23.339689016631663,150.0
6416000,177,23.327457065555663,150.0
6417000,177,23.315455634610665,150.0
6418000,177,23.303684802414047,150.0
6419000,177,23.29214466038745,150.0
6420000,177,23.28083529949019,150.0
6421000,177,23.26975682492068,150.0
6422000,177,23.258909347954788,150.0
6423000,177,23.248292990086487,150.0
6424000,177,23.23790788801065,150.0
6425000,177,23.22775418712095,150.0
6426000,177,23.21783205054363,150.0
6427000,177,23.208141655956027,150.0
6428000,177,23.198683197942067,150.0
6429000,177,23.189456889929804,150.0
6430000,177,23.18046296151825,150.0
6431000,177,23.17170166907706,150.0
6432000,177,23.163173283501568,150.0
6433000,177,23.154878104839685,150.0
6434000,177,23.146816454140176,150.0
6435000,177,23.138988678482203,150.0
6436000,177,23.13139515028289,150.0
6437000,177,23.124036273017328,150.0
6438000,177,23.11691247425667,150.0
6439000,177,23.110024214807797,150.0
6440000,177,23.10337198630684,150.0
6441000,177,23.096956308225078,150.0
6442000,177,23.09077773788782,150.0
6443000,177,23.084836864331656,150.0
6444000,177,23.079134310516455,150.0
6445000,177,23.07367073382242,150.0
6446000,177,23.06844683228017,150.0
6447000,177,23.063463338077323,150.0
6448000,177,23.058721022008967,150.0
6449000,177,23.05422069416561,150.0
6450000,178,24.711891405854015,150.0
6451000,178,24.702147984743142,150.0
6452000,178,24.69272234254194,150.0
6453000,178,24.683615185717667,150.0
6454000,178,24.674827228304853,150.0
6455000,178,24.666359195491182,150.0
6456000,178,24.658211824526074,150.0
6457000,178,24.650385866464116,150.0
6458000,179,23.150219234445526,150.0
6459000,179,23.13984354693939,150.0
6460000,179,23.12970997625525,150.0
6461000,179,23.11981778887199,150.0
6462000,179,23.11016625173907,150.0
6463000,179,23.10075463770133,150.0
6464000,179,23.091582224845844,150.0
6465000,179,23.082648302359797,150.0
6466000,179,23.073952166964368,150.0
6467000,179,23.06549312796115,150.0
6468000,179,23.057270509075625,150.0
6469000,179,23.049283646181614,150.0
6470000,179,23.04153189448165,150.0
6471000,179,23.034014626544575,150.0
6472000,179,23.026731235477662,150.0
6473000,179,23.019681133158688,150.0
6474000,179,23.012863757525214,150.0
6475000,179,23.006278567736015,150.0
6476000,179,22.999925048970212,150.0
6477000,179,22.99380271520041,150.0
6478000,179,22.987911106209886,150.0
6479000,179,22.982249791920257,150.0
6480000,179,22.976818372879872,150.0
6481000,179,22.971616481080844,150.0
6482000,179,22.966643781684283,150.0
6483000,179,22.9618999742856,150.0
6484000,179,22.95738479116687,150.0
6485000,179,22.95309800364161,150.0
6486000,179,22.949039416791695,150.0
6487000,179,22.945208876561527,150.0
6488000,179,22.9416062651058,150.0
6489000,179,22.938231504101132,150.0
6490000,179,22.93508455757424,150.0
6491000,179,22.932165428167448,150.0
6492000,179,22.929474161519405,150.0
6493000,179,22.9270108431282,150.0
6494000,179,22.924775603445326,150.0
6495000,179,22.922768616016437,150.0
6496000,179,22.9209900957698,150.0
6497000,179,22.919440304676446,150.0
6498000,179,22.91811954668535,150.0
6499000,179,22.917028171238755,150.0
6500000,179,22.916166572584352,150.0
6501000,179,22.91553518998932,150.0
6502000,179,22.915134507850595,150.0
6503000,179,22.91496505565194,150.0
6504000,179,22.915027409012893,150.0
6505000,179,22.915322186886268,150.0
6506000,179,22.91585005361655,150.0
6507000,179,22.916611719896817,150.0
6508000,179,22.91760793920729,150.0
6509000,179,22.918839510403995,150.0
6510000,179,22.920307274102186,150.0
6511000,179,22.922012116157138,150.0
6512000,179,22.923954965102574,150.0
6513000,179,22.92613679008724,150.0
6514000,179,22.928558602755196,150.0
6515000,179,22.93122145467539,150.0
6516000,179,22.934126437801382,150.0
6517000,179,22.937274682142572,150.0
6518000,180,24.403087137253028,150.0
6519000,180,24.392819409661623,150.0
6520000,180,24.3829112095086,150.0
6521000,180,24.373361871419874,150.0
6522000,180,24.364170701461514,150.0
6523000,180,24.35533698446076,150.0
6524000,180,24.346859987108598,150.0
6525000,180,24.33873896079247,150.0
6526000,180,24.330973147338522,150.0
6527000,180,24.323561784167044,150.0
6528000,181,22.619989726493834,150.0
6529000,181,22.610054171671692,150.0
6530000,181,22.600397785506352,150.0
6531000,181,22.591018542416403,150.0
6532000,181,22.581914416057675,150.0
6533000,181,22.573083385582557,150.0
6534000,181,22.564523434944405,150.0
6535000,181,22.556232563655918,150.0
6536000,181,22.548208782956827,150.0
6537000,181,22.54045012595136,150.0
6538000,181,22.53295464483939,150.0
6539000,181,22.525720420215045,150.0
6540000,181,22.518745558492387,150.0
6541000,181,22.512028198188684,150.0
6542000,181,22.505566511908405,150.0
6543000,181,22.499358708768273,150.0
6544000,181,22.493403037736602,150.0
6545000,181,22.487697789313028,150.0
6546000,181,22.48224129808522,150.0
6547000,181,22.47703194462188,150.0
6548000,181,22.472068159531798,150.0
6549000,181,22.46734842011071,150.0
6550000,181,22.462871259911385,150.0
6551000,181,22.458635262835283,150.0
6552000,181,22.45463907144877,150.0
6553000,181,22.4508813828924,150.0
6554000,181,22.4473609531273,150.0
6555000,181,22.444076597688746,150.0
6556000,181,22.441027195363578,150.0
6557000,181,22.438211683459993,150.0
6558000,181,22.435629064535913,150.0
6559000,181,22.433278403503962,150.0
6560000,181,22.431158831213118,150.0
6561000,181,22.429269543954028,150.0
6562000,181,22.427609802669892,150.0
6563000,181,22.42617893811279,150.0
6564000,181,22.424976344765255,150.0
6565000,181,22.42400148603084,150.0
6566000,181,22.423253894750207,150.0
6567000,181,22.422733171132723,150.0
6568000,181,22.422438984119925,150.0
6569000,181,22.42237106910687,150.0
6570000,181,22.422529233344928,150.0
6571000,181,22.422913352855304,150.0
6572000,181,22.423523368823393,150.0
6573000,181,22.424359295270442,150.0
6574000,181,22.425421211997737,150.0
6575000,181,22.426709267175344,150.0
6576000,181,22.428223678230584,150.0
6577000,181,22.429964728565565,150.0
6578000,181,22.431932768522003,150.0
6579000,181,22.434128216544714,150.0
6580000,181,22.436551554893757,150.0
6581000,181,22.4392033321953,150.0
6582000,181,22.442084161001645,150.0
6583000,181,22.44519471766777,150.0
6584000,181,22.44853574129658,150.0
6585000,181,22.452108032779766,150.0
6586000,181,22.455912453865707,150.0
6587000,181,22.459949925627008,150.0
6588000,181,22.464221428534707,150.0
6589000,181,22.468727998295048,150.0
6590000,181,22.47347072870862,150.0
6591000,181,22.47845076572322,150.0
6592000,181,22.483669310362245,150.0
6593000,181,22.489127612471453,150.0
6594000,181,22.494826973762837,150.0
6595000,181,22.50076874179686,150.0
6596000,181,22.506954310463218,150.0
6597000,181,22.51338511737053,150.0
6598000,181,22.520062641731442,150.0
6599000,181,22.52698840270141,150.0
6600000,182,21.910743574256593,150.0
6601000,182,21.909792308345313,150.0
6602000,182,21.908956566592384,150.0
6603000,182,21.908236115721706,150.0
6604000,182,21.907630765584482,150.0
6605000,182,21.907140364869193,150.0
6606000,182,21.90676480529738,150.0
6607000,182,21.90650401916098,150.0
6608000,182,21.906357980528362,150.0
6609000,182,21.906326702750526,150.0
6610000,182,21.906410242994447,150.0
6611000,182,21.90660869652181,150.0
6612000,183,22.529334835635026,150.0
6613000,183,22.52092210922969,150.0
6614000,183,22.51277349714244,150.0
6615000,183,22.50488736836448,150.0
6616000,183,22.497262114506924,150.0
6617000,183,22.489896153228692,150.0
6618000,183,22.48278792809776,150.0
6619000,183,22.475935915144916,150.0
6620000,183,22.46933862474277,150.0
6621000,183,22.462994603323096,150.0
6622000,183,22.456902434165688,150.0
6623000,183,22.451060741362824,150.0
6624000,183,22.445468193529383,150.0
6625000,183,22.440123503562724,150.0
6626000,183,22.435025432198543,150.0
6627000,183,22.430172785996795,150.0
6628000,183,22.425564427853097,150.0
6629000,183,22.421199266752918,150.0
6630000,183,22.417076271312986,150.0
6631000,183,22.413194462636522,150.0
6632000,183,22.409552918766696,150.0
6633000,183,22.406150778656098,150.0
6634000,183,22.402987237462575,150.0
6635000,183,22.40006155366769,150.0
6636000,183,22.397373047479864,150.0
6637000,183,22.394921099731704,150.0
6638000,183,22.392705157209086,150.0
6639000,183,22.390724731249406,150.0
6640000,183,22.388979396175912,150.0
6641000,183,22.387468794949026,150.0
6642000,183,22.386192635734616,150.0
6643000,183,22.385150694281915,150.0
6644000,183,22.384342813710408,150.0
6645000,183,22.383768905728992,150.0
6646000,183,22.38342894813279,150.0
6647000,183,22.383322989207993,150.0
6648000,183,22.383451144844138,150.0
6649000,183,22.383813600853582,150.0
6650000,183,22.38441060869791,150.0
6651000,183,22.385242490361943,150.0
6652000,183,22.38630963789962,150.0
6653000,183,22.387612507421185,150.0
6654000,183,22.38915162542793,150.0
6655000,183,22.390927585065945,150.0
6656000,183,22.392941046937015,150.0
6657000,183,22.39519273566524,150.0
6658000,183,22.39768344485769,150.0
6659000,183,22.40041402923915,150.0
6660000,183,22.40338541119485,150.0
6661000,183,22.40659857242025,150.0
6662000,183,22.410054559976206,150.0
6663000,183,22.413754479020916,150.0
6664000,183,22.417699496731633,150.0
6665000,183,22.421890836739063,150.0
6666000,183,22.42632978009127,150.0
6667000,183,22.43101766214682,150.0
6668000,183,22.435955875235344,150.0
6669000,183,22.441145858021375,150.0
6670000,183,22.446589105094134,150.0
6671000,183,22.45228715345828,150.0
6672000,183,22.45824159020326,150.0
6673000,183,22.46445404262918,150.0
6674000,184,21.924896888660967,150.0
6675000,184,21.923344269529927,150.0
6676000,184,21.92191234072147,150.0
6677000,184,21.92060077988081,150.0
6678000,184,21.919409306207985,150.0
6679000,184,21.91833767968195,150.0
6680000,184,21.91738570319197,150.0
6681000,184,21.916553221741164,150.0
6682000,184,21.91584012058093,150.0
6683000,184,21.915246324270516,150.0
6684000,184,21.914771804201937,150.0
6685000,184,21.914416568854374,150.0
6686000,185,23.135310780502483,150.0
6687000,185,23.123616466641227,150.0
6688000,185,23.112161493242894,150.0
6689000,185,23.10094566770757,150.0
6690000,185,23.089968800703414,150.0
6691000,185,23.079230708454126,150.0
6692000,185,23.06873121218835,150.0
6693000,185,23.05847014408565,150.0
6694000,185,23.04844734783626,150.0
6695000,185,23.038662676811473,150.0
6696000,185,23.029115997463958,150.0
6697000,185,23.019807194422878,150.0
6698000,185,23.010736164435283,150.0
6699000,185,23.00190282614217,150.0
6700000,185,22.99330711435266,150.0
6701000,185,22.984948986888142,150.0
6702000,185,22.976828423851405,150.0
6703000,185,22.968945425819918,150.0
6704000,185,22.961300024608207,150.0
6705000,185,22.953892271258287,150.0
6706000,185,22.946722250735355,150.0
6707000,185,22.939790073916797,150.0
6708000,185,22.933095882779018,150.0
6709000,185,22.926639849825406,150.0
6710000,185,22.92042218379581,150.0
6711000,185,22.91444312299227,150.0
6712000,185,22.90870294496083,150.0
6713000,185,22.903201960423235,150.0
6714000,185,22.897940520165978,150.0
6715000,185,22.892919010724352,150.0
6716000,185,22.888137860676984,150.0
6717000,185,22.883597535818016,150.0
6718000,185,22.879298547255715,150.0
6719000,185,22.875241443600245,150.0
6720000,185,22.871426819751402,150.0
6721000,185,22.867855313060304,150.0
6722000,185,22.86452760577631,150.0
6723000,185,22.861444422010468,150.0
6724000,185,22.85860653727401,150.0
6725000,185,22.856014767698344,150.0
6726000,185,22.853669976394116,150.0
6727000,185,22.851573075507304,150.0
6728000,185,22.84972502302532,150.0
6729000,185,22.848126824143293,150.0
6730000,185,22.846779531383945,150.0
6731000,185,22.845684245214645,150.0
6732000,185,22.84484211227024,150.0
6733000,185,22.844254325234893,150.0
6734000,185,22.84392212778594,150.0
6735000,186,23.285618930692333,150.0
6736000,186,23.275929320089443,150.0
6737000,186,23.266471045712358,150.0
6738000,186,23.25724367576673,150.0
6739000,186,23.24824678756249,150.0
6740000,186,23.23947997098816,150.0
6741000,186,23.230942827731674,150.0
6742000,186,23.22263497316654,150.0
6743000,186,23.214556038736564,150.0
6744000,186,23.206705669025744,150.0
6745000,186,23.199083530444472,150.0
6746000,186,23.191689304302898,150.0
6747000,186,23.18452269547733,150.0
6748000,186,23.177583427715735,150.0
6749000,186,23.170871248045632,150.0
6750000,186,23.164385927290322,150.0
6751000,186,23.158127260630803,150.0
6752000,186,23.152095069100493,150.0
6753000,186,23.14628920109789,150.0
6754000,186,23.14070953241021,150.0
6755000,186,23.135355968646792,150.0
6756000,186,23.130228443044594,150.0
6757000,186,23.125326922293343,150.0
6758000,186,23.120651402133376,150.0
6759000,186,23.116201913464945,150.0
6760000,186,23.11197851819279,150.0
6761000,186,23.107981313316674,150.0
6762000,186,23.104210430292472,150.0
6763000,186,23.100666036193473,150.0
6764000,186,23.097348333954386,150.0
6765000,186,23.094257563476567,150.0
6766000,186,23.091394002373157,150.0
6767000,186,23.08875796402613,150.0
6768000,186,23.08634980279055,150.0
6769000,186,23.084169908787576,150.0
6770000,186,23.082218714016435,150.0
6771000,186,23.080496687614467,150.0
6772000,186,23.07900433900732,150.0
6773000,186,23.077742218091824,150.0
6774000,186,23.076710912605524,150.0
6775000,186,23.075911052408298,150.0
6776000,186,23.075343307438846,150.0
6777000,186,23.0750083863217,150.0
6778000,186,23.074907037690565,150.0
6779000,186,23.07504005205272,150.0
6780000,186,23.07540825754085,150.0
6781000,187,24.55051363394988,150.0
6782000,187,24.536880424289055,150.0
6783000,187,24.523599478433194,150.0
6784000,187,24.51067078017485,150.0
6785000,187,24.4980942599037,150.0
6786000,187,24.48586979530387,150.0
6787000,187,24.473997219610496,150.0
6788000,187,24.46247632065462,150.0
6789000,187,24.451306848743858,150.0
6790000,187,24.44048851694397,150.0
6791000,187,24.430021007005614,150.0
6792000,187,24.419903972617796,150.0
6793000,187,24.410137043312464,150.0
6794000,187,24.40071982799069,150.0
6795000,187,24.391651919519372,150.0
6796000,187,24.38293289627343,150.0
6797000,187,24.37456232930168,150.0
6798000,187,24.36653978207627,150.0
6799000,187,24.358864817837514,150.0
6800000,187,24.35153699958911,150.0
6801000,188,22.705854625049575,150.0
6802000,188,22.696029784295263,150.0
6803000,188,22.686475662641566,150.0
6804000,188,22.677190504020345,150.0
6805000,188,22.668172554861634,150.0
6806000,188,22.659420064856228,150.0
6807000,188,22.65093129628503,150.0
6808000,188,22.642704520305898,150.0
6809000,188,22.63473802680584,150.0
6810000,188,22.627030121396054,150.0
6811000,188,22.619579132009964,150.0
6812000,188,22.612383410208178,150.0
6813000,188,22.60544133367379,150.0
6814000,188,22.598751311719912,150.0
6815000,188,22.59231178273851,150.0
6816000,188,22.58612122124382,150.0
6817000,188,22.580178135065037,150.0
6818000,188,22.57448107340659,150.0
6819000,188,22.56902862505424,150.0
6820000,188,22.563819422100853,150.0
6821000,188,22.558852138378615,150.0
6822000,188,22.554125497627243,150.0
6823000,188,22.549638268182065,150.0
6824000,188,22.54538926831588,150.0
6825000,188,22.541377369319164,150.0
6826000,188,22.537601492297647,150.0
6827000,188,22.534060612655278,150.0
6828000,188,22.530753760258644,150.0
6829000,188,22.52768002128886,150.0
6830000,188,22.524838538833325,150.0
6831000,188,22.5222285138028,150.0
6832000,188,22.51984920428516,150.0
6833000,188,22.517699930424964,150.0
6834000,188,22.515780070398634,150.0
6835000,188,22.51408906548868,150.0
6836000,188,22.512626416147015,150.0
6837000,188,22.511391686173905,150.0
6838000,188,22.51038450150561,150.0
6839000,188,22.509604550873245,150.0
6840000,188,22.509051586108516,150.0
6841000,188,22.50872542237218,150.0
6842000,188,22.508625939050074,150.0
6843000,188,22.50875307659456,150.0
6844000,188,22.50910684304632,150.0
6845000,188,22.509687306465786,150.0
6846000,188,22.510494600211448,150.0
6847000,188,22.511528920633584,150.0
6848000,188,22.512790527195726,150.0
6849000,188,22.514279742183092,150.0
6850000,188,22.51599695102201,150.0
6851000,188,22.517942599099776,150.0
6852000,188,22.520117195664916,150.0
6853000,188,22.522521310080425,150.0
6854000,188,22.525155571079516,150.0
6855000,188,22.528020668215337,150.0
6856000,188,22.531117349868452,150.0
6857000,188,22.534446421080766,150.0
6858000,188,22.53800874580515,150.0
6859000,188,22.54180524161871,150.0
6860000,188,22.54583688353406,150.0
6861000,188,22.550104697880002,150.0
6862000,188,22.554609765399086,150.0
6863000,188,22.559353216541243,150.0
6864000,188,22.564336231955117,150.0
6865000,188,22.569560039953608,150.0
6866000,188,22.575025915839976,150.0
6867000,188,22.580735179257566,150.0
6868000,188,22.58668919338701,150.0
6869000,188,22.592889360959582,150.0
6870000,188,22.599337125710612,150.0
6871000,188,22.606033966094884,150.0
6872000,189,21.9741145150467,150.0
6873000,189,21.97293485531035,150.0
6874000,189,21.971873005175144,150.0
6875000,189,21.97092874147674,150.0
6876000,189,21.970101882671933,150.0
6877000,189,21.969392285749667,150.0
6878000,189,21.968799847753893,150.0
6879000,189,21.968324507393294,150.0
6880000,189,21.96796624137202,150.0
6881000,190,22.49331564994527,150.0
6882000,190,22.484731257673285,150.0
6883000,190,22.476417723175,150.0
6884000,190,22.468373092667523,150.0
6885000,190,22.46059543309924,150.0
6886000,190,22.45308283273301,150.0
6887000,190,22.44583341131632,150.0
6888000,190,22.438845315784,150.0
6889000,190,22.432116726355904,150.0
6890000,190,22.425645861149064,150.0
6891000,190,22.41943097679637,150.0
6892000,190,22.413470369561285,150.0
6893000,190,22.407762381777864,150.0
6894000,190,22.402305401592415,150.0
6895000,190,22.397097865524508,150.0
6896000,190,22.392138260442994,150.0
6897000,190,22.387425128811834,150.0
6898000,190,22.382957062575674,150.0
6899000,190,22.37873271539096,150.0
6900000,190,22.374750794473993,150.0
6901000,190,22.371010071995507,150.0
6902000,190,22.36750937599912,150.0
6903000,190,22.364247600713465,150.0
6904000,190,22.36122370111281,150.0
6905000,190,22.35843669926145,150.0
6906000,190,22.35588568239424,150.0
6907000,190,22.353569803861472,150.0
6908000,190,22.35148828704934,150.0
6909000,190,22.34964042156004,150.0
6910000,190,22.34802556630928,150.0
6911000,190,22.346643153033238,150.0
6912000,190,22.3454926793086,150.0
6913000,190,22.344573716629803,150.0
6914000,190,22.34388590614822,150.0
6915000,190,22.343428962913354,150.0
6916000,190,22.343202670565805,150.0
6917000,190,22.34320688783548,150.0
6918000,190,22.343441542944547,150.0
6919000,190,22.34390663640876,150.0
6920000,190,22.34460224266828,150.0
6921000,190,22.3455285058616,150.0
6922000,190,22.34668564172207,150.0
6923000,190,22.348073939316695,150.0
6924000,190,22.349693757262777,150.0
6925000,190,22.351545522516428,150.0
6926000,190,22.353629735681643,150.0
6927000,190,22.355946966745385,150.0
6928000,190,22.358497849963285,150.0
6929000,190,22.361283092668266,150.0
6930000,190,22.364303466559555,150.0
6931000,190,22.367559810220605,150.0
6932000,190,22.371053028088507,150.0
6933000,190,22.374784086866914,150.0
6934000,190,22.37875401810389,150.0
6935000,190,22.38296391415985,150.0
6936000,190,22.38741492904423,150.0
6937000,190,22.392108272831976,150.0
6938000,190,22.397045215439682,150.0
6939000,190,22.402227082984933,150.0
6940000,190,22.407655251106714,150.0
6941000,190,22.413331152284453,150.0
6942000,190,22.4192562663739,150.0
6943000,190,22.425432121660318,150.0
6944000,190,22.431860292062414,150.0
6945000,190,22.438542394791416,150.0
6946000,191,21.877562560189553,150.0
6947000,191,21.87641294798134,150.0
6948000,191,21.87538044843788,150.0
6949000,191,21.874464772610132,150.0
6950000,191,21.873665675032413,150.0
6951000,191,21.872982949830305,150.0
6952000,191,21.87241643690188,150.0
6953000,191,21.87196601483604,150.0
6954000,191,21.871631607055107,150.0
6955000,191,21.871413179158363,150.0
6956000,191,21.871310737033042,150.0
6957000,191,21.87132432907157,150.0
6958000,191,21.87145404731649,150.0
6959000,191,21.87170002603296,150.0
6960000,192,22.920510560244296,150.0
6961000,192,22.9101337348632,150.0
6962000,192,22.90000347916496,150.0
6963000,192,22.89011929226168,150.0
6964000,192,22.880480679278666,150.0
6965000,192,22.87108715960381,150.0
6966000,192,22.861938263852448,150.0
6967000,192,22.853033538327622,150.0
6968000,192,22.84437254575633,150.0
6969000,192,22.835954866299595,150.0
6970000,192,22.82778010346724,150.0
6971000,192,22.81984787929504,150.0
6972000,192,22.812157840388352,150.0
6973000,192,22.804709659832284,150.0
6974000,192,22.797503037635458,150.0
6975000,192,22.790537699098824,150.0
6976000,192,22.78381340568524,150.0
6977000,192,22.777329944038968,150.0
6978000,192,22.771087137080738,150.0
6979000,192,22.765084843308653,150.0
6980000,192,22.759322954982707,150.0
6981000,192,22.7538014023195,150.0
6982000,192,22.748520153691366,150.0
6983000,192,22.74347921842833,150.0
6984000,192,22.738678644625868,150.0
6985000,192,22.734118525775468,150.0
6986000,192,22.729798995499724,150.0
6987000,192,22.7257202344712,150.0
6988000,192,22.721882466634863,150.0
6989000,192,22.718285961112784,150.0
6990000,192,22.71493103947006,150.0
6991000,192,22.711818065496697,150.0
6992000,192,22.70894745371575,150.0
6993000,192,22.70631966896776,150.0
6994000,192,22.703935225507873,150.0
6995000,192,22.70179468887365,150.0
6996000,192,22.699898674468688,150.0
6997000,192,22.69824784817694,150.0
6998000,192,22.696842933042188,150.0
6999000,192,22.69568469797167,150.0
7000000,192,22.694773968868393,150.0
7001000,192,22.694111622340543,150.0
7002000,192,22.69369858603201,150.0
7003000,192,22.693535842311213,150.0
7004000,192,22.693624426962685,150.0
7005000,192,22.693965425126834,150.0
7006000,192,22.694559973728722,150.0
7007000,192,22.695409264426406,150.0
7008000,192,22.696514535175726,150.0
7009000,192,22.69787707803823,150.0
7010000,192,22.69949823281461,150.0
7011000,192,22.701379386667238,150.0
7012000,192,22.70352197604081,150.0
7013000,192,22.705927482111775,150.0
7014000,192,22.70859743466716,150.0
7015000,192,22.711533404457843,150.0
7016000,192,22.71473700304475,150.0
7017000,193,23.389776043842684,150.0
7018000,193,23.381801716339538,150.0
7019000,193,23.374049995661096,150.0
7020000,193,23.366520820422576,150.0
7021000,193,23.359214150455745,150.0
7022000,193,23.3521299635944,150.0
7023000,193,23.345268260562342,150.0
7024000,193,23.338629063634468,150.0
7025000,193,23.33221241957502,150.0
7026000,193,23.32601839628644,150.0
7027000,193,23.32004708992623,150.0
7028000,193,23.314298621682166,150.0
7029000,193,23.308773137960554,150.0
7030000,193,23.30347081516382,150.0
7031000,193,23.29839185588344,150.0
7032000,193,23.293536492512246,150.0
7033000,193,23.288904987336153,150.0
7034000,193,23.28449763258411,150.0
7035000,193,23.280314752159168,150.0
7036000,193,23.276356701038466,150.0
7037000,193,23.272623866982617,150.0
7038000,193,23.269116670832375,150.0
7039000,193,23.26583556462721,150.0
7040000,193,23.2627810370214,150.0
7041000,193,23.259953608690733,150.0
7042000,194,24.801414358668666,150.0
7043000,194,24.783910510717472,150.0
7044000,194,24.76673915916622,150.0
7045000,194,24.749901156818037,150.0
7046000,194,24.73339729052119,150.0
7047000,194,24.71722828146216,150.0
7048000,194,24.701394790978902,150.0
7049000,194,24.685897417657106,150.0
7050000,194,24.670736702951633,150.0
7051000,194,24.655913131906026,150.0
7052000,194,24.641427133275233,150.0
7053000,194,24.62727908749306,150.0
7054000,194,24.61346932391286,150.0
7055000,194,24.599998125929993,150.0
7056000,194,24.586865731935642,150.0
7057000,194,24.574072340243127,150.0
7058000,194,24.561618111621236,150.0
7059000,194,24.549503171342696,150.0
7060000,194,24.53772761098271,150.0
7061000,194,24.526291495563502,150.0
7062000,194,24.515194861690727,150.0
7063000,194,24.50443772379003,150.0
7064000,194,24.49402007633431,150.0
7065000,194,24.483941896924144,150.0
7066000,194,24.474203149553166,150.0
7067000,194,24.464803787061726,150.0
7068000,194,24.455743755320746,150.0
7069000,194,24.44702299432334,150.0
7070000,194,24.43864144238785,150.0
7071000,194,24.430599040154615,150.0
7072000,194,24.42289573059278,150.0
7073000,195,22.832101320830326,150.0
7074000,195,22.821975812516197,150.0
7075000,195,22.81211327298306,150.0
7076000,195,22.802512273703705,150.0
7077000,195,22.793171383301768,150.0
7078000,195,22.7840891770854,150.0
7079000,195,22.775264233033624,150.0
7080000,195,22.76669514132921,150.0
7081000,195,22.758380500940497,150.0
7082000,195,22.750318924918666,150.0
7083000,195,22.74250904534406,150.0
7084000,195,22.734949510746972,150.0
7085000,195,22.72763899178762,150.0
7086000,195,22.720576182754083,150.0
7087000,195,22.713759803742402,150.0
7088000,195,22.707188603620967,150.0
7089000,195,22.70086135879663,150.0
7090000,195,22.69477688006657,150.0
7091000,195,22.688934012232043,150.0
7092000,195,22.68333163314785,150.0
7093000,195,22.677968661505165,150.0
7094000,195,22.67284405180689,150.0
7095000,195,22.667956802455517,150.0
7096000,195,22.663305951526826,150.0
7097000,195,22.658890581826377,150.0
7098000,195,22.65470982072683,150.0
7099000,195,22.650762842184545,150.0
7100000,195,22.647048867530007,150.0
7101000,195,22.643567166709005,150.0
7102000,195,22.64031705919939,150.0
7103000,195,22.637297916383503,150.0
7104000,195,22.634509158325322,150.0
7105000,195,22.631950261289372,150.0
7106000,195,22.629620751058514,150.0
7107000,195,22.62752021097519,150.0
7108000,195,22.625648276574974,150.0
7109000,195,22.624004639195654,150.0
7110000,195,22.62258904656048,150.0
7111000,195,22.62140130180504,150.0
7112000,195,22.62044126629534,150.0
7113000,195,22.61970885528024,150.0
7114000,195,22.61920404486725,150.0
7115000,195,22.618926865482404,150.0
7116000,195,22.61887740805757,150.0
7117000,195,22.619055819039733,150.0
7118000,195,22.61946230303498,150.0
7119000,195,22.620097123106387,150.0
7120000,195,22.620960598782386,150.0
7121000,195,22.622053108057905,150.0
7122000,195,22.623375085600454,150.0
7123000,195,22.624927021668917,150.0
7124000,195,22.626709465402985,150.0
7125000,195,22.628723019851293,150.0
7126000,195,22.6309683441878,150.0
7127000,195,22.63344615242535,150.0
7128000,195,22.636157212744255,150.0
7129000,195,22.639102347051132,150.0
7130000,195,22.64228242890424,150.0
7131000,195,22.645698384784197,150.0
7132000,195,22.649351190955354,150.0
7133000,195,22.653241873980548,150.0
7134000,195,22.657371507824983,150.0
7135000,195,22.66174121476046,150.0
7136000,195,22.666352163214885,150.0
7137000,195,22.67120556429821,150.0
7138000,195,22.676302674127424,150.0
7139000,195,22.68164478955875,150.0
7140000,195,22.687233246594737,150.0
7141000,195,22.693069419689632,150.0
7142000,195,22.699154718804188,150.0
7143000,195,22.705490588599424,150.0
7144000,195,22.712078505624337,150.0
7145000,195,22.718919975127896,150.0
7146000,195,22.726016531100502,150.0
7147000,195,22.73336973224632,150.0
7148000,195,22.740981160872188,150.0
7149000,196,24.363075082534383,150.0
7150000,196,24.357629721410387,150.0
7151000,196,24.35253834484415,150.0
7152000,196,24.347799927056972,150.0
7153000,196,24.34341346081444,150.0
7154000,196,24.339377956340353,150.0
7155000,196,24.335692448868162,150.0
7156000,196,24.332355996765624,150.0
7157000,196,24.329367686850023,150.0
7158000,196,24.32672663574961,150.0
7159000,196,24.324431992130968,150.0
7160000,196,24.322482938029193,150.0
7161000,196,24.320878692661626,150.0
7162000,196,24.319618510393287,150.0
7163000,196,24.318701684535252,150.0
7164000,196,24.318127547740687,150.0
7165000,196,24.317895473496137,150.0
7166000,196,24.318004873935873,150.0
7167000,196,24.31845520474582,150.0
7168000,196,24.31924595963425,150.0
7169000,196,24.320376676228413,150.0
7170000,196,24.32184693079723,150.0
7171000,196,24.323656342837943,150.0
7172000,196,24.325804568684948,150.0
7173000,196,24.32829130500227,150.0
7174000,196,24.3311162873113,150.0
7175000,196,24.334279284474007,150.0
7176000,196,24.33778010532106,150.0
7177000,196,24.341618589355253,150.0
7178000,196,24.345794608546736,150.0
7179000,196,24.350308066500173,150.0
7180000,196,24.355158893142658,150.0
7181000,196,24.360347045878218,150.0
7182000,196,24.36587250537978,150.0
7183000,196,24.37173527362839,150.0
7184000,196,24.377935371478063,150.0
7185000,196,24.384472834910927,150.0
7186000,196,24.3913477153902,150.0
7187000,196,24.398560072070474,150.0
7188000,196,24.406109973609713,150.0
7189000,196,24.413997492468997,150.0
7190000,196,24.422222702223685,150.0
7191000,196,24.430785674657518,150.0
7192000,196,24.43968647644095,150.0
7193000,196,24.44892516518585,150.0
7194000,196,24.458501788836916,150.0
7195000,196,24.468416377643596,150.0
7196000,196,24.47866894631277,150.0
7197000,196,24.489259485020735,150.0
7198000,196,24.50018796121408,150.0
7199000,196,24.511454313369136,150.0
