Time[ms],RouteID,Delay[ms],Btldr[Mbps]
0,0,88.31436654432726,150.0
1000,0,88.31801469738795,150.0
2000,0,88.32212899147012,150.0
3000,1,88.31871920296516,150.0
4000,1,88.29996112381068,150.0
5000,1,88.28160216502174,150.0
6000,1,88.26364710667814,150.0
7000,1,88.24610069578434,150.0
8000,1,88.22896764112507,150.0
9000,1,88.21225260802409,150.0
10000,1,88.19596021399302,150.0
11000,2,87.58667305086175,150.0
12000,2,87.56203745869665,150.0
13000,2,87.53769264945693,150.0
14000,2,87.51364219905005,150.0
15000,2,87.48988968372609,150.0
16000,2,87.46643866884139,150.0
17000,2,87.44329271505019,150.0
18000,2,87.42045536887859,150.0
19000,2,87.39793016168281,150.0
20000,2,87.3757206107162,150.0
21000,2,87.35383021098494,150.0
22000,2,87.33226243857119,150.0
23000,2,87.31102074088626,150.0
24000,2,87.29010853920212,150.0
25000,2,87.26952922547775,150.0
26000,2,87.24928615569573,150.0
27000,2,87.22938265153658,150.0
28000,2,87.20982199532584,150.0
29000,2,87.19060742604857,150.0
30000,2,87.17174214053074,150.0
31000,2,87.15322928701266,150.0
32000,2,87.13507196251187,150.0
33000,2,87.11727321390146,150.0
34000,2,87.09983603013168,150.0
35000,2,87.0827633438419,150.0
36000,2,87.06605802642397,150.0
37000,2,87.04972288716455,150.0
38000,2,87.03376066900259,150.0
39000,2,87.0181740478855,150.0
40000,2,87.00296563003346,150.0
41000,2,86.98813795034529,150.0
42000,2,86.9736934691072,150.0
43000,2,86.9596345708328,150.0
44000,2,86.9459635633918,150.0
45000,2,86.93268267543279,150.0
46000,2,86.91979405425589,150.0
47000,2,86.9072997656281,150.0
48000,2,86.8952017921903,150.0
49000,2,86.88350203211482,150.0
50000,2,86.87220229789924,150.0
51000,2,86.8613043155954,150.0
52000,2,86.85080972475876,150.0
53000,2,86.84072007726415,150.0
54000,2,86.83103683631401,150.0
55000,2,86.8217613767046,150.0
56000,2,86.81289498521149,150.0
57000,2,86.8044388587166,150.0
58000,2,86.79639410655493,150.0
59000,2,86.78876174848885,150.0
60000,2,86.78154271657029,150.0
61000,2,86.77473785420703,150.0
62000,2,86.76834791763892,150.0
63000,2,86.76237357602011,150.0
64000,2,86.75681541234354,150.0
65000,2,86.75167392419839,150.0
66000,2,86.7469495239337,150.0
67000,2,86.74264254033798,150.0
68000,2,86.73875321930574,150.0
69000,2,86.73528172514125,150.0
70000,2,86.73222814084231,150.0
71000,2,86.72959247005271,150.0
72000,2,86.72737463809321,150.0
73000,2,86.7255744923438,150.0
74000,2,86.72419180504455,150.0
75000,3,84.33447625463047,150.0
76000,3,84.33086294994297,150.0
77000,3,84.3273958772764,150.0
78000,3,84.32407453619167,150.0
79000,3,84.32089846684447,150.0
80000,3,84.31786724876028,150.0
81000,3,84.31498050152757,150.0
82000,3,84.31223788510218,150.0
83000,3,84.30963910010838,150.0
84000,3,84.30718388813408,150.0
85000,3,84.30487203271397,150.0
86000,3,84.30270335643503,150.0
87000,3,84.30067772709353,150.0
88000,3,84.29879505285976,150.0
89000,3,84.2970552835981,150.0
90000,3,84.29545841460828,150.0
91000,3,84.2940044807831,150.0
92000,4,86.77000620297834,150.0
93000,4,86.7764197855845,150.0
94000,4,86.78323218597316,150.0
95000,4,86.79044185677279,150.0
96000,4,86.79804720000826,150.0
97000,4,86.80604656730993,150.0
98000,4,86.81443826048405,150.0
99000,4,86.82322053384566,150.0
100000,4,86.83239159272885,150.0
101000,4,86.84194959644879,150.0
102000,4,86.85189265815403,150.0
103000,4,86.86221884540342,150.0
104000,4,86.87292618113884,150.0
105000,4,86.88401264536142,150.0
106000,4,86.89547617438225,150.0
107000,4,86.90731466305954,150.0
108000,4,86.9195259640968,150.0
109000,5,86.0498885367862,150.0
110000,5,86.0518551022593,150.0
111000,5,86.05409315095262,150.0
112000,5,86.05660166771546,150.0
113000,5,86.05937966018122,150.0
114000,6,83.89583015637444,150.0
115000,6,83.89005598006885,150.0
116000,6,83.88446780757255,150.0
117000,6,83.87906440081512,150.0
118000,6,83.87384456325805,150.0
119000,6,83.86880714320853,150.0
120000,6,83.86395102998574,150.0
121000,6,83.859275157672,150.0
122000,6,83.85477850591961,150.0
123000,6,83.850460099323,150.0
124000,6,83.84631900870461,150.0
125000,6,83.84235435224096,150.0
126000,6,83.8385652961411,150.0
127000,6,83.83495105230638,150.0
128000,6,83.83151088358451,150.0
129000,6,83.82824410192147,150.0
130000,6,83.82515006653364,150.0
131000,6,83.82222818953635,150.0
132000,6,83.81947793132443,150.0
133000,6,83.81689880520435,150.0
134000,6,83.81449037440733,150.0
135000,6,83.81225225442779,150.0
136000,6,83.81018411291926,150.0
137000,6,83.80828567006061,150.0
138000,6,83.8065566989089,150.0
139000,6,83.80499702573736,150.0
140000,6,83.80360653036063,150.0
141000,6,83.80238514611078,150.0
142000,6,83.80133286148155,150.0
143000,6,83.80044971879444,150.0
144000,6,83.79973581389228,150.0
145000,6,83.79919130056393,150.0
146000,6,83.79881638455599,150.0
147000,6,83.79861132815768,150.0
148000,6,83.79857645117492,150.0
149000,6,83.79871212714129,150.0
150000,6,83.7990187860413,150.0
151000,6,83.79949691527925,150.0
152000,6,83.80014705828758,150.0
153000,6,83.80096981296495,150.0
154000,6,83.80196583724258,150.0
155000,6,83.8031358443105,150.0
156000,6,83.80448060449513,150.0
157000,6,83.80600094354145,150.0
158000,6,83.80769774751737,150.0
159000,6,83.8095719571009,150.0
160000,7,86.92018943083265,150.0
161000,7,86.92586031387233,150.0
162000,8,84.3271358981214,150.0
163000,8,84.32755905371955,150.0
164000,8,84.32811977498038,150.0
165000,8,84.32881800067427,150.0
166000,8,84.32965371153746,150.0
167000,8,84.33062693217552,150.0
168000,8,84.33173773080738,150.0
169000,8,84.33298621577289,150.0
170000,8,84.33437254165422,150.0
171000,8,84.33589690171223,150.0
172000,8,84.3375595344552,150.0
173000,8,84.33936071786945,150.0
174000,8,84.3413007738911,150.0
175000,8,84.34338006629254,150.0
176000,8,84.34559899885069,150.0
177000,8,84.3479580178768,150.0
178000,9,87.08167011411349,150.0
179000,9,87.09417254472525,150.0
180000,9,87.10702766853116,150.0
181000,9,87.12023257158832,150.0
182000,9,87.13378433407101,150.0
183000,9,87.14768003433777,150.0
184000,9,87.16191674635718,150.0
185000,9,87.17649154614648,150.0
186000,9,87.19140150744799,150.0
187000,9,87.2066437067063,150.0
188000,9,87.22221522199182,150.0
189000,9,87.23811313384137,150.0
190000,9,87.25433452818041,150.0
191000,9,87.27087649284482,150.0
192000,9,87.28773612362085,150.0
193000,10,83.70323609262222,150.0
194000,10,83.69952981564786,150.0
195000,10,83.6960104568848,150.0
196000,10,83.69267661040688,150.0
197000,10,83.68952693017384,150.0
198000,10,83.68656012473942,150.0
199000,10,83.68377496497898,150.0
200000,10,83.68117027589919,150.0
201000,10,83.67874494287392,150.0
202000,10,83.67649791136937,150.0
203000,10,83.67442818398993,150.0
204000,10,83.6725348231078,150.0
205000,10,83.67081695035611,150.0
206000,10,83.66927374672039,150.0
207000,10,83.66790445260106,150.0
208000,10,83.66670836781626,150.0
209000,10,83.6656848511273,150.0
210000,10,83.66483332256192,150.0
211000,10,83.66415325967455,150.0
212000,10,83.6636441995905,150.0
213000,10,83.66330574046901,150.0
214000,10,83.6631375374583,150.0
215000,10,83.66313930718141,150.0
216000,10,83.66331082366004,150.0
217000,10,83.66365191981146,150.0
218000,10,83.66416248940672,150.0
219000,10,83.66484248229371,150.0
220000,10,83.66569190957415,150.0
221000,10,83.66671083809376,150.0
222000,10,83.6678993954938,150.0
223000,10,83.669257765916,150.0
224000,10,83.67078619143851,150.0
225000,10,83.67248497176496,150.0
226000,10,83.67435446543232,150.0
227000,10,83.67639508594671,150.0
228000,10,83.6786073063766,150.0
229000,10,83.68099165439796,150.0
230000,10,83.68354871478742,150.0
231000,10,83.68627912771788,150.0
232000,10,83.68918359173166,150.0
233000,10,83.6922628565549,150.0
234000,10,83.69551773170637,150.0
235000,10,83.69894907666236,150.0
236000,10,83.70255780913456,150.0
237000,10,83.70634489927248,150.0
238000,10,83.71031136884258,150.0
239000,10,83.71445829458939,150.0
240000,10,83.71878680522123,150.0
241000,10,83.72329807985221,150.0
242000,10,83.72799335033791,150.0
243000,10,83.732873897257,150.0
244000,10,83.73794105249405,150.0
245000,11,87.30631132119224,150.0
246000,11,87.29351136378835,150.0
247000,11,87.28104138740001,150.0
248000,11,87.26890355456709,150.0
249000,11,87.25710001922913,150.0
250000,11,87.24563292630621,150.0
251000,11,87.2345044131878,150.0
252000,11,87.22371660621629,150.0
253000,11,87.21327162233587,150.0
254000,11,87.20317156846903,150.0
255000,11,87.19341853876126,150.0
256000,11,87.18401461686987,150.0
257000,11,87.17496187317258,150.0
258000,11,87.16626236418755,150.0
259000,11,87.15791813232254,150.0
260000,11,87.14993120517278,150.0
261000,11,87.14230359250674,150.0
262000,11,87.13503728804734,150.0
263000,11,87.12813426621348,150.0
264000,11,87.121596481814,150.0
265000,11,87.11542586705491,150.0
266000,11,87.10962433328255,150.0
267000,11,87.1041937669722,150.0
268000,11,87.09913602865306,150.0
269000,11,87.09445295129181,150.0
270000,11,87.09014633886206,150.0
271000,11,87.08621796476095,150.0
272000,11,87.08266956858543,150.0
273000,11,87.07950285462717,150.0
274000,11,87.07671949166108,150.0
275000,11,87.07432110778633,150.0
276000,11,87.07230929049665,150.0
277000,11,87.07068558221901,150.0
278000,11,87.06945148068209,150.0
279000,12,83.96797528678404,150.0
280000,12,83.96717547125301,150.0
281000,12,83.96656417696549,150.0
282000,12,83.96614071505378,150.0
283000,12,83.96590444753902,150.0
284000,12,83.96585478512056,150.0
285000,12,83.96599118537897,150.0
286000,12,83.96631315442062,150.0
287000,12,83.96682024584331,150.0
288000,12,83.96751206248462,150.0
289000,12,83.96838825252196,150.0
290000,12,83.96944851470928,150.0
291000,12,83.97069259183905,150.0
292000,12,83.97212027645233,150.0
293000,12,83.97373140421541,150.0
294000,12,83.97552586099607,150.0
295000,12,83.9775035766956,150.0
296000,12,83.97966452730869,150.0
297000,12,83.98200873326482,150.0
298000,12,83.98453626267772,150.0
299000,12,83.98724722547325,150.0
300000,12,83.99014177600245,150.0
301000,12,83.99322011400693,150.0
302000,12,83.99648248004424,150.0
303000,12,83.99992916001578,150.0
304000,12,84.0035604782842,150.0
305000,12,84.0073768044741,150.0
306000,12,84.01137854734834,150.0
307000,12,84.01556615637274,150.0
308000,12,84.0199401210509,150.0
309000,12,84.0245009691514,150.0
310000,12,84.0292492679828,150.0
311000,12,84.03418562148794,150.0
312000,12,84.03931067164937,150.0
313000,12,84.04462509494246,150.0
314000,12,84.05012960635743,150.0
315000,12,84.05582495266698,150.0
316000,12,84.06171191438922,150.0
317000,13,86.96442697176981,150.0
318000,13,86.95141496573369,150.0
319000,13,86.93878460308588,150.0
320000,13,86.92653786387952,150.0
321000,13,86.91467665941786,150.0
322000,13,86.90320283326787,150.0
323000,13,86.89211816004978,150.0
324000,13,86.88142434542799,150.0
325000,13,86.87112302356569,150.0
326000,13,86.86121575918123,150.0
327000,13,86.85170404603875,150.0
328000,13,86.8425893055792,150.0
329000,13,86.83387288952743,150.0
330000,13,86.82555607679836,150.0
331000,13,86.81764007559966,150.0
332000,13,86.81012602105271,150.0
333000,13,86.80301497866263,150.0
334000,13,86.79630794106801,150.0
335000,13,86.79000583048264,150.0
336000,13,86.78410949709233,150.0
337000,13,86.77861972153998,150.0
338000,13,86.77353721320534,150.0
339000,13,86.76886261156234,150.0
340000,13,86.76459648671931,150.0
341000,13,86.76073933856532,150.0
342000,13,86.75729159930536,150.0
343000,13,86.75425363208385,150.0
344000,13,86.75162573155677,150.0
345000,14,84.39954504863246,150.0
346000,14,84.39515909918855,150.0
347000,14,84.39092249335219,150.0
348000,14,84.38683471250195,150.0
349000,14,84.38289527672197,150.0
350000,14,84.37910374060903,150.0
351000,14,84.37545969638863,150.0
352000,14,84.37196277497797,150.0
353000,14,84.36861264386611,150.0
354000,14,84.36540901039994,150.0
355000,14,84.36235161922184,150.0
356000,14,84.35944025525313,150.0
357000,14,84.35667474332085,150.0
358000,14,84.35405494591862,150.0
359000,14,84.35158076805553,150.0
360000,15,86.7653332466025,150.0
361000,15,86.76965807491341,150.0
362000,15,86.77438719060405,150.0
363000,15,86.77951968263295,150.0
364000,15,86.78505458036126,150.0
365000,15,86.7909908538771,150.0
366000,15,86.79732741388776,150.0
367000,15,86.80406311235559,150.0
368000,15,86.81119674245097,150.0
369000,15,86.81872703962726,150.0
370000,15,86.82665268121818,150.0
371000,15,86.83497228690763,150.0
372000,15,86.84368441887347,150.0
373000,15,86.8527875830517,150.0
374000,16,84.61198720104221,150.0
375000,17,86.07623092594564,150.0
376000,17,86.07531611081619,150.0
377000,17,86.0746744221147,150.0
378000,17,86.07430501929642,150.0
379000,17,86.07420707861363,150.0
380000,17,86.07437979441956,150.0
381000,17,86.07482237966747,150.0
382000,17,86.0755340660105,150.0
383000,17,86.07651410478812,150.0
384000,17,86.0777617673032,150.0
385000,17,86.07927634462732,150.0
386000,18,84.00949140668062,150.0
387000,18,84.00348949229817,150.0
388000,18,83.99767230878655,150.0
389000,18,83.99203880513728,150.0
390000,18,83.98658796509453,150.0
391000,18,83.98131881172365,150.0
392000,18,83.9762304070442,150.0
393000,18,83.97132185306423,150.0
394000,18,83.96659229181762,150.0
395000,18,83.9620409075205,150.0
396000,18,83.95766692665772,150.0
397000,18,83.95346961589716,150.0
398000,18,83.94944828821653,150.0
399000,18,83.9456022998594,150.0
400000,18,83.94193104985244,150.0
401000,18,83.93843398489498,150.0
402000,18,83.93511059463708,150.0
403000,18,83.93196041801409,150.0
404000,18,83.92898303802478,150.0
405000,18,83.92617808551793,150.0
406000,18,83.92354524083457,150.0
407000,18,83.92108423002486,150.0
408000,18,83.9187948289915,150.0
409000,18,83.91667686268929,150.0
410000,18,83.91473020560181,150.0
411000,18,83.91295478038059,150.0
412000,18,83.91135056206097,150.0
413000,18,83.9099175754868,150.0
414000,18,83.90865589724653,150.0
415000,18,83.90756565366547,150.0
416000,18,83.90664702243797,150.0
417000,18,83.90590023636757,150.0
418000,18,83.90532557707205,150.0
419000,18,83.90492338061011,150.0
420000,18,83.90469403470621,150.0
421000,18,83.90463798101254,150.0
422000,18,83.90475571419569,150.0
423000,18,83.90504778244262,150.0
424000,18,83.90551478766237,150.0
425000,18,83.90615738641277,150.0
426000,19,86.81519632149329,150.0
427000,19,86.81812858412427,150.0
428000,19,86.82147868248704,150.0
429000,20,84.2857273578378,150.0
430000,20,84.28494510432677,150.0
431000,20,84.28430160479087,150.0
432000,20,84.28379661044059,150.0
433000,20,84.2834299143436,150.0
434000,20,84.28320135537008,150.0
435000,20,84.28311081645276,150.0
436000,20,84.28315822277405,150.0
437000,20,84.28334354522912,150.0
438000,20,84.28366679805195,150.0
439000,20,84.28412803936,150.0
440000,20,84.28472737155789,150.0
441000,20,84.28546493891889,150.0
442000,20,84.28634093308025,150.0
443000,20,84.28735558584535,150.0
444000,20,84.28850917444316,150.0
445000,20,84.28980202032746,150.0
446000,20,84.29123448654236,150.0
447000,21,86.9615687793952,150.0
448000,21,86.97279277725715,150.0
449000,21,86.98438339133867,150.0
450000,21,86.99633786098458,150.0
451000,21,87.00865340939058,150.0
452000,21,87.02132724928639,150.0
453000,21,87.03435658043392,150.0
454000,21,87.04773859173889,150.0
455000,21,87.06147046503557,150.0
456000,21,87.07554937371309,150.0
457000,21,87.08997248269587,150.0
458000,21,87.1047369537697,150.0
459000,21,87.11983994173883,150.0
460000,21,87.13527859878765,150.0
461000,21,87.15105007311023,150.0
462000,21,87.16715151177183,150.0
463000,22,83.70675400406155,150.0
464000,22,83.70244398875016,150.0
465000,22,83.69832109527447,150.0
466000,22,83.69438385674304,150.0
467000,22,83.69063086299224,150.0
468000,22,83.68706075989951,150.0
469000,22,83.68367224763405,150.0
470000,22,83.68046408462955,150.0
471000,22,83.6774350879374,150.0
472000,22,83.67458412807633,150.0
473000,22,83.67191013751122,150.0
474000,22,83.66941210414002,150.0
475000,22,83.66708907521082,150.0
476000,22,83.66494015606865,150.0
477000,22,83.66296451088006,150.0
478000,22,83.66116136147092,150.0
479000,22,83.65952999218837,150.0
480000,22,83.65806974237044,150.0
481000,22,83.65678001337061,150.0
482000,22,83.65566026421038,150.0
483000,22,83.65471001301276,150.0
484000,22,83.65392883915489,150.0
485000,22,83.65331637906165,150.0
486000,22,83.65287233086951,150.0
487000,22,83.65259644972348,150.0
488000,22,83.65248855200443,150.0
489000,22,83.65254851340458,150.0
490000,22,83.65277626722123,150.0
491000,22,83.65317180781209,150.0
492000,22,83.65373518879501,150.0
493000,22,83.65446652117174,150.0
494000,22,83.6553659768571,150.0
495000,22,83.65643378737755,150.0
496000,22,83.65767023964699,150.0
497000,22,83.65907568295292,150.0
498000,22,83.6606505246584,150.0
499000,22,83.66239522903899,150.0
500000,22,83.66431032100678,150.0
501000,22,83.66639638145101,150.0
502000,22,83.66865405179612,150.0
503000,22,83.67108402945746,150.0
504000,22,83.67368706950757,150.0
505000,22,83.676463986374,150.0
506000,22,83.67941564908037,150.0
507000,22,83.68254298661931,150.0
508000,22,83.68584698043401,150.0
509000,22,83.68932867215545,150.0
510000,22,83.69298915710613,150.0
511000,22,83.69682958721025,150.0
512000,22,83.70085116739475,150.0
513000,22,83.705055159073,150.0
514000,22,83.70944287697283,150.0
515000,22,83.7140156892214,150.0
516000,23,87.3604141676484,150.0
517000,23,87.36315149229829,150.0
518000,23,87.36626260697527,150.0
519000,23,87.36974839602871,150.0
520000,23,87.37360968172185,150.0
521000,23,87.37784722166806,150.0
522000,23,87.38246170680544,150.0
523000,24,87.37614600940815,150.0
524000,24,87.36529999562673,150.0
525000,24,87.35478572989044,150.0
526000,24,87.34460545954525,150.0
527000,24,87.33476143385602,150.0
528000,24,87.325255898708,150.0
529000,24,87.31609109687456,150.0
530000,24,87.30726926897115,150.0
531000,24,87.29879265053509,150.0
532000,24,87.29066346993909,150.0
533000,24,87.28288395105632,150.0
534000,24,87.27545630776852,150.0
535000,24,87.26838274527927,150.0
536000,24,87.26166545710514,150.0
537000,24,87.25530662498636,150.0
538000,24,87.24930841462736,150.0
539000,24,87.24367297782526,150.0
540000,24,87.23840244690793,150.0
541000,24,87.23349893391986,150.0
542000,24,87.22896452974308,150.0
543000,24,87.22480130060575,150.0
544000,24,87.22101128490051,150.0
545000,24,87.21759649324568,150.0
546000,24,87.21455890385592,150.0
547000,25,83.86624163680952,150.0
548000,25,83.86459277305116,150.0
549000,25,83.86313181451881,150.0
550000,25,83.86185784289786,150.0
551000,25,83.86076999560485,150.0
552000,25,83.85986745939184,150.0
553000,25,83.85914947604581,150.0
554000,25,83.85861533961473,150.0
555000,25,83.85826439447166,150.0
556000,25,83.85809604138933,150.0
557000,25,83.8581097310529,150.0
558000,25,83.85830496550628,150.0
559000,25,83.85868130146568,150.0
560000,25,83.85923834560998,150.0
561000,25,83.85997575756885,150.0
562000,25,83.86089324814624,150.0
563000,25,83.8619905794701,150.0
564000,25,83.8632675647259,150.0
565000,25,83.86472406787988,150.0
566000,25,83.86636000377743,150.0
567000,25,83.86817533619408,150.0
568000,25,83.87017007946697,150.0
569000,25,83.87234429836943,150.0
570000,25,83.87469810484755,150.0
571000,25,83.87723166179215,150.0
572000,25,83.87994517723476,150.0
573000,25,83.88283890959815,150.0
574000,25,83.88591316462185,150.0
575000,25,83.88916829223493,150.0
576000,25,83.89260469164783,150.0
577000,25,83.89622280593036,150.0
578000,25,83.90002312474076,150.0
579000,25,83.90400618013084,150.0
580000,25,83.90817255216268,150.0
581000,25,83.91252286063768,150.0
582000,25,83.91705776840791,150.0
583000,25,83.92177798304478,150.0
584000,25,83.92668425015012,150.0
585000,25,83.93177735860917,150.0
586000,25,83.9370581346635,150.0
587000,25,83.94252744600657,150.0
588000,25,83.94818619596336,150.0
589000,25,83.95403532700523,150.0
590000,25,83.96007581732016,150.0
591000,26,86.99290984682305,150.0
592000,26,86.98052619122885,150.0
593000,26,86.96851464332413,150.0
594000,26,86.95687710184448,150.0
595000,26,86.94561541138857,150.0
596000,26,86.93473136621937,150.0
597000,26,86.92422670588526,150.0
598000,26,86.91410311733745,150.0
599000,26,86.90436223268419,150.0
600000,26,86.89500562914287,150.0
601000,26,86.88603483176297,150.0
602000,26,86.87745130721409,150.0
603000,26,86.86925646888879,150.0
604000,26,86.8614516745607,150.0
605000,26,86.85403822530157,150.0
606000,26,86.84701736672083,150.0
607000,26,86.84039028837098,150.0
608000,26,86.83415812220423,150.0
609000,26,86.82832194551459,150.0
610000,26,86.82288277741505,150.0
611000,26,86.81784158075598,150.0
612000,26,86.81319926049723,150.0
613000,26,86.80895666558177,150.0
614000,26,86.80511458666918,150.0
615000,26,86.80167375704308,150.0
616000,26,86.79863485261347,150.0
617000,27,84.476243970657,150.0
618000,27,84.47142322896737,150.0
619000,27,84.46675415105955,150.0
620000,27,84.46223628655812,150.0
621000,27,84.45786921863203,150.0
622000,27,84.45365256574247,150.0
623000,27,84.44958598090996,150.0
624000,27,84.44566915246932,150.0
625000,27,84.44190180452769,150.0
626000,27,84.4382836974121,150.0
627000,28,86.79186864017326,150.0
628000,28,86.79368417562195,150.0
629000,28,86.79590504704923,150.0
630000,28,86.79853109256717,150.0
631000,28,86.80156208783457,150.0
632000,28,86.8049977453816,150.0
633000,28,86.80883771461879,150.0
634000,28,86.81308158102136,150.0
635000,28,86.81772886575374,150.0
636000,28,86.82277902589729,150.0
637000,28,86.82823145297438,150.0
638000,28,86.83408547323776,150.0
639000,29,84.42237311279965,150.0
640000,29,84.42460181624114,150.0
641000,29,84.42702406733822,150.0
642000,29,84.42963977835731,150.0
643000,29,84.43244889333795,150.0
644000,29,84.43545138569868,150.0
645000,29,84.43864725889713,150.0
646000,29,84.44203654834995,150.0
647000,29,84.44561931496881,150.0
648000,29,84.44939565256367,150.0
649000,29,84.45336567951256,150.0
650000,29,84.45752954555913,150.0
651000,29,84.46188742446788,150.0
652000,30,86.11581017978799,150.0
653000,30,86.1154559502299,150.0
654000,30,86.11536676920483,150.0
655000,30,86.11554217954335,150.0
656000,30,86.11598174227046,150.0
657000,30,86.11668503685905,150.0
658000,30,86.11765166138599,150.0
659000,31,84.14410262943359,150.0
660000,31,84.13810889194889,150.0
661000,31,84.13229809135161,150.0
662000,31,84.12666940415589,150.0
663000,31,84.12122204092233,150.0
664000,31,84.11595524726722,150.0
665000,31,84.11086830426987,150.0
666000,31,84.10596053054265,150.0
667000,31,84.10123127898979,150.0
668000,31,84.09667994317468,150.0
669000,31,84.09230595512496,150.0
670000,31,84.08810878348223,150.0
671000,31,84.08408794005389,150.0
672000,31,84.08024297482592,150.0
673000,31,84.07657347841933,150.0
674000,31,84.07307908607932,150.0
675000,31,84.06975947220661,150.0
676000,31,84.06661435513742,150.0
677000,31,84.0636434963399,150.0
678000,31,84.06084670103807,150.0
679000,31,84.05822381870226,150.0
680000,31,84.05577474352505,150.0
681000,31,84.05349941571392,150.0
682000,31,84.05139781842102,150.0
683000,31,84.04946998386157,150.0
684000,31,84.04771599002433,150.0
685000,31,84.04613596060891,150.0
686000,31,84.04473006638892,150.0
687000,31,84.04349852840855,150.0
688000,31,84.04244161260117,150.0
689000,31,84.04155963437667,150.0
690000,31,84.04085295815734,150.0
691000,32,86.75402499936119,150.0
692000,32,86.75365330802943,150.0
693000,32,86.75370902577764,150.0
694000,32,86.7541909912121,150.0
695000,32,86.75509795816804,150.0
696000,32,86.75642859852266,150.0
697000,33,84.2751790974111,150.0
698000,33,84.27330618733188,150.0
699000,33,84.27157420339381,150.0
700000,33,84.2699827487683,150.0
701000,33,84.26853146975867,150.0
702000,33,84.26722005471679,150.0
703000,33,84.2660482374653,150.0
704000,33,84.2650157950454,150.0
705000,33,84.26412254904182,150.0
706000,33,84.26336836337441,150.0
707000,33,84.26275314817764,150.0
708000,33,84.26227685556378,150.0
709000,33,84.26193948348867,150.0
710000,33,84.26174107409649,150.0
711000,33,84.26168171236804,150.0
712000,33,84.26176152925693,150.0
713000,33,84.26198069968692,150.0
714000,33,84.26233944314987,150.0
715000,33,84.26283802428492,150.0
716000,33,84.26347675094439,150.0
717000,34,86.87916870132426,150.0
718000,34,86.88935364128483,150.0
719000,34,86.8999153486764,150.0
720000,34,86.91085130551156,150.0
721000,34,86.92215896866777,150.0
722000,34,86.93383577188317,150.0
723000,34,86.94587912678065,150.0
724000,34,86.95828642456816,150.0
725000,34,86.97105503841424,150.0
726000,34,86.9841823206317,150.0
727000,34,86.99766560865272,150.0
728000,34,87.01150222232565,150.0
729000,34,87.02568946884811,150.0
730000,34,87.04022463815221,150.0
731000,34,87.05510500945725,150.0
732000,34,87.07032784930946,150.0
733000,35,83.74029845416227,150.0
734000,35,83.73535549597305,150.0
735000,35,83.73060034122742,150.0
736000,35,83.72603150764063,150.0
737000,35,83.7216475640044,150.0
738000,35,83.71744713203196,150.0
739000,35,83.71342888584053,150.0
740000,35,83.70959155291114,150.0
741000,35,83.70593391462728,150.0
742000,35,83.70245480677164,150.0
743000,35,83.69915312068194,150.0
744000,35,83.69602780042807,150.0
745000,35,83.69307784914253,150.0
746000,35,83.69030232422622,150.0
747000,35,83.6877003386375,150.0
748000,35,83.68527106430378,150.0
749000,35,83.68301372798037,150.0
750000,35,83.6809276135835,150.0
751000,35,83.67901206445194,150.0
752000,35,83.67726647945892,150.0
753000,35,83.67569031545345,150.0
754000,35,83.67428308866091,150.0
755000,35,83.67304437148921,150.0
756000,35,83.67197379602948,150.0
757000,35,83.67107105226395,150.0
758000,35,83.6703358891618,150.0
759000,35,83.66976811342697,150.0
760000,35,83.66936758999925,150.0
761000,35,83.6691342441611,150.0
762000,35,83.66906805899976,150.0
763000,35,83.66916907752609,150.0
764000,35,83.66943739977097,150.0
765000,35,83.66987318698135,150.0
766000,35,83.67047665731937,150.0
767000,35,83.67124809012444,150.0
768000,35,83.67218782165256,150.0
769000,35,83.67329624882818,150.0
770000,35,83.67457382708471,150.0
771000,35,83.67602107146725,150.0
772000,35,83.67763855420279,150.0
773000,35,83.67942690881753,150.0
774000,35,83.68138682531571,150.0
775000,35,83.68351905479317,150.0
776000,35,83.68582440465401,150.0
777000,35,83.68830374309884,150.0
778000,35,83.69095799495719,150.0
779000,35,83.69378814375092,150.0
780000,35,83.69679523101085,150.0
781000,35,83.69998035530898,150.0
782000,35,83.70334467435652,150.0
783000,35,83.70688940188842,150.0
784000,35,83.71061580715434,150.0
785000,36,87.22359603980969,150.0
786000,36,87.2324217491485,150.0
787000,36,87.24161876153913,150.0
788000,36,87.25118424803138,150.0
789000,36,87.26111535859468,150.0
790000,36,87.27140922145469,150.0
791000,36,87.28206294875572,150.0
792000,36,87.293073638569,150.0
793000,37,84.53316550568731,150.0
794000,37,84.5364101398058,150.0
795000,37,84.53979471867251,150.0
796000,37,84.54331959567742,150.0
797000,37,84.5469851587355,150.0
798000,38,87.36647010430926,150.0
799000,38,87.37989745162618,150.0
800000,38,87.39365825080702,150.0
801000,38,87.4077495547933,150.0
802000,38,87.42216841830171,150.0
803000,38,87.43691189951585,150.0
804000,38,87.45197706338323,150.0
805000,38,87.46736098011851,150.0
806000,38,87.48306072726652,150.0
807000,38,87.49907339160072,150.0
808000,38,87.51539606858827,150.0
809000,38,87.53202586371508,150.0
810000,38,87.54895989267266,150.0
811000,38,87.56619528358303,150.0
812000,38,87.583729175819,150.0
813000,38,87.6015587231479,150.0
814000,39,87.59894954084864,150.0
815000,39,87.5873450502968,150.0
816000,40,83.78687347807964,150.0
817000,40,83.78454478511858,150.0
818000,40,83.78240324751768,150.0
819000,40,83.78044776084928,150.0
820000,40,83.77867727930823,150.0
821000,40,83.77709080834794,150.0
822000,40,83.77568741372589,150.0
823000,40,83.7744662148739,150.0
824000,40,83.7734263878082,150.0
825000,40,83.77256716409016,150.0
826000,40,83.7718878320805,150.0
827000,40,83.77138773688777,150.0
828000,40,83.77106627695902,150.0
829000,40,83.7709229101252,150.0
830000,40,83.77095714530735,150.0
831000,40,83.77116855076568,150.0
832000,40,83.77155674884209,150.0
833000,40,83.772121417511,150.0
834000,40,83.77286228874782,150.0
835000,40,83.77377914927057,150.0
836000,40,83.7748718416588,150.0
837000,40,83.77614026130809,150.0
838000,40,83.77758435719862,150.0
839000,40,83.77920413435528,150.0
840000,40,83.78099964787798,150.0
841000,40,83.78297100826423,150.0
842000,40,83.78511837863998,150.0
843000,40,83.78744197233864,150.0
844000,40,83.78994205574993,150.0
845000,40,83.79261894755832,150.0
846000,40,83.79547301622942,150.0
847000,40,83.79850468121748,150.0
848000,40,83.8017144116984,150.0
849000,40,83.80510272716879,150.0
850000,40,83.80867019642254,150.0
851000,40,83.81241743585936,150.0
852000,40,83.81634510949279,150.0
853000,40,83.82045393163187,150.0
854000,40,83.824744658961,150.0
855000,40,83.82921809911238,150.0
856000,40,83.83387510077692,150.0
857000,40,83.8387165603238,150.0
858000,40,83.84374341733026,150.0
859000,40,83.84895665465115,150.0
860000,40,83.85435729877767,150.0
861000,40,83.8599464143438,150.0
862000,40,83.86572511050983,150.0
863000,40,83.87169453363938,150.0
864000,41,87.0563305025126,150.0
865000,41,87.04418463984959,150.0
866000,41,87.03239925809038,150.0
867000,41,87.02097629181137,150.0
868000,41,87.00991763948856,150.0
869000,41,86.99922516223099,150.0
870000,41,86.9889006816542,150.0
871000,41,86.97894598387683,150.0
872000,41,86.9693628138804,150.0
873000,41,86.9601528788446,150.0
874000,41,86.95131784404333,150.0
875000,41,86.94285933736057,150.0
876000,41,86.93477894385126,150.0
877000,41,86.92707820790658,150.0
878000,41,86.91975863286368,150.0
879000,41,86.91282167928469,150.0
880000,41,86.9062687646721,150.0
881000,41,86.90010126317445,150.0
882000,41,86.89432050649123,150.0
883000,41,86.88892777925228,150.0
884000,41,86.8839243230693,150.0
885000,41,86.8793113319675,150.0
886000,41,86.87508995512904,150.0
887000,41,86.87126129297448,150.0
888000,41,86.86782639871161,150.0
889000,42,84.57070882611794,150.0
890000,42,84.56550162094251,150.0
891000,42,84.56044863021832,150.0
892000,42,84.55554947742348,150.0
893000,42,84.55080381741934,150.0
894000,43,86.85553883405436,150.0
895000,43,86.85488557041953,150.0
896000,43,86.85463265977485,150.0
897000,43,86.85478068111524,150.0
898000,43,86.85533015569305,150.0
899000,43,86.85628154613816,150.0
900000,43,86.85763525409118,150.0
901000,43,86.8593916213129,150.0
902000,43,86.86155092607625,150.0
903000,43,86.86411338357479,150.0
904000,43,86.86707914434517,150.0
905000,43,86.87044829254916,150.0
906000,44,84.25643494211276,150.0
907000,44,84.25760881631781,150.0
908000,44,84.25897432541339,150.0
909000,44,84.26053121828409,150.0
910000,44,84.26227928191659,150.0
911000,44,84.26421833892825,150.0
912000,44,84.26634824829345,150.0
913000,44,84.26866890593413,150.0
914000,44,84.27118024162937,150.0
915000,44,84.27388222380624,150.0
916000,44,84.27677485229597,150.0
917000,44,84.2798581646989,150.0
918000,44,84.28313222976433,150.0
919000,44,84.2865971529935,150.0
920000,44,84.29025307175264,150.0
921000,44,84.2941001563154,150.0
922000,44,84.2981386100576,150.0
923000,44,84.30236866747201,150.0
924000,44,84.30679059458757,150.0
925000,44,84.31140468835589,150.0
926000,44,84.3162112741963,150.0
927000,44,84.3212107106612,150.0
928000,45,86.17145333419457,150.0
929000,45,86.17133169487731,150.0
930000,45,86.17146987156005,150.0
931000,45,86.17186776588225,150.0
932000,46,84.304830375627,150.0
933000,46,84.29891105288607,150.0
934000,46,84.29317359239933,150.0
935000,46,84.28761739582161,150.0
936000,46,84.28224189317484,150.0
937000,46,84.27704654990207,150.0
938000,46,84.27203086037385,150.0
939000,46,84.2671943557809,150.0
940000,46,84.26253659853766,150.0
941000,46,84.25805718559954,150.0
942000,46,84.25375575183772,150.0
943000,46,84.24963196525631,150.0
944000,46,84.24568553118209,150.0
945000,46,84.24191619195479,150.0
946000,46,84.23832372749231,150.0
947000,46,84.23490795578651,150.0
948000,46,84.23166873453673,150.0
949000,46,84.2286059578143,150.0
950000,46,84.22571956199228,150.0
951000,46,84.22300952373338,150.0
952000,46,84.22047585763248,150.0
953000,46,84.21811862286089,150.0
954000,47,86.7524213116139,150.0
955000,47,86.74784286570554,150.0
956000,47,86.74369134146325,150.0
957000,47,86.73996670719905,150.0
958000,47,86.7366688343773,150.0
959000,47,86.73379749937685,150.0
960000,47,86.73135238488958,150.0
961000,47,86.7293330825475,150.0
962000,47,86.72773909434343,150.0
963000,47,86.7265698348899,150.0
964000,47,86.72582463352249,150.0
965000,47,86.72550273637478,150.0
966000,48,84.29152642251199,150.0
967000,48,84.2886961510233,150.0
968000,48,84.2860094591698,150.0
969000,48,84.28346585414012,150.0
970000,48,84.28106488641843,150.0
971000,48,84.27880614683488,150.0
972000,48,84.27668927037159,150.0
973000,48,84.27471393330849,150.0
974000,48,84.27287985415356,150.0
975000,48,84.27118679618205,150.0
976000,48,84.26963456428402,150.0
977000,48,84.2682230061912,150.0
978000,48,84.26695201502277,150.0
979000,48,84.26582152517001,150.0
980000,48,84.26483151631106,150.0
981000,48,84.2639820123859,150.0
982000,48,84.26327308016972,150.0
983000,48,84.26270483083697,150.0
984000,48,84.26227742160664,150.0
985000,48,84.26199105230663,150.0
986000,49,86.81442048635006,150.0
987000,49,86.82307896506333,150.0
988000,49,86.8321252443396,150.0
989000,49,86.84155717775046,150.0
990000,49,86.85137258227267,150.0
991000,49,86.86156924030054,150.0
992000,49,86.87214489788641,150.0
993000,49,86.88309726811747,150.0
994000,49,86.89442403236018,150.0
995000,49,86.90612284018994,150.0
996000,49,86.91819131123036,150.0
997000,49,86.93062703639545,150.0
998000,49,86.94342757768236,150.0
999000,49,86.95659047032348,150.0
1000000,49,86.97011322339362,150.0
1001000,49,86.98399332124272,150.0
1002000,49,86.99822822271398,150.0
1003000,49,87.01281536414925,150.0
1004000,50,83.7987785693098,150.0
1005000,50,83.79337808606749,150.0
1006000,50,83.78816488440417,150.0
1007000,50,83.78313756120893,150.0
1008000,50,83.77829476235334,150.0
1009000,50,83.7736351801004,150.0
1010000,50,83.76915755479124,150.0
1011000,50,83.76486067720418,150.0
1012000,50,83.76074338672107,150.0
1013000,50,83.75680457413549,150.0
1014000,50,83.75304318096389,150.0
1015000,50,83.74945820029328,150.0
1016000,50,83.74604867802293,150.0
1017000,50,83.7428137100214,150.0
1018000,50,83.73975244842828,150.0
1019000,50,83.73686409735036,150.0
1020000,50,83.7341479139404,150.0
1021000,50,83.73160321096381,150.0
1022000,50,83.72922935461021,150.0
1023000,50,83.72702576554636,150.0
1024000,50,83.72499192173528,150.0
1025000,50,83.72312735440698,150.0
1026000,50,83.7214316508103,150.0
1027000,50,83.71990445536382,150.0
1028000,50,83.71854546707297,150.0
1029000,50,83.71735444301831,150.0
1030000,50,83.71633119528038,150.0
1031000,50,83.71547559404998,150.0
1032000,50,83.7147875668529,150.0
1033000,50,83.7142670963906,150.0
1034000,50,83.71391422553852,150.0
1035000,50,83.71372905201552,150.0
1036000,50,83.71371173400168,150.0
1037000,50,83.71386248551688,150.0
1038000,50,83.71418157881392,150.0
1039000,50,83.71466934564849,150.0
1040000,50,83.7153261741765,150.0
1041000,50,83.71615251274338,150.0
1042000,50,83.71714886623457,150.0
1043000,50,83.71831579942547,150.0
1044000,50,83.7196539357948,150.0
1045000,50,83.7211639559474,150.0
1046000,50,83.7228466001709,150.0
1047000,50,83.72470266686521,150.0
1048000,50,83.7267330120145,150.0
1049000,50,83.72893855346405,150.0
1050000,50,83.7313202641143,150.0
1051000,50,83.73387917691186,150.0
1052000,50,83.73661638064266,150.0
1053000,50,83.73953302547743,150.0
1054000,51,87.06916938035441,150.0
1055000,51,87.0767830473931,150.0
1056000,51,87.08478233854211,150.0
1057000,51,87.09316449091054,150.0
1058000,52,84.41493041623477,150.0
1059000,52,84.41677815269,150.0
1060000,52,84.41876379674514,150.0
1061000,52,84.42088750533262,150.0
1062000,52,84.42314947581124,150.0
1063000,52,84.42554994248096,150.0
1064000,52,84.42808918249565,150.0
1065000,52,84.43076751062277,150.0
1066000,52,84.43358528180765,150.0
1067000,52,84.43654288909413,150.0
1068000,52,84.43964076440537,150.0
1069000,53,87.22257417465515,150.0
1070000,53,87.23567179747216,150.0
1071000,53,87.24911155082044,150.0
1072000,53,87.26289046629007,150.0
1073000,53,87.27700557329563,150.0
1074000,53,87.29145390655134,150.0
1075000,53,87.30623250186333,150.0
1076000,53,87.3213383994216,150.0
1077000,53,87.33676864552018,150.0
1078000,53,87.35252029380538,150.0
1079000,53,87.36859040310875,150.0
1080000,53,87.38497604192588,150.0
1081000,53,87.40167428645114,150.0
1082000,53,87.41868222431977,150.0
1083000,53,87.43599695028207,150.0
1084000,53,87.45361557290816,150.0
1085000,54,83.73339085659069,150.0
1086000,54,83.730351650899,150.0
1087000,54,83.72749965091438,150.0
1088000,54,83.72483357193506,150.0
1089000,54,83.7223521892081,150.0
1090000,54,83.72005433293936,150.0
1091000,54,83.71793889384975,150.0
1092000,54,83.71600481797122,150.0
1093000,54,83.71425111207644,150.0
1094000,54,83.71267683881068,150.0
1095000,54,83.71128112083862,150.0
1096000,54,83.71006313916418,150.0
1097000,54,83.70902213078882,150.0
1098000,54,83.7081573953794,150.0
1099000,54,83.70746828589881,150.0
1100000,54,83.70695421784285,150.0
1101000,54,83.70661466325038,150.0
1102000,54,83.70644915059947,150.0
1103000,54,83.70645726844042,150.0
1104000,54,83.70663866239019,150.0
1105000,54,83.7069930356853,150.0
1106000,54,83.70752014826897,150.0
1107000,54,83.708219819544,150.0
1108000,54,83.70909192425012,150.0
1109000,54,83.71013639244603,150.0
1110000,54,83.71135321499455,150.0
1111000,54,83.71274243462778,150.0
1112000,54,83.71430415241164,150.0
1113000,54,83.71603852664462,150.0
1114000,54,83.7179457674134,150.0
1115000,54,83.7200261427389,150.0
1116000,54,83.72227997474647,150.0
1117000,54,83.72470764007751,150.0
1118000,54,83.72730956919727,150.0
1119000,54,83.73008624733286,150.0
1120000,54,83.73303821254453,150.0
1121000,54,83.73616605410402,150.0
1122000,54,83.73947041785382,150.0
1123000,54,83.74295199808473,150.0
1124000,54,83.74661154107713,150.0
1125000,54,83.75044984574068,150.0
1126000,54,83.75446776190302,150.0
1127000,54,83.75866618579522,150.0
1128000,54,83.76304606655347,150.0
1129000,54,83.7676084012168,150.0
1130000,54,83.77235423412291,150.0
1131000,54,83.77728465734292,150.0
1132000,54,83.7824008095559,150.0
1133000,54,83.78770387526843,150.0
1134000,54,83.79319508398805,150.0
1135000,54,83.79887570935476,150.0
1136000,55,87.15337999936398,150.0
1137000,55,87.14112541657528,150.0
1138000,55,87.12921807606466,150.0
1139000,55,87.11766001261013,150.0
1140000,55,87.10645323919087,150.0
1141000,55,87.09559974409436,150.0
1142000,55,87.08510149343766,150.0
1143000,55,87.07496042849057,150.0
1144000,55,87.06517846527316,150.0
1145000,55,87.05575749609866,150.0
1146000,55,87.04669938490221,150.0
1147000,55,87.03800597153538,150.0
1148000,55,87.02967906718499,150.0
1149000,55,87.0217204554844,150.0
1150000,55,87.01413189067891,150.0
1151000,55,87.00691509892813,150.0
1152000,55,87.00007177419928,150.0
1153000,55,86.9936035817096,150.0
1154000,55,86.9875121516433,150.0
1155000,55,86.98179908243506,150.0
1156000,55,86.97646593887868,150.0
1157000,55,86.971514248915,150.0
1158000,55,86.96694550410172,150.0
1159000,55,86.96276116009437,150.0
1160000,55,86.95896263035814,150.0
1161000,55,86.95555129059589,150.0
1162000,55,86.95252847253447,150.0
1163000,55,86.94989546636799,150.0
1164000,55,86.94765351620954,150.0
1165000,55,86.94580382030104,150.0
1166000,55,86.94434752788422,150.0
1167000,55,86.94328573979011,150.0
1168000,55,86.9426195038704,150.0
1169000,55,86.94234981622877,150.0
1170000,55,86.94247761705078,150.0
1171000,55,86.94300378894371,150.0
1172000,55,86.94392915679015,150.0
1173000,56,84.10946431270901,150.0
1174000,56,84.10959852844854,150.0
1175000,56,84.10992287350815,150.0
1176000,56,84.11043688952418,150.0
1177000,56,84.11114015716112,150.0
1178000,56,84.11203230231112,150.0
1179000,56,84.1131129923894,150.0
1180000,56,84.11438193860994,150.0
1181000,56,84.11583889165456,150.0
1182000,56,84.11748364479713,150.0
1183000,56,84.1193160320978,150.0
1184000,56,84.1213359296048,150.0
1185000,56,84.12354325518746,150.0
1186000,56,84.12593796431342,150.0
1187000,56,84.12852005474515,150.0
1188000,56,84.13128956303999,150.0
1189000,56,84.13424656597405,150.0
1190000,56,84.13739117827026,150.0
1191000,56,84.1407235533707,150.0
1192000,56,84.1442438826452,150.0
1193000,56,84.1479523941852,150.0
1194000,56,84.15184935504648,150.0
1195000,56,84.15593506583538,150.0
1196000,56,84.16020986571952,150.0
1197000,56,84.16467412616473,150.0
1198000,56,84.16932825626411,150.0
1199000,56,84.17417269533408,150.0
1200000,56,84.17920791878447,150.0
1201000,56,84.184434433516,150.0
1202000,56,84.18985277836647,150.0
1203000,56,84.19546352251514,150.0
1204000,57,86.2412280205117,150.0
1205000,57,86.24130852816701,150.0
1206000,58,84.48508353275258,150.0
1207000,58,84.4794982746679,150.0
1208000,58,84.47409405969901,150.0
1209000,58,84.46887052758217,150.0
1210000,58,84.46382734813643,150.0
1211000,58,84.45896422051946,150.0
1212000,58,84.45428087421,150.0
1213000,58,84.44977706932087,150.0
1214000,58,84.44545259752225,150.0
1215000,58,84.44130728334345,150.0
1216000,59,86.82487890316457,150.0
1217000,59,86.81580792962971,150.0
1218000,59,86.80714802005859,150.0
1219000,59,86.79890031456182,150.0
1220000,59,86.79106586374243,150.0
1221000,59,86.78364562677618,150.0
1222000,59,86.77664047185068,150.0
1223000,59,86.77005117844017,150.0
1224000,59,86.76387843575365,150.0
1225000,59,86.75812284450949,150.0
1226000,59,86.75278491776108,150.0
1227000,59,86.74786508090546,150.0
1228000,59,86.74336367341867,150.0
1229000,59,86.73928094957864,150.0
1230000,59,86.73561707972328,150.0
1231000,59,86.7323721505672,150.0
1232000,59,86.72954616786079,150.0
1233000,59,86.72713905631564,150.0
1234000,59,86.7251506609739,150.0
1235000,59,86.72358074960108,150.0
1236000,60,84.33078394581052,150.0
1237000,60,84.32715036519015,150.0
1238000,60,84.32366308200747,150.0
1239000,60,84.32032156774216,150.0
1240000,60,84.31712533222455,150.0
1241000,60,84.31407392630169,150.0
1242000,60,84.31116694057219,150.0
1243000,60,84.3084040060675,150.0
1244000,60,84.30578479454701,150.0
1245000,60,84.30330901878146,150.0
1246000,60,84.30097643240539,150.0
1247000,60,84.2987868326059,150.0
1248000,60,84.29674005465623,150.0
1249000,60,84.29483598043203,150.0
1250000,60,84.2930745297453,150.0
1251000,60,84.29145566911913,150.0
1252000,60,84.28997940492322,150.0
1253000,60,84.28864578989264,150.0
1254000,61,86.77242971183324,150.0
1255000,61,86.77907239843438,150.0
1256000,61,86.78611302527344,150.0
1257000,61,86.79354997410522,150.0
1258000,61,86.80138157661067,150.0
1259000,61,86.80960611578621,150.0
1260000,61,86.81822182620135,150.0
1261000,61,86.82722689651845,150.0
1262000,61,86.83661946786202,150.0
1263000,61,86.84639763729787,150.0
1264000,61,86.85655945646876,150.0
1265000,61,86.86710293487664,150.0
1266000,61,86.87802603745608,150.0
1267000,61,86.88932668850175,150.0
1268000,61,86.90100277113164,150.0
1269000,61,86.91305212785517,150.0
1270000,61,86.92547256130644,150.0
1271000,61,86.93826183677297,150.0
1272000,62,86.05068391555132,150.0
1273000,62,86.05313341928785,150.0
1274000,62,86.05585327780408,150.0
1275000,62,86.05884247294453,150.0
1276000,63,83.88071323964108,150.0
1277000,63,83.87505027210132,150.0
1278000,63,83.86957295921887,150.0
1279000,63,83.8642800603079,150.0
1280000,63,83.85917037436595,150.0
1281000,63,83.85424274534058,150.0
1282000,63,83.84949606105575,150.0
1283000,63,83.84492925507146,150.0
1284000,63,83.84054130578224,150.0
1285000,63,83.83633123895335,150.0
1286000,63,83.832298126441,150.0
1287000,63,83.82844108850338,150.0
1288000,63,83.82475929340056,150.0
1289000,63,83.82125195896073,150.0
1290000,63,83.81791835000008,150.0
1291000,63,83.81475778348043,150.0
1292000,63,83.81176962635507,150.0
1293000,63,83.8089532956494,150.0
1294000,63,83.80630825841465,150.0
1295000,63,83.80383403646807,150.0
1296000,63,83.8015302013498,150.0
1297000,63,83.79939637605064,150.0
1298000,63,83.79743223949713,150.0
1299000,63,83.79563752080004,150.0
1300000,63,83.79401200423754,150.0
1301000,63,83.79255552760216,150.0
1302000,63,83.7912679804936,150.0
1303000,63,83.79014931013229,150.0
1304000,63,83.78919951625375,150.0
1305000,63,83.78841865563732,150.0
1306000,63,83.78780683662659,150.0
1307000,63,83.78736422697516,150.0
1308000,63,83.78709104755707,150.0
1309000,63,83.78698757586058,150.0
1310000,63,83.78705414475753,150.0
1311000,63,83.78729114555225,150.0
1312000,63,83.78769902388433,150.0
1313000,63,83.78827828305734,150.0
1314000,63,83.78902948225458,150.0
1315000,63,83.78995323811706,150.0
1316000,63,83.7910502259266,150.0
1317000,63,83.79232117442572,150.0
1318000,63,83.79376687356005,150.0
1319000,63,83.79538816851175,150.0
1320000,63,83.79718596120519,150.0
1321000,63,83.79916121213917,150.0
1322000,64,86.93478804232501,150.0
1323000,64,86.94065769384218,150.0
1324000,65,84.33478909501223,150.0
1325000,65,84.33533497088813,150.0
1326000,65,84.33601837411791,150.0
1327000,65,84.33683925676485,150.0
1328000,65,84.33779761423774,150.0
1329000,65,84.33889348427246,150.0
1330000,65,84.34012694607942,150.0
1331000,65,84.34149812365138,150.0
1332000,65,84.34300718029598,150.0
1333000,65,84.34465432514784,150.0
1334000,65,84.34643980560509,150.0
1335000,65,84.34836391356949,150.0
1336000,65,84.35042698160288,150.0
1337000,65,84.35262938277195,150.0
1338000,65,84.35497153316794,150.0
1339000,66,87.08727265773523,150.0
1340000,66,87.0995884149589,150.0
1341000,66,87.11225782946276,150.0
1342000,66,87.12527797715613,150.0
1343000,66,87.13864593148533,150.0
1344000,66,87.15235876297307,150.0
1345000,66,87.16641353764153,150.0
1346000,66,87.1808073239913,150.0
1347000,66,87.19553718673734,150.0
1348000,66,87.21060019533003,150.0
1349000,66,87.22599341833296,150.0
1350000,66,87.24171393052032,150.0
1351000,66,87.25775880748989,150.0
1352000,66,87.27412513276735,150.0
1353000,66,87.29080999266685,150.0
1354000,66,87.30781048187555,150.0
1355000,67,83.70430797491885,150.0
1356000,67,83.70070799112453,150.0
1357000,67,83.69729470713881,150.0
1358000,67,83.69406673979606,150.0
1359000,67,83.69102276091576,150.0
1360000,67,83.68816150211582,150.0
1361000,67,83.68548175310032,150.0
1362000,67,83.68298235967657,150.0
1363000,67,83.68066222998401,150.0
1364000,67,83.67852032860797,150.0
1365000,67,83.67655567980336,150.0
1366000,67,83.67476736700746,150.0
1367000,67,83.67315453293399,150.0
1368000,67,83.67171637964805,150.0
1369000,67,83.67045216797567,150.0
1370000,67,83.66936122064487,150.0
1371000,67,83.66844291551027,150.0
1372000,67,83.66769669349266,150.0
1373000,67,83.66712205422583,150.0
1374000,67,83.66671855550013,150.0
1375000,67,83.66648581436124,150.0
1376000,67,83.66642350869607,150.0
1377000,67,83.66653137374804,150.0
1378000,67,83.66680920426501,150.0
1379000,67,83.66725685313247,150.0
1380000,67,83.66787423392502,150.0
1381000,67,83.66866131604579,150.0
1382000,67,83.66961812996254,150.0
1383000,67,83.67074476212825,150.0
1384000,67,83.67204135746101,150.0
1385000,67,83.67350812026713,150.0
1386000,67,83.67514531033822,150.0
1387000,67,83.67695324586985,150.0
1388000,67,83.67893230200207,150.0
1389000,67,83.68108291003037,150.0
1390000,67,83.68340555995513,150.0
1391000,67,83.68590079596702,150.0
1392000,67,83.68856921895703,150.0
1393000,67,83.69141148477075,150.0
1394000,67,83.69442830719011,150.0
1395000,67,83.69762045069244,150.0
1396000,67,83.7009887383269,150.0
1397000,67,83.70453404591701,150.0
1398000,67,83.708257301273,150.0
1399000,67,83.7121594876109,150.0
1400000,67,83.71624164014271,150.0
1401000,67,83.72050484626399,150.0
1402000,67,83.72495024497474,150.0
1403000,67,83.72957902667315,150.0
1404000,67,83.73439243126711,150.0
1405000,67,83.73939174832893,150.0
1406000,67,83.7445783175096,150.0
1407000,68,87.28406666383282,150.0
1408000,68,87.27140993030416,150.0
1409000,68,87.25908567722185,150.0
1410000,68,87.24709604981598,150.0
1411000,68,87.23544318694461,150.0
1412000,68,87.22412921613567,150.0
1413000,68,87.21315625332463,150.0
1414000,68,87.20252640388779,150.0
1415000,68,87.19224176144502,150.0
1416000,68,87.18230440785383,150.0
1417000,68,87.17271641045902,150.0
1418000,68,87.16347982435941,150.0
1419000,68,87.15459668958275,150.0
1420000,68,87.14606903053868,150.0
1421000,68,87.13789885655613,150.0
1422000,68,87.13008815729177,150.0
1423000,68,87.1226389075131,150.0
1424000,68,87.11555305997649,150.0
1425000,68,87.10883254851741,150.0
1426000,68,87.1024792844965,150.0
1427000,68,87.09649515718532,150.0
1428000,68,87.0908820291681,150.0
1429000,68,87.08564173997041,150.0
1430000,68,87.08077609938951,150.0
1431000,68,87.07628688873606,150.0
1432000,68,87.07217585836067,150.0
1433000,68,87.06844472629838,150.0
1434000,68,87.06509517508063,150.0
1435000,68,87.06212885073124,150.0
1436000,68,87.05954736069455,150.0
1437000,68,87.05735227153019,150.0
1438000,68,87.0555451068058,150.0
1439000,68,87.05412734490729,150.0
1440000,68,87.05310041534149,150.0
1441000,69,83.98287333953255,150.0
1442000,69,83.98216487529184,150.0
1443000,69,83.98164513397533,150.0
1444000,69,83.98131345349806,150.0
1445000,69,83.98116921902923,150.0
1446000,69,83.98121186200459,150.0
1447000,69,83.9814408618802,150.0
1448000,69,83.98185574818129,150.0
1449000,69,83.98245609387669,150.0
1450000,69,83.98324152122069,150.0
1451000,69,83.98421169852914,150.0
1452000,69,83.98536634240514,150.0
1453000,69,83.9867052139614,150.0
1454000,69,83.9882281217445,150.0
1455000,69,83.9899349209127,150.0
1456000,69,83.99182551117947,150.0
1457000,69,83.99389983799006,150.0
1458000,69,83.99615789178866,150.0
1459000,69,83.99859970764031,150.0
1460000,69,84.0012253648323,150.0
1461000,69,84.0040349867754,150.0
1462000,69,84.00702873831118,150.0
1463000,69,84.01020683125094,150.0
1464000,69,84.01356951511359,150.0
1465000,69,84.01711708408686,150.0
1466000,69,84.02084987461815,150.0
1467000,69,84.02476826020002,150.0
1468000,69,84.02887265788725,150.0
1469000,69,84.03316352250812,150.0
1470000,69,84.03764134868084,150.0
1471000,69,84.04230666925322,150.0
1472000,69,84.047160053839,150.0
1473000,69,84.05220210995402,150.0
1474000,69,84.0574334804257,150.0
1475000,69,84.06285484272195,150.0
1476000,69,84.06846691166719,150.0
1477000,69,84.07427043197916,150.0
1478000,70,86.96669918377044,150.0
1479000,70,86.9534822883094,150.0
1480000,70,86.94064756317776,150.0
1481000,70,86.92819702668547,150.0
1482000,70,86.91613262675881,150.0
1483000,70,86.9044562432779,150.0
1484000,70,86.89316968435632,150.0
1485000,70,86.88227468591127,150.0
1486000,70,86.87177291316586,150.0
1487000,70,86.86166595805656,150.0
1488000,70,86.85195533955256,150.0
1489000,70,86.84264250390306,150.0
1490000,70,86.83372882258395,150.0
1491000,70,86.82521559502699,150.0
1492000,70,86.81710404604934,150.0
1493000,70,86.80939532602997,150.0
1494000,70,86.80209051296514,150.0
1495000,70,86.7951906102307,150.0
1496000,70,86.7886965481884,150.0
1497000,70,86.78260918405303,150.0
1498000,70,86.77692930256589,150.0
1499000,70,86.77165761515897,150.0
1500000,70,86.7667947616923,150.0
1501000,70,86.76234131023381,150.0
1502000,70,86.75829775798648,150.0
1503000,70,86.75466453086108,150.0
1504000,70,86.75144198488574,150.0
1505000,70,86.74863040645391,150.0
1506000,70,86.74623001316729,150.0
1507000,71,84.38916044201926,150.0
1508000,71,84.38489720182803,150.0
1509000,71,84.38078280092233,150.0
1510000,71,84.37681672798442,150.0
1511000,71,84.37299850935318,150.0
1512000,71,84.3693277082943,150.0
1513000,71,84.36580392683472,150.0
1514000,71,84.36242680362257,150.0
1515000,71,84.35919601722328,150.0
1516000,71,84.35611128353278,150.0
1517000,71,84.35317235876731,150.0
1518000,71,84.35037903833137,150.0
1519000,71,84.34773115829394,150.0
1520000,71,84.34522859279737,150.0
1521000,71,84.34287125884795,150.0
1522000,72,86.76366331642777,150.0
1523000,72,86.76822213417128,150.0
1524000,72,86.77318487595844,150.0
1525000,72,86.77855055083414,150.0
1526000,72,86.78431810803902,150.0
1527000,72,86.79048643876114,150.0
1528000,72,86.79705437560173,150.0
1529000,72,86.80402069431307,150.0
1530000,72,86.81138411196153,150.0
1531000,72,86.81914328955231,150.0
1532000,72,86.82729683118548,150.0
1533000,72,86.83584328439434,150.0
1534000,72,86.84478114183294,150.0
1535000,72,86.85410883956843,150.0
1536000,73,86.07131303293181,150.0
1537000,73,86.07082260280566,150.0
1538000,73,86.07060648454359,150.0
1539000,74,86.07018143912055,150.0
1540000,74,86.07002689537318,150.0
1541000,74,86.07014404494362,150.0
1542000,74,86.07053205191868,150.0
1543000,74,86.07119009919798,150.0
1544000,74,86.07211738924718,150.0
1545000,74,86.07331314419892,150.0
1546000,74,86.07477660665475,150.0
1547000,74,86.07650703954167,150.0
1548000,75,83.9907060725653,150.0
1549000,75,83.98480947254752,150.0
1550000,75,83.97909728831641,150.0
1551000,75,83.97356845819372,150.0
1552000,75,83.96822195847547,150.0
1553000,75,83.96305680659346,150.0
1554000,75,83.95807205782882,150.0
1555000,75,83.95326680889055,150.0
1556000,75,83.94864019877217,150.0
1557000,75,83.94419140599352,150.0
1558000,75,83.9399196549004,150.0
1559000,75,83.93582421202339,150.0
1560000,75,83.93190438881456,150.0
1561000,75,83.92815953937523,150.0
1562000,75,83.92458906540257,150.0
1563000,75,83.92119241445921,150.0
1564000,75,83.9179690789018,150.0
1565000,75,83.91491859802898,150.0
1566000,75,83.91204056099036,150.0
1567000,75,83.90933460220317,150.0
1568000,75,83.90680040595475,150.0
1569000,75,83.90443770444534,150.0
1570000,75,83.90224627982995,150.0
1571000,75,83.90022596396564,150.0
1572000,75,83.8983766380427,150.0
1573000,75,83.89669823446494,150.0
1574000,75,83.89519073623565,150.0
1575000,75,83.89385417834248,150.0
1576000,75,83.89268864470621,150.0
1577000,75,83.89169427507674,150.0
1578000,75,83.89087125796362,150.0
1579000,75,83.89021983552725,150.0
1580000,75,83.88974030388,150.0
1581000,75,83.88943301107177,150.0
1582000,75,83.8892983580686,150.0
1583000,75,83.8893368003118,150.0
1584000,75,83.88954884675003,150.0
1585000,75,83.88993506109556,150.0
1586000,75,83.89049605902073,150.0
1587000,75,83.8912325135617,150.0
1588000,76,86.82529932563676,150.0
1589000,76,86.8284479809934,150.0
1590000,76,86.8320135337828,150.0
1591000,77,84.28937825690355,150.0
1592000,77,84.28872257570669,150.0
1593000,77,84.28820547132291,150.0
1594000,77,84.28782670901836,150.0
1595000,77,84.28758609865285,150.0
1596000,77,84.28748349237905,150.0
1597000,77,84.2875187880836,150.0
1598000,77,84.28769192700092,150.0
1599000,77,84.28800289468354,150.0
1600000,77,84.28845171916856,150.0
1601000,77,84.2890384735991,150.0
1602000,77,84.28976327481813,150.0
1603000,77,84.29062628141835,150.0
1604000,77,84.29162769917765,150.0
1605000,77,84.29276777430943,150.0
1606000,77,84.29404679654702,150.0
1607000,77,84.29546510221523,150.0
1608000,77,84.29702306730094,150.0
1609000,78,86.9759508599364,150.0
1610000,78,86.98736135824132,150.0
1611000,78,86.99913663099363,150.0
1612000,78,87.0112738905434,150.0
1613000,78,87.02377033487555,150.0
1614000,78,87.03662315260127,150.0
1615000,78,87.04982952146476,150.0
1616000,78,87.06338661040604,150.0
1617000,78,87.07729158074707,150.0
1618000,78,87.09154158682661,150.0
1619000,78,87.10613377805228,150.0
1620000,78,87.12106529978149,150.0
1621000,78,87.13633329344015,150.0
1622000,78,87.15193489783583,150.0
1623000,78,87.1678672494695,150.0
1624000,78,87.18412748495828,150.0
1625000,79,83.70391697488003,150.0
1626000,79,83.6997178506996,150.0
1627000,79,83.6957055462849,150.0
1628000,79,83.6918786100987,150.0
1629000,79,83.68823564580394,150.0
1630000,79,83.68477531436614,150.0
1631000,79,83.6814963342985,150.0
1632000,79,83.67839748038602,150.0
1633000,79,83.67547758288546,150.0
1634000,79,83.67273553404753,150.0
1635000,79,83.67017027949103,150.0
1636000,79,83.66778082734605,150.0
1637000,79,83.66556624181052,150.0
1638000,79,83.66352564646948,150.0
1639000,79,83.66165822316991,150.0
1640000,79,83.65996321414525,150.0
1641000,79,83.65843992052424,150.0
1642000,79,83.65708770109231,150.0
1643000,79,83.6559059761893,150.0
1644000,79,83.65489422388143,150.0
1645000,79,83.65405198149118,150.0
1646000,79,83.65337884706489,150.0
1647000,79,83.65287447808085,150.0
1648000,79,83.65253858963852,150.0
1649000,79,83.65237095868311,150.0
1650000,79,83.65237141915902,150.0
1651000,79,83.65253986675737,150.0
1652000,79,83.65287625409337,150.0
1653000,79,83.6533805954473,150.0
1654000,79,83.6540529618618,150.0
1655000,79,83.654893485306,150.0
1656000,79,83.65590235677868,150.0
1657000,79,83.65707982433268,150.0
1658000,79,83.65842619722876,150.0
1659000,79,83.65994184111588,150.0
1660000,79,83.66162718239472,150.0
1661000,79,83.66348270365029,150.0
1662000,79,83.66550894785892,150.0
1663000,79,83.667706513756,150.0
1664000,79,83.67007606037971,150.0
1665000,79,83.67261830245147,150.0
1666000,79,83.675334012051,150.0
1667000,79,83.67822402082668,150.0
1668000,79,83.68128921311096,150.0
1669000,79,83.6845305332372,150.0
1670000,79,83.68794898169533,150.0
1671000,79,83.69154561179123,150.0
1672000,79,83.6953215347137,150.0
1673000,79,83.69927791594593,150.0
1674000,79,83.70341597544926,150.0
1675000,79,83.7077369871496,150.0
1676000,79,83.71224227837548,150.0
1677000,79,83.7169332296974,150.0
1678000,80,87.36009792263,150.0
1679000,80,87.36305577685454,150.0
1680000,80,87.36638668924371,150.0
1681000,80,87.37009148063909,150.0
1682000,80,87.37417090976298,150.0
1683000,81,87.37439944891294,150.0
1684000,81,87.36303619811714,150.0
1685000,81,87.35200254926865,150.0
1686000,81,87.34130073590323,150.0
1687000,81,87.33093299075945,150.0
1688000,81,87.32090154535773,150.0
1689000,81,87.31120862737833,150.0
1690000,81,87.30185646178336,150.0
1691000,81,87.29284726964677,150.0
1692000,81,87.28418326616222,150.0
1693000,81,87.27586666126054,150.0
1694000,81,87.26789965574538,150.0
1695000,81,87.26028444424824,150.0
1696000,81,87.25302321006751,150.0
1697000,81,87.24611812493275,150.0
1698000,81,87.23957134900995,150.0
1699000,81,87.23338502776897,150.0
1700000,81,87.22756128979485,150.0
1701000,81,87.22210224608146,150.0
1702000,81,87.21700998893509,150.0
1703000,81,87.21228658779151,150.0
1704000,81,87.20793408784185,150.0
1705000,81,87.20395450920643,150.0
1706000,81,87.20034984308705,150.0
1707000,81,87.19712204961628,150.0
1708000,81,87.1942730553719,150.0
1709000,82,83.87819688144523,150.0
1710000,82,83.87664091454903,150.0
1711000,82,83.87527296403779,150.0
1712000,82,83.87409214067429,150.0
1713000,82,83.87309760397892,150.0
1714000,82,83.87228856798647,150.0
1715000,82,83.87166429800857,150.0
1716000,82,83.87122411189496,150.0
1717000,82,83.87096737813681,150.0
1718000,82,83.8708935190337,150.0
1719000,82,83.87100200607584,150.0
1720000,82,83.8712923668114,150.0
1721000,82,83.87176417564862,150.0
1722000,82,83.87241706222251,150.0
1723000,82,83.873250703973,150.0
1724000,82,83.87426483185124,150.0
1725000,82,83.8754592266818,150.0
1726000,82,83.87683371973839,150.0
1727000,82,83.87838819285189,150.0
1728000,82,83.88012257648343,150.0
1729000,82,83.88203685134654,150.0
1730000,82,83.88413104832395,150.0
1731000,82,83.88640524517068,150.0
1732000,82,83.88885957034039,150.0
1733000,82,83.89149419714921,150.0
1734000,82,83.89430934994928,150.0
1735000,82,83.89730529664789,150.0
1736000,82,83.90048235437936,150.0
1737000,82,83.90384088548686,150.0
1738000,82,83.90738129820949,150.0
1739000,82,83.91110404478334,150.0
1740000,82,83.91500962322759,150.0
1741000,82,83.91909857439951,150.0
1742000,82,83.92337148271129,150.0
1743000,82,83.92782897424279,150.0
1744000,82,83.93247171966128,150.0
1745000,82,83.93730042722248,150.0
1746000,82,83.94231584951858,150.0
1747000,82,83.94751877436607,150.0
1748000,82,83.95291003321677,150.0
1749000,82,83.95849049112215,150.0
1750000,82,83.96426105333687,150.0
1751000,82,83.97022266051547,150.0
1752000,83,86.99197298238053,150.0
1753000,83,86.97939158312505,150.0
1754000,83,86.96718293336183,150.0
1755000,83,86.95534895413657,150.0
1756000,83,86.94389151105662,150.0
1757000,83,86.93281241796339,150.0
1758000,83,86.92211343150888,150.0
1759000,83,86.911796253778,150.0
1760000,83,86.9018625308674,150.0
1761000,83,86.89231385215611,150.0
1762000,83,86.88315175037414,150.0
1763000,83,86.87437770280302,150.0
1764000,83,86.8659931269072,150.0
1765000,83,86.85799938495018,150.0
1766000,83,86.8503977801709,150.0
1767000,83,86.84318955850439,150.0
1768000,83,86.83637590761745,150.0
1769000,83,86.82995795704252,150.0
1770000,83,86.82393677869538,150.0
1771000,83,86.81831338506677,150.0
1772000,83,86.813088730408,150.0
1773000,83,86.80826371096464,150.0
1774000,83,86.80383916315272,150.0
1775000,83,86.79981586591221,150.0
1776000,83,86.79619453828205,150.0
1777000,83,86.792975840659,150.0
1778000,83,86.7901603746492,150.0
1779000,84,84.46326303533303,150.0
1780000,84,84.45855995992004,150.0
1781000,84,84.4540080345384,150.0
1782000,84,84.44960681374462,150.0
1783000,84,84.44535588744094,150.0
1784000,84,84.4412548804561,150.0
1785000,84,84.43730345201539,150.0
1786000,84,84.43350129811272,150.0
1787000,84,84.42984815034262,150.0
1788000,84,84.4263437780116,150.0
1789000,84,84.42298798654576,150.0
1790000,85,86.78796435557719,150.0
1791000,85,86.79041843225409,150.0
1792000,85,86.79327785645167,150.0
1793000,85,86.7965423196833,150.0
1794000,85,86.80021145107266,150.0
1795000,85,86.8042848161066,150.0
1796000,85,86.80876191698437,150.0
1797000,85,86.81364219210927,150.0
1798000,85,86.81892501571987,150.0
1799000,85,86.8246096975987,150.0
1800000,85,86.83069548322013,150.0
1801000,85,86.83718155270472,150.0
1802000,86,84.44691088574511,150.0
1803000,86,84.44942787279074,150.0
1804000,86,84.45213860837084,150.0
1805000,86,84.45504304599424,150.0
1806000,86,84.45814116909638,150.0
1807000,86,84.46143299042478,150.0
1808000,86,84.46491855064615,150.0
1809000,86,84.46859792199261,150.0
1810000,86,84.47247120176148,150.0
1811000,86,84.47653851489078,150.0
1812000,86,84.48080001572563,150.0
1813000,87,86.10973026355211,150.0
1814000,87,86.10932663266145,150.0
1815000,87,86.1091889028871,150.0
1816000,87,86.10931656898256,150.0
1817000,87,86.10970914387609,150.0
1818000,87,86.1103661589871,150.0
1819000,87,86.11128716453302,150.0
1820000,88,84.1279646949095,150.0
1821000,88,84.12188429267134,150.0
1822000,88,84.11598741008974,150.0
1823000,88,84.11027317900563,150.0
1824000,88,84.10474076539906,150.0
1825000,88,84.09938937014596,150.0
1826000,88,84.09421823006788,150.0
1827000,88,84.08922661824471,150.0
1828000,88,84.08441384522526,150.0
1829000,88,84.07977926033085,150.0
1830000,88,84.07532224898227,150.0
1831000,88,84.07104223937806,150.0
1832000,88,84.06693869628599,150.0
1833000,88,84.0630111283985,150.0
1834000,88,84.05925908257161,150.0
1835000,88,84.05568215041298,150.0
1836000,88,84.05227996386061,150.0
1837000,88,84.04905219812274,150.0
1838000,88,84.04599857227043,150.0
1839000,88,84.04311884923044,150.0
1840000,88,84.04041283641399,150.0
1841000,88,84.03788038603204,150.0
1842000,88,84.03552139621674,150.0
1843000,88,84.03333581049921,150.0
1844000,88,84.03132361953234,150.0
1845000,88,84.02948485875959,150.0
1846000,88,84.02781961334776,150.0
1847000,88,84.02632801324353,150.0
1848000,88,84.02501023939955,150.0
1849000,88,84.02386651856202,150.0
1850000,88,84.02289712689883,150.0
1851000,88,84.02210238949802,150.0
1852000,88,84.02148268067519,150.0
1853000,89,86.75920149607437,150.0
1854000,89,86.75905637303983,150.0
1855000,89,86.75933855871018,150.0
1856000,89,86.7600468178025,150.0
1857000,89,86.76117983058312,150.0
1858000,89,86.76273619609233,150.0
1859000,90,84.2750112481229,150.0
1860000,90,84.27326696821667,150.0
1861000,90,84.27166331195855,150.0
1862000,90,84.2701998972375,150.0
1863000,90,84.2688763835218,150.0
1864000,90,84.26769247629788,150.0
1865000,90,84.26664792223701,150.0
1866000,90,84.26574251570246,150.0
1867000,90,84.26497609185395,150.0
1868000,90,84.26434852989932,150.0
1869000,90,84.26385975581509,150.0
1870000,90,84.26350973817493,150.0
1871000,90,84.26329848864675,150.0
1872000,90,84.26322606482758,150.0
1873000,90,84.26329256810376,150.0
1874000,90,84.26349814533083,150.0
1875000,90,84.26384298460572,150.0
1876000,90,84.26432732176244,150.0
1877000,90,84.26495143605331,150.0
1878000,90,84.26571565163935,150.0
1879000,91,86.8900243788571,150.0
1880000,91,86.90041176807777,150.0
1881000,91,86.91117425694273,150.0
1882000,91,86.92230928541785,150.0
1883000,91,86.93381427174891,150.0
1884000,91,86.94568661158183,150.0
1885000,91,86.9579236825349,150.0
1886000,91,86.97052284041946,150.0
1887000,91,86.9834814259564,150.0
1888000,91,86.99679676124052,150.0
1889000,91,87.0104661537444,150.0
1890000,91,87.02448689745374,150.0
1891000,91,87.03885627071053,150.0
1892000,91,87.05357154148103,150.0
1893000,91,87.06862996537622,150.0
1894000,91,87.08402878771525,150.0
1895000,92,83.73343569019498,150.0
1896000,92,83.7286067464826,150.0
1897000,92,83.72396525039977,150.0
1898000,92,83.7195097271556,150.0
1899000,92,83.71523875531909,150.0
1900000,92,83.711150964688,150.0
1901000,92,83.70724503969,150.0
1902000,92,83.70351971833381,150.0
1903000,92,83.69997379312031,150.0
1904000,92,83.69660611177508,150.0
1905000,92,83.69341557661188,150.0
1906000,92,83.69040114609261,150.0
1907000,92,83.68756183657231,150.0
1908000,92,83.6848967170236,150.0
1909000,92,83.68240491729289,150.0
1910000,92,83.68008562108119,150.0
1911000,92,83.67793807211783,150.0
1912000,92,83.67596156960585,150.0
1913000,92,83.67415547115681,150.0
1914000,92,83.6725191918084,150.0
1915000,92,83.67105220613311,150.0
1916000,92,83.66975404498709,150.0
1917000,92,83.66862429906013,150.0
1918000,92,83.6676626175524,150.0
1919000,92,83.66686870675102,150.0
1920000,92,83.6662423331495,150.0
1921000,92,83.66578332216447,150.0
1922000,92,83.66549155614605,150.0
1923000,92,83.66536697840309,150.0
1924000,92,83.66540959088371,150.0
1925000,92,83.66561945300201,150.0
1926000,92,83.66599668508842,150.0
1927000,92,83.66654146629082,150.0
1928000,92,83.66725403332406,150.0
1929000,92,83.66813468362427,150.0
1930000,92,83.66918377373426,150.0
1931000,92,83.67040171820562,150.0
1932000,92,83.67178899048815,150.0
1933000,92,83.6733461242738,150.0
1934000,92,83.67507371216509,150.0
1935000,92,83.67697240444166,150.0
1936000,92,83.67904290958086,150.0
1937000,92,83.6812859981522,150.0
1938000,92,83.6837024957791,150.0
1939000,92,83.68629328699672,150.0
1940000,92,83.68905931681184,150.0
1941000,92,83.69200158417847,150.0
1942000,92,83.69512114979014,150.0
1943000,92,83.6984191293896,150.0
1944000,92,83.70189669655984,150.0
1945000,92,83.70555508171556,150.0
1946000,92,83.70939557145002,150.0
1947000,93,87.24561169647404,150.0
1948000,93,87.25459783608122,150.0
1949000,93,87.26395324734648,150.0
1950000,93,87.27367510053375,150.0
1951000,93,87.28376054294037,150.0
1952000,93,87.29420670390793,150.0
1953000,93,87.30501069732584,150.0
1954000,93,87.3161696208531,150.0
1955000,93,87.32768056384779,150.0
1956000,94,84.5528959189136,150.0
1957000,94,84.55639054078274,150.0
1958000,94,84.56002565438912,150.0
1959000,95,87.37718596253563,150.0
1960000,95,87.39041303407852,150.0
1961000,95,87.40397450892135,150.0
1962000,95,87.41786744565725,150.0
1963000,95,87.43208890384201,150.0
1964000,96,87.4444965413536,150.0
1965000,96,87.43611806687498,150.0
1966000,96,87.42808011572224,150.0
1967000,96,87.42038506496286,150.0
1968000,96,87.41303528743846,150.0
1969000,96,87.4060331536168,150.0
1970000,96,87.39938102545075,150.0
1971000,96,87.393081261215,150.0
1972000,96,87.38713620635905,150.0
1973000,96,87.38154819754162,150.0
1974000,96,87.37631955631451,150.0
1975000,97,87.60781320769532,150.0
1976000,97,87.59610139556997,150.0
1977000,97,87.58470924202418,150.0
1978000,98,83.79564143957332,150.0
1979000,98,83.79340883327087,150.0
1980000,98,83.79136339830566,150.0
1981000,98,83.78950405536075,150.0
1982000,98,83.78782978411391,150.0
1983000,98,83.7863396176237,150.0
1984000,98,83.78503264436019,150.0
1985000,98,83.78390800913455,150.0
1986000,98,83.78296491142856,150.0
1987000,98,83.78220260869817,150.0
1988000,98,83.78162041172392,150.0
1989000,98,83.78121768762134,150.0
1990000,98,83.78099385820016,150.0
1991000,98,83.78094840220002,150.0
1992000,98,83.78108085360421,150.0
1993000,98,83.78139079956398,150.0
1994000,98,83.78187788306262,150.0
1995000,98,83.78254180287703,150.0
1996000,98,83.7833823108323,150.0
1997000,98,83.78439921300043,150.0
1998000,98,83.78559236997255,150.0
1999000,98,83.78696169708903,150.0
2000000,98,83.78850716111673,150.0
2001000,98,83.79022878189268,150.0
2002000,98,83.79212663363658,150.0
2003000,98,83.79420084339992,150.0
2004000,98,83.7964515865385,150.0
2005000,98,83.79887909420096,150.0
2006000,98,83.80148364630976,150.0
2007000,98,83.80426557524083,150.0
2008000,98,83.80722526253513,150.0
2009000,98,83.81036314006045,150.0
2010000,98,83.81367968911768,150.0
2011000,98,83.81717543993594,150.0
2012000,98,83.82085097029594,150.0
2013000,98,83.824706908712,150.0
2014000,98,83.8287439273535,150.0
2015000,98,83.83296274646871,150.0
2016000,98,83.83736413262643,150.0
2017000,98,83.84194889914113,150.0
2018000,98,83.84671790040817,150.0
2019000,98,83.85167203767394,150.0
2020000,98,83.85681225568607,150.0
2021000,98,83.86213953807493,150.0
2022000,98,83.86765491355537,150.0
2023000,98,83.87335945065256,150.0
2024000,98,83.87925425709666,150.0
2025000,99,87.05248804180087,150.0
2026000,99,87.0401503963097,150.0
2027000,99,87.02817384419016,150.0
2028000,99,87.01656033163133,150.0
2029000,99,87.00531176474965,150.0
2030000,99,86.99443001042073,150.0
2031000,99,86.98391689745101,150.0
2032000,99,86.97377421281254,150.0
2033000,99,86.96400370325927,150.0
2034000,99,86.95460707666903,150.0
2035000,99,86.94558599660827,150.0
2036000,99,86.93694208677921,150.0
2037000,99,86.92867692734576,150.0
2038000,99,86.92079205712105,150.0
2039000,99,86.9132889704187,150.0
2040000,99,86.90616911880326,150.0
2041000,99,86.89943390840251,150.0
2042000,99,86.89308470205764,150.0
2043000,99,86.88712281656672,150.0
2044000,99,86.88154952343174,150.0
2045000,99,86.87636604666487,150.0
2046000,99,86.87157356502644,150.0
2047000,99,86.86717320852244,150.0
2048000,99,86.86316605917045,150.0
2049000,99,86.8595531501104,150.0
2050000,99,86.85633546509447,150.0
2051000,100,84.55535480250262,150.0
2052000,100,84.55025996997375,150.0
2053000,100,84.54531884544271,150.0
2054000,100,84.54053105600572,150.0
2055000,100,84.53589626040146,150.0
2056000,101,86.84537768849216,150.0
2057000,101,86.84494977570992,150.0
2058000,101,86.84492307140111,150.0
2059000,101,86.84529807466632,150.0
2060000,101,86.84607522639287,150.0
2061000,101,86.84725490691392,150.0
2062000,101,86.84883743722045,150.0
2063000,101,86.85082307547822,150.0
2064000,101,86.85321201752379,150.0
2065000,101,86.85600439524129,150.0
2066000,101,86.85920027566675,150.0
2067000,101,86.86279965939522,150.0
2068000,102,84.2765908268733,150.0
2069000,102,84.27785729298877,150.0
2070000,102,84.27931568181614,150.0
2071000,102,84.28096575792158,150.0
2072000,102,84.28280732322784,150.0
2073000,102,84.28484021457594,150.0
2074000,102,84.28706430471905,150.0
2075000,102,84.28947950073464,150.0
2076000,102,84.29208574763365,150.0
2077000,102,84.29488302214057,150.0
2078000,102,84.2978713352555,150.0
2079000,102,84.30105073410628,150.0
2080000,102,84.30442129852503,150.0
2081000,102,84.30798313944989,150.0
2082000,102,84.31173640259517,150.0
2083000,102,84.31568126503572,150.0
2084000,102,84.31981793542306,150.0
2085000,102,84.32414665344747,150.0
2086000,102,84.32866768928102,150.0
2087000,102,84.33338134198553,150.0
2088000,102,84.33828794311685,150.0
2089000,102,84.34338784927446,150.0
2090000,103,86.1633034002719,150.0
2091000,103,86.16339876687937,150.0
2092000,103,86.16375437775376,150.0
2093000,103,86.16437010550099,150.0
2094000,104,84.2793195071371,150.0
2095000,104,84.27348701113637,150.0
2096000,104,84.26783612637105,150.0
2097000,104,84.26236624336,150.0
2098000,104,84.25707678448575,150.0
2099000,104,84.25196720204082,150.0
2100000,104,84.2470369852089,150.0
2101000,104,84.24228565363785,150.0
2102000,104,84.23771276518431,150.0
2103000,104,84.23331791041252,150.0
2104000,104,84.2291007167428,150.0
2105000,104,84.2250608473048,150.0
2106000,104,84.22119800507691,150.0
2107000,104,84.21751192815246,150.0
2108000,104,84.21400239384685,150.0
2109000,104,84.21066921916653,150.0
2110000,104,84.207512258093,150.0
2111000,104,84.2045314068938,150.0
2112000,104,84.20172660158464,150.0
2113000,104,84.19909781988011,150.0
2114000,104,84.1966450783351,150.0
2115000,104,84.19436843839954,150.0
2116000,104,84.19226800172993,150.0
2117000,105,86.74783111171989,150.0
2118000,105,86.74390466704608,150.0
2119000,105,86.74040600092093,150.0
2120000,105,86.73733490759045,150.0
2121000,105,86.73469108592678,150.0
2122000,105,86.73247414039166,150.0
2123000,105,86.73068358381602,150.0
2124000,105,86.72931883933657,150.0
2125000,105,86.72837924195873,150.0
2126000,105,86.72786404148452,150.0
2127000,105,86.72777240473062,150.0
2128000,106,84.28778579415241,150.0
2129000,106,84.28508421142294,150.0
2130000,106,84.28252580791612,150.0
2131000,106,84.28011010500971,150.0
2132000,106,84.27783666450753,150.0
2133000,106,84.27570509246155,150.0
2134000,106,84.2737150362711,150.0
2135000,106,84.27186618564849,150.0
2136000,106,84.2701582746143,150.0
2137000,106,84.2685910802712,150.0
2138000,106,84.2671644211697,150.0
2139000,106,84.2658781616978,150.0
2140000,106,84.2647322074353,150.0
2141000,106,84.26372651010475,150.0
2142000,106,84.26286106356082,150.0
2143000,106,84.26213590582755,150.0
2144000,106,84.26155112072307,150.0
2145000,106,84.26110683442325,150.0
2146000,106,84.26080321977057,150.0
2147000,106,84.2606404922647,150.0
2148000,107,86.82144940724602,150.0
2149000,107,86.83032484076129,150.0
2150000,107,86.83958669971753,150.0
2151000,107,86.84923278328584,150.0
2152000,107,86.85926085423296,150.0
2153000,107,86.86966864151854,150.0
2154000,107,86.88045384158723,150.0
2155000,107,86.89161411822963,150.0
2156000,107,86.90314710541185,150.0
2157000,107,86.91505040749914,150.0
2158000,107,86.92732160085225,150.0
2159000,107,86.93995823373946,150.0
2160000,107,86.95295782843877,150.0
2161000,107,86.96631788218595,150.0
2162000,107,86.98003586761715,150.0
2163000,107,86.99410923367724,150.0
2164000,107,87.00853540712185,150.0
2165000,107,87.02331179297894,150.0
2166000,108,83.78797427350389,150.0
2167000,108,83.78268820393235,150.0
2168000,108,83.77758904902632,150.0
2169000,108,83.77267540702623,150.0
2170000,108,83.76794592630154,150.0
2171000,108,83.76339930124423,150.0
2172000,108,83.75903427728525,150.0
2173000,108,83.75484964856086,150.0
2174000,108,83.7508442607885,150.0
2175000,108,83.74701701055929,150.0
2176000,108,83.74336684620351,150.0
2177000,108,83.73989276903825,150.0
2178000,108,83.73659383053725,150.0
2179000,108,83.73346913864532,150.0
2180000,108,83.7305178534389,150.0
2181000,108,83.72773918827536,150.0
2182000,108,83.72513241227766,150.0
2183000,108,83.7226968475048,150.0
2184000,108,83.72043187355096,150.0
2185000,108,83.71833692318312,150.0
2186000,108,83.71641148479746,150.0
2187000,108,83.71465510480859,150.0
2188000,108,83.71306738322458,150.0
2189000,108,83.71164797839172,150.0
2190000,108,83.71039660359935,150.0
2191000,108,83.70931303021237,150.0
2192000,108,83.70839708732753,150.0
2193000,108,83.70764865788131,150.0
2194000,108,83.70706768557267,150.0
2195000,108,83.70665417121502,150.0
2196000,108,83.70640817130185,150.0
2197000,108,83.7063298029003,150.0
2198000,108,83.7064192385863,150.0
2199000,108,83.70667671112386,150.0
2200000,108,83.70710250966538,150.0
2201000,108,83.70769698357627,150.0
2202000,108,83.70846053876936,150.0
2203000,108,83.7093936415725,150.0
2204000,108,83.71049681497122,150.0
2205000,108,83.71177064201844,150.0
2206000,108,83.71321576457795,150.0
2207000,108,83.7148328819124,150.0
2208000,108,83.71662275197431,150.0
2209000,108,83.71858619323328,150.0
2210000,108,83.72072408088066,150.0
2211000,108,83.72303734926543,150.0
2212000,108,83.72552699116548,150.0
2213000,108,83.72819405714483,150.0
2214000,108,83.73103965806808,150.0
2215000,108,83.73406495889007,150.0
2216000,109,87.08799420561687,150.0
2217000,109,87.09578567981276,150.0
2218000,109,87.10396090491007,150.0
2219000,109,87.11251710148439,150.0
2220000,110,84.42718046886336,150.0
2221000,110,84.42914477913615,150.0
2222000,110,84.43124710086786,150.0
2223000,110,84.43348759922141,150.0
2224000,110,84.43586648093688,150.0
2225000,110,84.43838398906257,150.0
2226000,110,84.44104040908881,150.0
2227000,110,84.44383606376097,150.0
2228000,110,84.44677131554934,150.0
2229000,110,84.44984656463465,150.0
2230000,111,87.23096077124272,150.0
2231000,111,87.24386386724905,150.0
2232000,111,87.25711007335784,150.0
2233000,111,87.2706964187593,150.0
2234000,111,87.28461993219064,150.0
2235000,111,87.29887764661756,150.0
2236000,111,87.31346659563663,150.0
2237000,111,87.32838381683442,150.0
2238000,111,87.34362635409437,150.0
2239000,111,87.35919125688952,150.0
2240000,111,87.37507558143044,150.0
2241000,111,87.39127639093144,150.0
2242000,111,87.4077907601483,150.0
2243000,111,87.42461577030289,150.0
2244000,111,87.44174851436381,150.0
2245000,111,87.45918609567349,150.0
2246000,111,87.47692562823241,150.0
2247000,112,83.73865256211533,150.0
2248000,112,83.7357139350767,150.0
2249000,112,83.73296241104364,150.0
2250000,112,83.73039673098653,150.0
2251000,112,83.72801569244876,150.0
2252000,112,83.72581815182248,150.0
2253000,112,83.72380302321048,150.0
2254000,112,83.72196927650036,150.0
2255000,112,83.72031594217104,150.0
2256000,112,83.71884210639467,150.0
2257000,112,83.71754691513638,150.0
2258000,112,83.71642957177149,150.0
2259000,112,83.71548933829081,150.0
2260000,112,83.71472553484529,150.0
2261000,112,83.71413753798414,150.0
2262000,112,83.71372478420732,150.0
2263000,112,83.71348676664522,150.0
2264000,112,83.71342303848593,150.0
2265000,112,83.7135332067577,150.0
2266000,112,83.71381693843348,150.0
2267000,112,83.71427395772379,150.0
2268000,112,83.71490404525902,150.0
2269000,112,83.71570703878209,150.0
2270000,112,83.71668283243915,150.0
2271000,112,83.71783137807883,150.0
2272000,112,83.7191526807451,150.0
2273000,112,83.7206468058591,150.0
2274000,112,83.72231387000464,150.0
2275000,112,83.72415404786945,150.0
2276000,112,83.72616756841533,150.0
2277000,112,83.72835471531131,150.0
2278000,112,83.73071582658939,150.0
2279000,112,83.73325129428471,150.0
2280000,112,83.73596156449128,150.0
2281000,112,83.73884713522654,150.0
2282000,112,83.74190855826545,150.0
2283000,112,83.74514643881706,150.0
2284000,112,83.74856143129787,150.0
2285000,112,83.7521542447033,150.0
2286000,112,83.7559256357922,150.0
2287000,112,83.75987641487905,150.0
2288000,112,83.76400743892357,150.0
2289000,112,83.76831961688097,150.0
2290000,112,83.77281390438493,150.0
2291000,112,83.77749130652319,150.0
2292000,112,83.78235287532806,150.0
2293000,112,83.78739970732003,150.0
2294000,112,83.79263294638542,150.0
2295000,112,83.79805378299254,150.0
2296000,112,83.80366344927963,150.0
2297000,113,87.14687263754158,150.0
2298000,113,87.13442998544777,150.0
2299000,113,87.12233508024002,150.0
2300000,113,87.11058995829201,150.0
2301000,113,87.09919663086616,150.0
2302000,113,87.08815708574335,150.0
2303000,113,87.07747328353257,150.0
2304000,113,87.06714716035101,150.0
2305000,113,87.05718062733554,150.0
2306000,113,87.0475755665599,150.0
2307000,113,87.03833383430636,150.0
2308000,113,87.02945725920894,150.0
2309000,113,87.0209476405199,150.0
2310000,113,87.01280674819074,150.0
2311000,113,87.00503632317401,150.0
2312000,113,86.99763807563976,150.0
2313000,113,86.99061368353472,150.0
2314000,113,86.98396479307505,150.0
2315000,113,86.97769301734046,150.0
2316000,113,86.97179993550472,150.0
2317000,113,86.96628709120769,150.0
2318000,113,86.96115599309533,150.0
2319000,113,86.95640811124434,150.0
2320000,113,86.95204487816424,150.0
2321000,113,86.94806768647214,150.0
2322000,113,86.94447788891523,150.0
2323000,113,86.94127679451933,150.0
2324000,113,86.9384656706698,150.0
2325000,113,86.93604573860982,150.0
2326000,113,86.93401817371496,150.0
2327000,113,86.93238410372426,150.0
2328000,113,86.93114460584756,150.0
2329000,113,86.9303007077592,150.0
2330000,113,86.92985338325828,150.0
2331000,113,86.92980355210543,150.0
2332000,113,86.93015207785666,150.0
2333000,113,86.93089976650492,150.0
2334000,113,86.93204736331063,150.0
2335000,114,84.12727561540103,150.0
2336000,114,84.12750111459401,150.0
2337000,114,84.12791700186176,150.0
2338000,114,84.12852283847377,150.0
2339000,114,84.12931822737315,150.0
2340000,114,84.1303028108273,150.0
2341000,114,84.13147627454116,150.0
2342000,114,84.13283834749625,150.0
2343000,114,84.13438879704074,150.0
2344000,114,84.13612743144951,150.0
2345000,114,84.13805410249942,150.0
2346000,114,84.14016869887963,150.0
2347000,114,84.14247115215568,150.0
2348000,114,84.14496143108603,150.0
2349000,114,84.14763954566676,150.0
2350000,114,84.15050554421052,150.0
2351000,114,84.1535595135604,150.0
2352000,114,84.15680157864355,150.0
2353000,114,84.16023190200896,150.0
2354000,114,84.16385068333298,150.0
2355000,114,84.1676581581978,150.0
2356000,114,84.17165460037084,150.0
2357000,114,84.17584031727445,150.0
2358000,114,84.18021565021846,150.0
2359000,114,84.18478097776241,150.0
2360000,114,84.1895367113967,150.0
2361000,114,84.19448329292979,150.0
2362000,114,84.19962119962638,150.0
2363000,114,84.2049509387211,150.0
2364000,114,84.21047304895673,150.0
2365000,115,86.23144575008804,150.0
2366000,115,86.23148571219303,150.0
2367000,116,84.46219661309522,150.0
2368000,116,84.45650586927387,150.0
2369000,116,84.45099634665536,150.0
2370000,116,84.44566764602722,150.0
2371000,116,84.44051940004115,150.0
2372000,116,84.43555126821819,150.0
2373000,116,84.43076294130421,150.0
2374000,116,84.4261541409671,150.0
2375000,116,84.4217246204389,150.0
2376000,116,84.41747416495863,150.0
2377000,116,84.41340259351833,150.0
2378000,116,84.40950975550577,150.0
2379000,117,86.8103532235792,150.0
2380000,117,86.80190124066124,150.0
2381000,117,86.79386334546705,150.0
2382000,117,86.78624052868497,150.0
2383000,117,86.77903368633453,150.0
2384000,117,86.77224362361144,150.0
2385000,117,86.76587105274723,150.0
2386000,117,86.7599165961033,150.0
2387000,117,86.75438078410872,150.0
2388000,117,86.74926405888989,150.0
2389000,117,86.74456677297408,150.0
2390000,117,86.74028919250631,150.0
2391000,117,86.73643149576203,150.0
2392000,117,86.73299377680709,150.0
2393000,117,86.72997604503705,150.0
2394000,117,86.72737822727981,150.0
2395000,117,86.72520016892848,150.0
2396000,117,86.723441635409,150.0
2397000,117,86.7221023132135,150.0
2398000,118,84.32376264957828,150.0
2399000,118,84.32025583272855,150.0
2400000,118,84.31689484874316,150.0
2401000,118,84.3136791790145,150.0
2402000,118,84.31060834527814,150.0
2403000,118,84.30768190827197,150.0
2404000,118,84.3048994700426,150.0
2405000,118,84.30226067428002,150.0
2406000,118,84.29976520449206,150.0
2407000,118,84.29741278594427,150.0
2408000,118,84.29520318574436,150.0
2409000,118,84.29313621218391,150.0
2410000,118,84.29121171595801,150.0
2411000,118,84.2894295914893,150.0
2412000,118,84.28778977391167,150.0
2413000,118,84.28629224256787,150.0
2414000,118,84.28493701939747,150.0
2415000,118,84.283724169363,150.0
2416000,119,86.7753622994639,150.0
2417000,119,86.78223312546129,150.0
2418000,119,86.78950095857994,150.0
2419000,119,86.79716411027412,150.0
2420000,119,86.80522084372028,150.0
2421000,119,86.81366937475364,150.0
2422000,119,86.82250787226934,150.0
2423000,119,86.83173446078708,150.0
2424000,119,86.84134721884686,150.0
2425000,119,86.85134418302972,150.0
2426000,119,86.86172334624293,150.0
2427000,119,86.87248265909199,150.0
2428000,119,86.88362003227112,150.0
2429000,119,86.89513333590786,150.0
2430000,119,86.9070204007363,150.0
2431000,119,86.91927901911068,150.0
2432000,119,86.93190694649722,150.0
2433000,119,86.94490190046213,150.0
2434000,120,86.04996282915066,150.0
2435000,120,86.0526229670337,150.0
2436000,120,86.05555331082519,150.0
2437000,120,86.05875281780982,150.0
2438000,121,83.86612615920464,150.0
2439000,121,83.86057481963016,150.0
2440000,121,83.85520878326822,150.0
2441000,121,83.85002680258955,150.0
2442000,121,83.84502767513077,150.0
2443000,121,83.84021024162244,150.0
2444000,121,83.83557339105235,150.0
2445000,121,83.83111605524745,150.0
2446000,121,83.82683721338721,150.0
2447000,121,83.82273589238982,150.0
2448000,121,83.81881116755734,150.0
2449000,121,83.81506216057355,150.0
2450000,121,83.81148804334956,150.0
2451000,121,83.80808803818995,150.0
2452000,121,83.80486141709147,150.0
2453000,121,83.80180750052715,150.0
2454000,121,83.79892566269429,150.0
2455000,121,83.79621532672815,150.0
2456000,121,83.79367597064333,150.0
2457000,121,83.79130712144405,150.0
2458000,121,83.78910836041945,150.0
2459000,121,83.78707932150306,150.0
2460000,121,83.78521969118493,150.0
2461000,121,83.78352921182722,150.0
2462000,121,83.7820076778998,150.0
2463000,121,83.7806549376974,150.0
2464000,121,83.77947089490587,150.0
2465000,121,83.77845550871348,150.0
2466000,121,83.77760879271351,150.0
2467000,121,83.77693081475907,150.0
2468000,121,83.77642170123707,150.0
2469000,121,83.77608163036446,150.0
2470000,121,83.77591084042044,150.0
2471000,121,83.77590962343632,150.0
2472000,121,83.77607832824108,150.0
2473000,121,83.77641736150078,150.0
2474000,121,83.77692718553247,150.0
2475000,121,83.77760831961743,150.0
2476000,121,83.7784613413751,150.0
2477000,121,83.77948688472135,150.0
2478000,121,83.78068564050325,150.0
2479000,121,83.78205835807245,150.0
2480000,121,83.7836058434706,150.0
2481000,121,83.78532895987036,150.0
2482000,121,83.78722863043046,150.0
2483000,121,83.78930583252287,150.0
2484000,122,86.94987498033636,150.0
2485000,122,86.9559412583503,150.0
2486000,123,84.34293298446603,150.0
2487000,123,84.34360097631628,150.0
2488000,123,84.34440647096173,150.0
2489000,123,84.34534943565912,150.0
2490000,123,84.34642987731901,150.0
2491000,123,84.34764784538929,150.0
2492000,123,84.34900343471942,150.0
2493000,123,84.35049677863888,150.0
2494000,123,84.3521280555094,150.0
2495000,123,84.35389748287679,150.0
2496000,123,84.35580532197042,150.0
2497000,123,84.35785187554438,150.0
2498000,123,84.36003748598343,150.0
2499000,123,84.36236253790439,150.0
2500000,123,84.36482745753081,150.0
2501000,124,87.1054690970162,150.0
2502000,124,87.11795114698845,150.0
2503000,124,87.13078489584512,150.0
2504000,124,87.14396741032587,150.0
2505000,124,87.15749575150562,150.0
2506000,124,87.17136698065167,150.0
2507000,124,87.18557815737508,150.0
2508000,124,87.20012633942756,150.0
2509000,124,87.21500858875505,150.0
2510000,124,87.23022196691248,150.0
2511000,124,87.24576353966519,150.0
2512000,124,87.26163037783849,150.0
2513000,124,87.2778195544765,150.0
2514000,124,87.29432815148974,150.0
2515000,124,87.31115325438543,150.0
2516000,125,83.70957187544803,150.0
2517000,125,83.70588957983172,150.0
2518000,125,83.70239520356992,150.0
2519000,125,83.69908732704916,150.0
2520000,125,83.69596458540937,150.0
2521000,125,83.69302567335576,150.0
2522000,125,83.69026934351453,150.0
2523000,125,83.68769440441743,150.0
2524000,125,83.68529972678499,150.0
2525000,125,83.68308423827055,150.0
2526000,125,83.6810469242179,150.0
2527000,125,83.67918683089236,150.0
2528000,125,83.6775030624938,150.0
2529000,125,83.67599478437758,150.0
2530000,125,83.67466121932672,150.0
2531000,125,83.67350165003056,150.0
2532000,125,83.67251541871964,150.0
2533000,125,83.6717019261248,150.0
2534000,125,83.67106063420482,150.0
2535000,125,83.67059106237559,150.0
2536000,125,83.67029278991508,150.0
2537000,125,83.67016545420941,150.0
2538000,125,83.67020875394527,150.0
2539000,125,83.67042244458536,150.0
2540000,125,83.67080634100436,150.0
2541000,125,83.67136031599706,150.0
2542000,125,83.67208430285795,150.0
2543000,125,83.67297829042873,150.0
2544000,125,83.67404232840434,150.0
2545000,125,83.67527652214638,150.0
2546000,125,83.67668103524734,150.0
2547000,125,83.67825609016425,150.0
2548000,125,83.68000196507246,150.0
2549000,125,83.68191899518662,150.0
2550000,125,83.68400757396942,150.0
2551000,125,83.68626814987219,150.0
2552000,125,83.68870122804195,150.0
2553000,125,83.69130736926067,150.0
2554000,125,83.69408719060976,150.0
2555000,125,83.69704136365239,150.0
2556000,125,83.70017061476253,150.0
2557000,125,83.70347572485045,150.0
2558000,125,83.70695753069366,150.0
2559000,125,83.71061691910603,150.0
2560000,125,83.7144548326792,150.0
2561000,125,83.71847226663999,150.0
2562000,125,83.72267026608219,150.0
2563000,125,83.72704993025462,150.0
2564000,125,83.7316124073477,150.0
2565000,125,83.73635889746966,150.0
2566000,125,83.74129064909327,150.0
2567000,125,83.7464089588257,150.0
2568000,125,83.75171517515417,150.0
2569000,126,87.26223363270297,150.0
2570000,126,87.24972276615405,150.0
2571000,126,87.23754688156747,150.0
2572000,126,87.2257081108893,150.0
2573000,126,87.21420857197553,150.0
2574000,126,87.20305037365331,150.0
2575000,126,87.19223561044434,150.0
2576000,126,87.18176636456471,150.0
2577000,126,87.17164470472034,150.0
2578000,126,87.16187268637921,150.0
2579000,126,87.15245234753537,150.0
2580000,126,87.14338571422195,150.0
2581000,126,87.13467479353429,150.0
2582000,126,87.12632157688904,150.0
2583000,126,87.11832803599121,150.0
2584000,126,87.11069612604669,150.0
2585000,126,87.10342777951597,150.0
2586000,126,87.09652490995227,150.0
2587000,126,87.08998940842447,150.0
2588000,126,87.08382314004216,150.0
2589000,126,87.0780279475401,150.0
2590000,126,87.07260564730383,150.0
2591000,126,87.06755802653178,150.0
2592000,126,87.06288684381917,150.0
2593000,126,87.05859382678602,150.0
2594000,126,87.05468067082423,150.0
2595000,126,87.0511490355541,150.0
2596000,126,87.04800054578239,150.0
2597000,126,87.04523678674413,150.0
2598000,126,87.04285930377462,150.0
2599000,126,87.04086959974047,150.0
2600000,126,87.0392691333897,150.0
2601000,126,87.03805931510958,150.0
2602000,126,87.03724150793542,150.0
2603000,127,83.99811844523418,150.0
2604000,127,83.99750122311995,150.0
2605000,127,83.99707293635113,150.0
2606000,127,83.99683294365279,150.0
2607000,127,83.99678065342749,150.0
2608000,127,83.99691552019759,150.0
2609000,127,83.99723704540112,150.0
2610000,127,83.99774477728386,150.0
2611000,127,83.99843830986643,150.0
2612000,127,83.99931728675222,150.0
2613000,127,84.00038139399895,150.0
2614000,127,84.00163036530671,150.0
2615000,127,84.00306398050029,150.0
2616000,127,84.00468206651202,150.0
2617000,127,84.00648449170845,150.0
2618000,127,84.00847117253805,150.0
2619000,127,84.01064206917782,150.0
2620000,127,84.0129971860795,150.0
2621000,127,84.01553657191462,150.0
2622000,127,84.01826031689544,150.0
2623000,127,84.02116855839375,150.0
2624000,127,84.02426147227997,150.0
2625000,127,84.02753927781822,150.0
2626000,127,84.0310022377088,150.0
2627000,127,84.03465065232609,150.0
2628000,127,84.03848486537187,150.0
2629000,127,84.04250525956859,150.0
2630000,127,84.04671225793476,150.0
2631000,127,84.05110631939553,150.0
2632000,127,84.05568794403713,150.0
2633000,127,84.0604576676101,150.0
2634000,127,84.06541606361687,150.0
2635000,127,84.07056373979167,150.0
2636000,127,84.07590134218782,150.0
2637000,127,84.08142954843285,150.0
2638000,127,84.08714906975156,150.0
2639000,127,84.09306065319743,150.0
2640000,128,86.95603871098126,150.0
2641000,128,86.94299855465454,150.0
2642000,128,86.93034311450113,150.0
2643000,128,86.91807437968183,150.0
2644000,128,86.90619426762613,150.0
2645000,128,86.89470462226137,150.0
2646000,128,86.88360721513934,150.0
2647000,128,86.87290374264111,150.0
2648000,128,86.8625958280927,150.0
2649000,128,86.85268501852178,150.0
2650000,128,86.84317278685138,150.0
2651000,128,86.8340605287002,150.0
2652000,128,86.82534956573149,150.0
2653000,128,86.81704114211026,150.0
2654000,128,86.80913642686926,150.0
2655000,128,86.80163651309039,150.0
2656000,128,86.79454241768838,150.0
2657000,128,86.78785508211028,150.0
2658000,128,86.78157537262898,150.0
2659000,128,86.77570408035089,150.0
2660000,128,86.77024192230651,150.0
2661000,128,86.76518954052376,150.0
2662000,128,86.7605475038179,150.0
2663000,128,86.75631630801593,150.0
2664000,128,86.75249637551062,150.0
2665000,128,86.74908805779705,150.0
2666000,128,86.74609163437867,150.0
2667000,128,86.74350731351154,150.0
2668000,128,86.74133523412021,150.0
2669000,129,84.37917921993002,150.0
2670000,129,84.37503908275833,150.0
2671000,129,84.37104728508562,150.0
2672000,129,84.36720332338324,150.0
2673000,129,84.36350673188002,150.0
2674000,129,84.35995708364135,150.0
2675000,129,84.35655398841105,150.0
2676000,129,84.3532970959122,150.0
2677000,129,84.35018609324406,150.0
2678000,129,84.34722070787059,150.0
2679000,129,84.3444007064775,150.0
2680000,129,84.34172589643667,150.0
2681000,129,84.3391961232291,150.0
2682000,129,84.33681127519122,150.0
2683000,129,84.3345712816577,150.0
2684000,130,86.76249859071056,150.0
2685000,130,86.76729112402903,150.0
2686000,130,86.77248715787826,150.0
2687000,130,86.77808562047137,150.0
2688000,130,86.78408538286794,150.0
2689000,130,86.79048525813505,150.0
2690000,130,86.79728400202468,150.0
2691000,130,86.80448031439111,150.0
2692000,130,86.81207283784792,150.0
2693000,130,86.82006015976911,150.0
2694000,130,86.82844081281577,150.0
2695000,130,86.83721327401503,150.0
2696000,130,86.84637596602516,150.0
2697000,130,86.8559272582902,150.0
2698000,130,86.86586546662834,150.0
2699000,131,86.06584933811311,150.0
2700000,131,86.06584743941343,150.0
2701000,131,86.06611921582207,150.0
2702000,132,86.06618895472184,150.0
2703000,132,86.06652099158367,150.0
2704000,132,86.06712404701878,150.0
2705000,132,86.0679972740726,150.0
2706000,132,86.06913984646033,150.0
2707000,132,86.07055095765999,150.0
2708000,132,86.07222982203567,150.0
2709000,133,83.97840832331798,150.0
2710000,133,83.97243260544384,150.0
2711000,133,83.96664208747983,150.0
2712000,133,83.96103566059686,150.0
2713000,133,83.95561225569752,150.0
2714000,133,83.9503708423827,150.0
2715000,133,83.94531043072062,150.0
2716000,133,83.9404300714871,150.0
2717000,133,83.93572885705349,150.0
2718000,133,83.93120592210752,150.0
2719000,133,83.92686044416592,150.0
2720000,133,83.92269164495856,150.0
2721000,133,83.91869879061396,150.0
2722000,133,83.91488119029783,150.0
2723000,133,83.91123820115797,150.0
2724000,133,83.90776922579767,150.0
2725000,133,83.90447371163393,150.0
2726000,133,83.90135115602902,150.0
2727000,133,83.89840110224948,150.0
2728000,133,83.8956231418437,150.0
2729000,133,83.89301691414752,150.0
2730000,133,83.89058211065597,150.0
2731000,133,83.88831846900233,150.0
2732000,133,83.88622577825636,150.0
2733000,133,83.88430387755996,150.0
2734000,133,83.88255265754059,150.0
2735000,133,83.88097205756026,150.0
2736000,133,83.87956207076978,150.0
2737000,133,83.87832274209899,150.0
2738000,133,83.87725416599392,150.0
2739000,133,83.87635649329842,150.0
2740000,133,83.875629923675,150.0
2741000,133,83.87507471287836,150.0
2742000,133,83.87469116829386,150.0
2743000,133,83.87447965136838,150.0
2744000,133,83.87444057770948,150.0
2745000,133,83.87457441604693,150.0
2746000,133,83.87488169034691,150.0
2747000,133,83.87536297875101,150.0
2748000,133,83.87601891446859,150.0
2749000,133,83.87685018433015,150.0
2750000,133,83.87785753207561,150.0
2751000,134,86.8392860453265,150.0
2752000,134,86.84306542887815,150.0
2753000,135,84.29351647052476,150.0
2754000,135,84.29298698679543,150.0
2755000,135,84.29259591809235,150.0
2756000,135,84.29234304344517,150.0
2757000,135,84.29222818768045,150.0
2758000,135,84.29225121902294,150.0
2759000,135,84.292412049604,150.0
2760000,135,84.29271063582709,150.0
2761000,135,84.29314697654762,150.0
2762000,135,84.29372111563858,150.0
2763000,135,84.29443314059003,150.0
2764000,135,84.29528318117873,150.0
2765000,135,84.29627141176036,150.0
2766000,135,84.2973980503119,150.0
2767000,135,84.29866335735964,150.0
2768000,135,84.30006763800283,150.0
2769000,135,84.30161123848588,150.0
2770000,135,84.30329455077221,150.0
2771000,136,86.99080919524472,150.0
2772000,136,87.00240368075309,150.0
2773000,136,87.01436107696519,150.0
2774000,136,87.02667857174838,150.0
2775000,136,87.03935333983347,150.0
2776000,136,87.0523825480466,150.0
2777000,136,87.06576335370072,150.0
2778000,136,87.07949290665607,150.0
2779000,136,87.09356834957133,150.0
2780000,136,87.10798682266314,150.0
2781000,136,87.1227454583251,150.0
2782000,136,87.13784138855387,150.0
2783000,136,87.15327174166185,150.0
2784000,136,87.16903364611422,150.0
2785000,136,87.1851242277557,150.0
2786000,137,83.70588848879014,150.0
2787000,137,83.70161165366517,150.0
2788000,137,83.69752283933524,150.0
2789000,137,83.69362055360713,150.0
2790000,137,83.68990336149344,150.0
2791000,137,83.68636988351236,150.0
2792000,137,83.68301879749967,150.0
2793000,137,83.67984883585804,150.0
2794000,137,83.6768587919953,150.0
2795000,137,83.67404751500167,150.0
2796000,137,83.67141391285831,150.0
2797000,137,83.66895694976857,150.0
2798000,137,83.66667565204723,150.0
2799000,137,83.66456910230394,150.0
2800000,137,83.66263644272932,150.0
2801000,137,83.6608768739595,150.0
2802000,137,83.65928965714374,150.0
2803000,137,83.65787411252225,150.0
2804000,137,83.65662961867416,150.0
2805000,137,83.65555561402543,150.0
2806000,137,83.6546515960079,150.0
2807000,137,83.6539171226409,150.0
2808000,137,83.65335181145004,150.0
2809000,137,83.652955337625,150.0
2810000,137,83.65272743821679,150.0
2811000,137,83.65266790730831,150.0
2812000,137,83.65277660012339,150.0
2813000,137,83.65305343125947,150.0
2814000,137,83.65349837272643,150.0
2815000,137,83.6541114581686,150.0
2816000,137,83.65489277785692,150.0
2817000,137,83.65584248354175,150.0
2818000,137,83.6569607833632,150.0
2819000,137,83.65824794665788,150.0
2820000,137,83.65970429911383,150.0
2821000,137,83.6613302271156,150.0
2822000,137,83.66312617319448,150.0
2823000,137,83.66509264020728,150.0
2824000,137,83.66723018671239,150.0
2825000,137,83.66953943152734,150.0
2826000,137,83.6720210490677,150.0
2827000,137,83.67467577103825,150.0
2828000,137,83.67750438816154,150.0
2829000,137,83.68050774527214,150.0
2830000,137,83.68368674679084,150.0
2831000,137,83.6870423490976,150.0
2832000,137,83.69057556827812,150.0
2833000,137,83.69428747362325,150.0
2834000,137,83.69817919050399,150.0
2835000,137,83.70225189669624,150.0
2836000,137,83.70650682594741,150.0
2837000,137,83.71094526516467,150.0
2838000,137,83.7155685527024,150.0
2839000,137,83.72037808086722,150.0
2840000,138,87.36023497728613,150.0
2841000,138,87.36341314633486,150.0
2842000,138,87.36696357973005,150.0
2843000,138,87.37088703479044,150.0
2844000,139,87.36194333864563,150.0
2845000,139,87.35039272722636,150.0
2846000,139,87.3391718562522,150.0
2847000,139,87.32828294433789,150.0
2848000,139,87.3177282101689,150.0
2849000,139,87.30750986665353,150.0
2850000,139,87.29763012624397,150.0
2851000,139,87.28809119571007,150.0
2852000,139,87.27889527646889,150.0
2853000,139,87.27004456549126,150.0
2854000,139,87.26154125191418,150.0
2855000,139,87.25338751795454,150.0
2856000,139,87.24558553506401,150.0
2857000,139,87.2381374671162,150.0
2858000,139,87.23104546378744,150.0
2859000,139,87.22431166412193,150.0
2860000,139,87.21793819012598,150.0
2861000,139,87.21192714970637,150.0
2862000,139,87.20628063294188,150.0
2863000,139,87.20100070945081,150.0
2864000,139,87.19608942737118,150.0
2865000,139,87.19154881155558,150.0
2866000,139,87.1873808616984,150.0
2867000,139,87.18358754806992,150.0
2868000,139,87.18017081296419,150.0
2869000,139,87.17713256411946,150.0
2870000,139,87.1744746748579,150.0
2871000,140,83.89054292518911,150.0
2872000,140,83.88907955222267,150.0
2873000,140,83.88780432141897,150.0
2874000,140,83.88671636644987,150.0
2875000,140,83.88581487351628,150.0
2876000,140,83.88509908098604,150.0
2877000,140,83.88456827876432,150.0
2878000,140,83.88422180690829,150.0
2879000,140,83.88405905879918,150.0
2880000,140,83.8840794774002,150.0
2881000,140,83.88428255876883,150.0
2882000,140,83.88466784791831,150.0
2883000,140,83.88523494300418,150.0
2884000,140,83.88598349299738,150.0
2885000,140,83.88691319489386,150.0
2886000,140,83.88802379861343,150.0
2887000,140,83.88931510332313,150.0
2888000,140,83.89078695801146,150.0
2889000,140,83.8924392615815,150.0
2890000,140,83.89427196094155,150.0
2891000,140,83.89628505256054,150.0
2892000,140,83.89847858283991,150.0
2893000,140,83.90085264405658,150.0
2894000,140,83.90340737580841,150.0
2895000,140,83.90614296907346,150.0
2896000,140,83.9090596559191,150.0
2897000,140,83.91215771887697,150.0
2898000,140,83.91543748508508,150.0
2899000,140,83.91889932735386,150.0
2900000,140,83.92254366228337,150.0
2901000,140,83.92637095205077,150.0
2902000,140,83.93038170148459,150.0
2903000,140,83.93457645878695,150.0
2904000,140,83.93895581456127,150.0
2905000,140,83.94352040023863,150.0
2906000,140,83.94827089101112,150.0
2907000,140,83.95320799995835,150.0
2908000,140,83.9583324788791,150.0
2909000,140,83.96364512221294,150.0
2910000,140,83.96914675790387,150.0
2911000,140,83.97483825379554,150.0
2912000,140,83.98072051499668,150.0
2913000,141,86.9915069680636,150.0
2914000,141,86.9787267037937,150.0
2915000,141,86.96631981556429,150.0
2916000,141,86.95428824902505,150.0
2917000,141,86.94263389555724,150.0
2918000,141,86.93135858805992,150.0
2919000,141,86.92046410484716,150.0
2920000,141,86.90995216534752,150.0
2921000,141,86.89982443215487,150.0
2922000,141,86.89008250836152,150.0
2923000,141,86.88072793987818,150.0
2924000,141,86.87176221294723,150.0
2925000,141,86.86318675463183,150.0
2926000,141,86.85500293318387,150.0
2927000,141,86.8472120560736,150.0
2928000,141,86.83981537235981,150.0
2929000,141,86.83281407040403,150.0
2930000,141,86.82620927894261,150.0
2931000,141,86.82000206584512,150.0
2932000,141,86.81419344017924,150.0
2933000,141,86.80878434950617,150.0
2934000,141,86.80377568178638,150.0
2935000,141,86.79916826502273,150.0
2936000,141,86.79496286609839,150.0
2937000,141,86.79116019201666,150.0
2938000,141,86.78776088944606,150.0
2939000,141,86.78476554470531,150.0
2940000,142,84.45539154100975,150.0
2941000,142,84.45065547755807,150.0
2942000,142,84.44607052529473,150.0
2943000,142,84.44163621288608,150.0
2944000,142,84.43735209983323,150.0
2945000,142,84.4332177823313,150.0
2946000,142,84.4292328916775,150.0
2947000,142,84.42539709502377,150.0
2948000,142,84.42171009581972,150.0
2949000,142,84.41817163389956,150.0
2950000,142,84.41478148730064,150.0
2951000,142,84.41153947140496,150.0
2952000,143,86.78274281492752,150.0
2953000,143,86.78543049608794,150.0
2954000,143,86.78852363663029,150.0
2955000,143,86.7920218445645,150.0
2956000,143,86.79592466484108,150.0
2957000,143,86.8002315800841,150.0
2958000,143,86.80494200932895,150.0
2959000,143,86.81005530840146,150.0
2960000,143,86.81557076955548,150.0
2961000,143,86.82148762167304,150.0
2962000,143,86.82780502932223,150.0
2963000,143,86.83452209311606,150.0
2964000,144,84.46944568276297,150.0
2965000,144,84.47205759790039,150.0
2966000,144,84.47486354291244,150.0
2967000,144,84.47786348112166,150.0
2968000,144,84.48105740403098,150.0
2969000,144,84.48444533475407,150.0
2970000,144,84.48802732155826,150.0
2971000,144,84.49180344048554,150.0
2972000,144,84.4957737981838,150.0
2973000,144,84.49993852349958,150.0
2974000,145,86.10391052818431,150.0
2975000,145,86.10345642006605,150.0
2976000,145,86.10326910473178,150.0
2977000,145,86.10334802908598,150.0
2978000,145,86.10369265766528,150.0
2979000,145,86.10430247381615,150.0
2980000,145,86.10517697913379,150.0
2981000,145,86.1063156946925,150.0
2982000,146,84.10613837723258,150.0
2983000,146,84.10015615202488,150.0
2984000,146,84.09435716180951,150.0
2985000,146,84.08874052766387,150.0
2986000,146,84.0833054056067,150.0
2987000,146,84.0780509876909,150.0
2988000,146,84.0729765022946,150.0
2989000,146,84.06808121538519,150.0
2990000,146,84.06336443096033,150.0
2991000,146,84.0588254926785,150.0
2992000,146,84.0544637811311,150.0
2993000,146,84.05027872047349,150.0
2994000,146,84.04626977225004,150.0
2995000,146,84.04243644268229,150.0
2996000,146,84.038778276994,150.0
2997000,146,84.03529486585633,150.0
2998000,146,84.03198584094636,150.0
2999000,146,84.02885087834201,150.0
3000000,146,84.02588969833015,150.0
3001000,146,84.02310206591125,150.0
3002000,146,84.02048779128899,150.0
3003000,146,84.01804673016912,150.0
3004000,146,84.01577878491275,150.0
3005000,146,84.01368390375258,150.0
3006000,146,84.01176208347083,150.0
3007000,146,84.01001336504763,150.0
3008000,146,84.00843784112327,150.0
3009000,146,84.00703564906483,150.0
3010000,146,84.0058069780571,150.0
3011000,146,84.00475206374097,150.0
3012000,146,84.00387119180982,150.0
3013000,146,84.0031646975089,150.0
3014000,146,84.00263296593512,150.0
3015000,146,84.00227643207954,150.0
3016000,147,86.76499283503392,150.0
3017000,147,86.76550076158347,150.0
3018000,147,86.76643450738214,150.0
3019000,147,86.76779268066811,150.0
3020000,147,86.7695738092059,150.0
3021000,148,84.27531940750315,150.0
3022000,148,84.27370361282078,150.0
3023000,148,84.27222815412739,150.0
3024000,148,84.27089266194713,150.0
3025000,148,84.2696968128561,150.0
3026000,148,84.26864032468703,150.0
3027000,148,84.26772296297659,150.0
3028000,148,84.26694453408699,150.0
3029000,148,84.26630488843094,150.0
3030000,148,84.26580392316313,150.0
3031000,148,84.26544157802796,150.0
3032000,148,84.26521783580438,150.0
3033000,148,84.26513272515291,150.0
3034000,148,84.2651863184467,150.0
3035000,148,84.26537873343713,150.0
3036000,148,84.26571012902502,150.0
3037000,148,84.26618071171967,150.0
3038000,148,84.26679073131137,150.0
3039000,148,84.26754048238222,150.0
3040000,148,84.2684303042491,150.0
3041000,149,86.90137510694476,150.0
3042000,149,86.91196274480346,150.0
3043000,149,86.92292378032884,150.0
3044000,149,86.93425561568112,150.0
3045000,149,86.94595563145667,150.0
3046000,149,86.95802118930149,150.0
3047000,149,86.97044963063156,150.0
3048000,149,86.98323828134478,150.0
3049000,149,86.9963844505017,150.0
3050000,149,87.00988543218996,150.0
3051000,149,87.02373850660744,150.0
3052000,149,87.03794094025913,150.0
3053000,149,87.05248999028909,150.0
3054000,149,87.06738289956577,150.0
3055000,149,87.08261690348094,150.0
3056000,149,87.09818922693302,150.0
3057000,150,83.72711546012094,150.0
3058000,150,83.72240018451265,150.0
3059000,150,83.71787200714786,150.0
3060000,150,83.71352946266117,150.0
3061000,150,83.70937113761755,150.0
3062000,150,83.70539567327134,150.0
3063000,150,83.70160176450632,150.0
3064000,150,83.69798816146904,150.0
3065000,150,83.69455366725408,150.0
3066000,150,83.69129714209974,150.0
3067000,150,83.68821750346248,150.0
3068000,150,83.68531372119783,150.0
3069000,150,83.6825848251843,150.0
3070000,150,83.68002990220833,150.0
3071000,150,83.67764809346897,150.0
3072000,150,83.67543859900324,150.0
3073000,150,83.67340067758114,150.0
3074000,150,83.67153364525291,150.0
3075000,150,83.66983687534837,150.0
3076000,150,83.66830979938669,150.0
3077000,150,83.66695190873783,150.0
3078000,150,83.66576275126529,150.0
3079000,150,83.66474193494146,150.0
3080000,150,83.66388912646848,150.0
3081000,150,83.66320404980384,150.0
3082000,150,83.6626864899643,150.0
3083000,150,83.6623362884893,150.0
3084000,150,83.66215334793657,150.0
3085000,150,83.66213762898668,150.0
3086000,150,83.6622891523279,150.0
3087000,150,83.66260799586735,150.0
3088000,150,83.66309429891012,150.0
3089000,150,83.66374825771427,150.0
3090000,150,83.66457012931859,150.0
3091000,150,83.66556022989663,150.0
3092000,150,83.66671893303439,150.0
3093000,150,83.66804667305156,150.0
3094000,150,83.6695439432974,150.0
3095000,150,83.67121129429944,150.0
3096000,150,83.67304933777767,150.0
3097000,150,83.67505874245961,150.0
3098000,150,83.67724023571117,150.0
3099000,150,83.67959460459835,150.0
3100000,150,83.68212269501474,150.0
3101000,150,83.68482540765068,150.0
3102000,150,83.68770370517552,150.0
3103000,150,83.69075860503538,150.0
3104000,150,83.69399118445797,150.0
3105000,150,83.69740257624463,150.0
3106000,150,83.70099397032634,150.0
3107000,150,83.70476661332498,150.0
3108000,150,83.70872180783716,150.0
3109000,151,87.2680167217198,150.0
3110000,151,87.27716103943341,150.0
3111000,151,87.28667258528738,150.0
3112000,151,87.29654852760753,150.0
3113000,151,87.30678601560268,150.0
3114000,151,87.31738218011164,150.0
3115000,151,87.32833413551305,150.0
3116000,151,87.33963898610578,150.0
3117000,151,87.35129382104918,150.0
3118000,151,87.36329572365133,150.0
3119000,152,84.57345435124553,150.0
3120000,152,84.57719865523528,150.0
3121000,153,87.40135456466409,150.0
3122000,153,87.41471544672197,150.0
3123000,153,87.42840873758298,150.0
3124000,154,87.43640498888627,150.0
3125000,154,87.42749525409681,150.0
3126000,154,87.41892345355188,150.0
3127000,154,87.41069194428084,150.0
3128000,154,87.40280308121815,150.0
3129000,154,87.3952592191755,150.0
3130000,154,87.38806270760887,150.0
3131000,154,87.38121589066564,150.0
3132000,154,87.37472110490431,150.0
3133000,154,87.36858067917328,150.0
3134000,154,87.36279692989169,150.0
3135000,154,87.35737216071901,150.0
3136000,154,87.35230866079802,150.0
3137000,154,87.34760870170496,150.0
3138000,154,87.34327453295336,150.0
3139000,154,87.33930838392973,150.0
3140000,155,83.80484318383317,150.0
3141000,155,83.80270617126214,150.0
3142000,155,83.80075636081169,150.0
3143000,155,83.7989927000781,150.0
3144000,155,83.79741419363137,150.0
3145000,155,83.79601989813287,150.0
3146000,155,83.7948089292855,150.0
3147000,155,83.79378045572854,150.0
3148000,155,83.79293370188711,150.0
3149000,155,83.79226794743624,150.0
3150000,155,83.79178252647014,150.0
3151000,155,83.79147683057526,150.0
3152000,155,83.79135030322115,150.0
3153000,155,83.79140244642775,150.0
3154000,155,83.79163281236656,150.0
3155000,155,83.79204101209476,150.0
3156000,155,83.79262670839066,150.0
3157000,155,83.79338962009132,150.0
3158000,155,83.79432951859472,150.0
3159000,155,83.79544622903028,150.0
3160000,155,83.79673963130709,150.0
3161000,155,83.7982096563147,150.0
3162000,155,83.79985629112863,150.0
3163000,155,83.8016795707634,150.0
3164000,155,83.80367958700522,150.0
3165000,155,83.8058564797127,150.0
3166000,155,83.80821044306812,150.0
3167000,155,83.81074172063968,150.0
3168000,155,83.8134506066382,150.0
3169000,155,83.8163374466443,150.0
3170000,155,83.8194026347662,150.0
3171000,155,83.82264661475864,150.0
3172000,155,83.82606987911839,150.0
3173000,155,83.82967296856384,150.0
3174000,155,83.8334564709885,150.0
3175000,155,83.83742102287044,150.0
3176000,155,83.84156730605933,150.0
3177000,155,83.8458960472148,150.0
3178000,155,83.85040802082442,150.0
3179000,155,83.85510404347814,150.0
3180000,155,83.85998497748942,150.0
3181000,155,83.86505172678342,150.0
3182000,155,83.87030523941765,150.0
3183000,155,83.87574650231309,150.0
3184000,155,83.88137654474812,150.0
3185000,155,83.88719643605933,150.0
3186000,155,83.89320728354153,150.0
3187000,156,87.036572873268,150.0
3188000,156,87.02440418774833,150.0
3189000,156,87.01259916941476,150.0
3190000,156,87.00115973658913,150.0
3191000,156,86.9900877643931,150.0
3192000,156,86.97938508873597,150.0
3193000,156,86.96905350146542,150.0
3194000,156,86.95909475460373,150.0
3195000,156,86.94951055593582,150.0
3196000,156,86.94030257088788,150.0
3197000,156,86.93147242079728,150.0
3198000,156,86.9230216843033,150.0
3199000,156,86.91495189413658,150.0
3200000,156,86.90726453892249,150.0
3201000,156,86.89996106205683,150.0
3202000,156,86.89304286171183,150.0
3203000,156,86.88651128870781,150.0
3204000,156,86.88036764867046,150.0
3205000,156,86.87461319932342,150.0
3206000,156,86.8692491512953,150.0
3207000,156,86.86427666607858,150.0
3208000,156,86.85969685788507,150.0
3209000,156,86.85551079083048,150.0
3210000,156,86.8517194792948,150.0
3211000,156,86.84832388749122,150.0
3212000,157,84.5454780387262,150.0
3213000,157,84.54034244239129,150.0
3214000,157,84.53536044730257,150.0
3215000,157,84.5305316543554,150.0
3216000,157,84.52585569383123,150.0
3217000,157,84.52133222904817,150.0
3218000,158,86.83570496792322,150.0
3219000,158,86.83550355567249,150.0
3220000,158,86.83570415105629,150.0
3221000,158,86.83630717286843,150.0
3222000,158,86.83731297976438,150.0
3223000,158,86.8387218713093,150.0
3224000,158,86.84053408495109,150.0
3225000,158,86.84274979639504,150.0
3226000,158,86.84536911813598,150.0
3227000,158,86.84839209853371,150.0
3228000,158,86.8518187209312,150.0
3229000,158,86.85564890233354,150.0
3230000,159,84.29700760601621,150.0
3231000,159,84.29836682205513,150.0
3232000,159,84.29991824587546,150.0
3233000,159,84.30166165728068,150.0
3234000,159,84.30359687268339,150.0
3235000,159,84.30572374270407,150.0
3236000,159,84.30804215313037,150.0
3237000,159,84.31055202431163,150.0
3238000,159,84.31325331012519,150.0
3239000,159,84.3161460004804,150.0
3240000,159,84.31923011568868,150.0
3241000,159,84.3225057131192,150.0
3242000,159,84.325972878364,150.0
3243000,159,84.32963173227748,150.0
3244000,159,84.33348242723548,150.0
3245000,159,84.3375251461824,150.0
3246000,159,84.34176010308225,150.0
3247000,159,84.34618754234904,150.0
3248000,159,84.35080773742398,150.0
3249000,159,84.35562099147513,150.0
3250000,159,84.36062763610751,150.0
3251000,160,86.15551587053136,150.0
3252000,160,86.15556783308323,150.0
3253000,160,86.15588060503354,150.0
3254000,160,86.15645401209767,150.0
3255000,161,84.26020103629021,150.0
3256000,161,84.25427458077775,150.0
3257000,161,84.24853012914551,150.0
3258000,161,84.242967029318,150.0
3259000,161,84.23758465844524,150.0
3260000,161,84.23238242901849,150.0
3261000,161,84.22735978695111,150.0
3262000,161,84.22251620957236,150.0
3263000,161,84.21785121254538,150.0
3264000,161,84.21336434438439,150.0
3265000,161,84.20905518971377,150.0
3266000,161,84.20492337256081,150.0
3267000,161,84.20096855166315,150.0
3268000,161,84.19719042460142,150.0
3269000,161,84.19358872749126,150.0
3270000,161,84.19016323546522,150.0
3271000,161,84.18691376350876,150.0
3272000,161,84.18384016646581,150.0
3273000,161,84.18094234094407,150.0
3274000,161,84.17822022202296,150.0
3275000,161,84.1756737891265,150.0
3276000,161,84.1733030633437,150.0
3277000,161,84.17110810718195,150.0
3278000,161,84.16908902569492,150.0
3279000,161,84.167245969978,150.0
3280000,162,86.74464603273456,150.0
3281000,162,86.74137365960338,150.0
3282000,162,86.73852959218783,150.0
3283000,162,86.73611345161974,150.0
3284000,162,86.73412476415682,150.0
3285000,162,86.73256296411358,150.0
3286000,162,86.73142739541572,150.0
3287000,162,86.73071731446872,150.0
3288000,162,86.73043189199046,150.0
3289000,162,86.73057021531494,150.0
3290000,163,84.28450307985423,150.0
3291000,163,84.28193025624535,150.0
3292000,163,84.27950022425541,150.0
3293000,163,84.27721251705239,150.0
3294000,163,84.27506671123076,150.0
3295000,163,84.27306242667905,150.0
3296000,163,84.27119932286479,150.0
3297000,163,84.26947710547823,150.0
3298000,163,84.26789552286041,150.0
3299000,163,84.26645436484496,150.0
3300000,163,84.26515346708966,150.0
3301000,163,84.26399270646888,150.0
3302000,163,84.26297200595644,150.0
3303000,163,84.26209133065232,150.0
3304000,163,84.26135068977081,150.0
3305000,163,84.26075013827244,150.0
3306000,163,84.26028977339378,150.0
3307000,163,84.2599697389656,150.0
3308000,163,84.25979022136605,150.0
3309000,163,84.25975145337122,150.0
3310000,164,86.8289841970044,150.0
3311000,164,86.8380748846848,150.0
3312000,164,86.84755057901305,150.0
3313000,164,86.85740902505462,150.0
3314000,164,86.86764793341078,150.0
3315000,164,86.87826498241536,150.0
3316000,164,86.88925781978052,150.0
3317000,164,86.90062406287593,150.0
3318000,164,86.91236130025507,150.0
3319000,164,86.92446709254168,150.0
3320000,164,86.93693897378397,150.0
3321000,164,86.94977445378201,150.0
3322000,164,86.96297101533493,150.0
3323000,164,86.9765261192764,150.0
3324000,164,86.9904372042716,150.0
3325000,164,87.0047016863319,150.0
3326000,164,87.01931696151172,150.0
3327000,164,87.03428040497131,150.0
3328000,165,83.77771184669963,150.0
3329000,165,83.77254018552335,150.0
3330000,165,83.7675550720609,150.0
3331000,165,83.76275510761678,150.0
3332000,165,83.75813894350722,150.0
3333000,165,83.75370527819315,150.0
3334000,165,83.74945286164973,150.0
3335000,165,83.74538049462149,150.0
3336000,165,83.74148702815948,150.0
3337000,165,83.73777136624037,150.0
3338000,165,83.73423246528577,150.0
3339000,165,83.73086933351208,150.0
3340000,165,83.72768103361088,150.0
3341000,165,83.72466668202175,150.0
3342000,165,83.72182544833,150.0
3343000,165,83.71915655803394,150.0
3344000,165,83.71665928979614,150.0
3345000,165,83.71433297998433,150.0
3346000,165,83.71217701763071,150.0
3347000,165,83.71019085041702,150.0
3348000,165,83.70837397996722,150.0
3349000,165,83.70672596451273,150.0
3350000,165,83.70524642011097,150.0
3351000,165,83.70393501789906,150.0
3352000,165,83.70279148771634,150.0
3353000,165,83.7018156148461,150.0
3354000,165,83.7010072439233,150.0
3355000,165,83.70036627463628,150.0
3356000,165,83.69989266642085,150.0
3357000,165,83.69958643654694,150.0
3358000,165,83.6994476582561,150.0
3359000,165,83.69947646511748,150.0
3360000,165,83.69967304833784,150.0
3361000,165,83.7000376567375,150.0
3362000,165,83.70057059756091,150.0
3363000,165,83.70127223802925,150.0
3364000,165,83.70214300203101,150.0
3365000,165,83.70318337357286,150.0
3366000,165,83.70439389488759,150.0
3367000,165,83.70577516807788,150.0
3368000,165,83.70732785060838,150.0
3369000,165,83.70905266270869,150.0
3370000,165,83.71095038095793,150.0
3371000,165,83.71302184073214,150.0
3372000,165,83.71526793757461,150.0
3373000,165,83.7176896240105,150.0
3374000,165,83.7202879114882,150.0
3375000,165,83.72306386918498,150.0
3376000,165,83.7260186259503,150.0
3377000,165,83.72915336695307,150.0
3378000,166,87.10725877598236,150.0
3379000,166,87.11522571783539,150.0
3380000,166,87.12357451017759,150.0
3381000,166,87.1323023603662,150.0
3382000,166,87.14140644732773,150.0
3383000,167,84.44199515865581,150.0
3384000,167,84.44421331469435,150.0
3385000,167,84.446569769459,150.0
3386000,167,84.44906473830773,150.0
3387000,167,84.45169847254137,150.0
3388000,167,84.45447126548511,150.0
3389000,167,84.45738344758257,150.0
3390000,167,84.46043538709428,150.0
3391000,167,84.46362749251064,150.0
3392000,168,87.25250512866675,150.0
3393000,168,87.2655562523793,150.0
3394000,168,87.27894849328081,150.0
3395000,168,87.29267888008653,150.0
3396000,168,87.3067444444426,150.0
3397000,168,87.32114221840388,150.0
3398000,168,87.33586923841018,150.0
3399000,168,87.35092254580047,150.0
3400000,168,87.36629918919812,150.0
3401000,168,87.3819962200106,150.0
3402000,168,87.39801070067571,150.0
3403000,168,87.41433970031329,150.0
3404000,168,87.43098029920391,150.0
3405000,168,87.44792958567115,150.0
3406000,168,87.46518465864207,150.0
3407000,168,87.4827426290136,150.0
3408000,168,87.50060061997499,150.0
3409000,169,83.74438772177875,150.0
3410000,169,83.7415490305221,150.0
3411000,169,83.73889735685637,150.0
3412000,169,83.73643146579333,150.0
3413000,169,83.73415018151526,150.0
3414000,169,83.73205238279489,150.0
3415000,169,83.73013700798957,150.0
3416000,169,83.7284030531341,150.0
3417000,169,83.72684957047504,150.0
3418000,169,83.72547566982631,150.0
3419000,169,83.72428052252171,150.0
3420000,169,83.72326335346422,150.0
3421000,169,83.72242344830669,150.0
3422000,169,83.72176014817633,150.0
3423000,169,83.72127285342646,150.0
3424000,169,83.72096102367308,150.0
3425000,169,83.72082417230617,150.0
3426000,169,83.72086187286791,150.0
3427000,169,83.72107375544637,150.0
3428000,169,83.72145950773826,150.0
3429000,169,83.7220188728553,150.0
3430000,169,83.72275165138733,150.0
3431000,169,83.7236577026698,150.0
3432000,169,83.72473693858525,150.0
3433000,169,83.72598932896813,150.0
3434000,169,83.72741489947909,150.0
3435000,169,83.72901373129041,150.0
3436000,169,83.73078595984786,150.0
3437000,169,83.73273177637039,150.0
3438000,169,83.73485142677396,150.0
3439000,169,83.73714520982962,150.0
3440000,169,83.7396134795089,150.0
3441000,169,83.74225664279567,150.0
3442000,169,83.74507516017009,150.0
3443000,169,83.74806954390966,150.0
3444000,169,83.75124035774147,150.0
3445000,169,83.75458822077674,150.0
3446000,169,83.75811379898792,150.0
3447000,169,83.76181781272756,150.0
3448000,169,83.76570102978981,150.0
3449000,169,83.76976426969796,150.0
3450000,169,83.77400839904209,150.0
3451000,169,83.77843433528636,150.0
3452000,169,83.78304304182878,150.0
3453000,169,83.78783553069263,150.0
3454000,169,83.79281285925366,150.0
3455000,169,83.79797613094092,150.0
3456000,169,83.80332649407865,150.0
3457000,169,83.80886514137443,150.0
3458000,169,83.81459330773484,150.0
3459000,170,87.12818633796115,150.0
3460000,170,87.11590321837322,150.0
3461000,170,87.10397040514336,150.0
3462000,170,87.09238991033446,150.0
3463000,170,87.08116372105113,150.0
3464000,170,87.07029379600843,150.0
3465000,170,87.0597820693931,150.0
3466000,170,87.04963044523032,150.0
3467000,170,87.03984080102602,150.0
3468000,170,87.03041498535937,150.0
3469000,170,87.02135481617222,150.0
3470000,170,87.01266208372795,150.0
3471000,170,87.00433854639827,150.0
3472000,170,86.99638593132127,150.0
3473000,170,86.98880593515804,150.0
3474000,170,86.9816002198677,150.0
3475000,170,86.97477041630756,150.0
3476000,170,86.96831811985855,150.0
3477000,170,86.96224489089657,150.0
3478000,170,86.95655225455847,150.0
3479000,170,86.95124169908632,150.0
3480000,170,86.94631467409894,150.0
3481000,170,86.94177259076633,150.0
3482000,170,86.93761682023047,150.0
3483000,170,86.93384869254527,150.0
3484000,170,86.93046949555676,150.0
3485000,170,86.92748047231109,150.0
3486000,170,86.92488282252559,150.0
3487000,170,86.922677698388,150.0
3488000,170,86.9208662049183,150.0
3489000,170,86.91944939698462,150.0
3490000,170,86.91842828006331,150.0
3491000,170,86.91780380627095,150.0
3492000,170,86.91757687379639,150.0
3493000,170,86.91774832678293,150.0
3494000,170,86.9183189500551,150.0
3495000,170,86.9192894709956,150.0
3496000,170,86.92066055639258,150.0
3497000,171,84.14538660269638,150.0
3498000,171,84.145703449117,150.0
3499000,171,84.14621094348965,150.0
3500000,171,84.1469086677726,150.0
3501000,171,84.14779624306526,150.0
3502000,171,84.1488733318827,150.0
3503000,171,84.15013963761709,150.0
3504000,171,84.15159490433889,150.0
3505000,171,84.1532389165757,150.0
3506000,171,84.15507149843933,150.0
3507000,171,84.15709251583746,150.0
3508000,171,84.15930187181198,150.0
3509000,171,84.16169951028174,150.0
3510000,171,84.16428541538595,150.0
3511000,171,84.16705960602512,150.0
3512000,171,84.17002214246453,150.0
3513000,171,84.17317312176309,150.0
3514000,171,84.1765126782778,150.0
3515000,171,84.18004098319348,150.0
3516000,171,84.1837582442837,150.0
3517000,171,84.18766470335603,150.0
3518000,171,84.19176064144898,150.0
3519000,171,84.19604636960403,150.0
3520000,171,84.20052223711964,150.0
3521000,171,84.20518862284668,150.0
3522000,171,84.21004594237458,150.0
3523000,171,84.2150946395131,150.0
3524000,171,84.22033519246672,150.0
3525000,171,84.22576810938348,150.0
3526000,172,86.22189427460418,150.0
3527000,172,86.22189347510691,150.0
3528000,172,86.22214986904244,150.0
3529000,173,84.43398326628649,150.0
3530000,173,84.4283697770393,150.0
3531000,173,84.42293728939886,150.0
3532000,173,84.41768539385764,150.0
3533000,173,84.41261371064523,150.0
3534000,173,84.40772189314531,150.0
3535000,173,84.40300962300834,150.0
3536000,173,84.39847661446709,150.0
3537000,173,84.39412261404419,150.0
3538000,173,84.38994740103998,150.0
3539000,173,84.38595078919941,150.0
3540000,173,84.382132623444,150.0
3541000,173,84.37849278599329,150.0
3542000,174,86.79715764806694,150.0
3543000,174,86.7893308980968,150.0
3544000,174,86.78192099019812,150.0
3545000,174,86.7749287577978,150.0
3546000,174,86.7683549403528,150.0
3547000,174,86.76220018302594,150.0
3548000,174,86.75646503850383,150.0
3549000,174,86.75114996759922,150.0
3550000,174,86.74625533958358,150.0
3551000,174,86.74178143394906,150.0
3552000,174,86.73772844133296,150.0
3553000,174,86.734096464641,150.0
3554000,174,86.73088552062717,150.0
3555000,174,86.72809554059363,150.0
3556000,174,86.7257263724074,150.0
3557000,174,86.72377778189974,150.0
3558000,174,86.72224945363881,150.0
3559000,174,86.72114099386299,150.0
3560000,175,84.31717584336572,150.0
3561000,175,84.31379604200778,150.0
3562000,175,84.31056161745951,150.0
3563000,175,84.30747206224245,150.0
3564000,175,84.30452690880371,150.0
3565000,175,84.301725730185,150.0
3566000,175,84.29906814029376,150.0
3567000,175,84.29655379373636,150.0
3568000,175,84.29418238780886,150.0
3569000,175,84.2919536608378,150.0
3570000,175,84.28986739104464,150.0
3571000,175,84.2879234021581,150.0
3572000,175,84.28612155852313,150.0
3573000,175,84.28446176653978,150.0
3574000,175,84.282943977708,150.0
3575000,175,84.28156818474322,150.0
3576000,175,84.28033442380207,150.0
3577000,175,84.27924277665436,150.0
3578000,175,84.27829336706665,150.0
3579000,176,86.78590205844458,150.0
3580000,176,86.79339599524994,150.0
3581000,176,86.80128419334571,150.0
3582000,176,86.80956484865399,150.0
3583000,176,86.81823611205174,150.0
3584000,176,86.82729608824025,150.0
3585000,176,86.83674283900501,150.0
3586000,176,86.846574382814,150.0
3587000,176,86.85678869652286,150.0
3588000,176,86.86738371516263,150.0
3589000,176,86.87835733474421,150.0
3590000,176,86.88970741162976,150.0
3591000,176,86.901431763739,150.0
3592000,176,86.9135281720322,150.0
3593000,176,86.92599437991403,150.0
3594000,176,86.93882809659426,150.0
3595000,176,86.95202699543422,150.0
3596000,176,86.96558871639434,150.0
3597000,177,86.05256245127055,150.0
3598000,177,86.05570235032886,150.0
3599000,178,83.8576965219012,150.0
3600000,178,83.85207094341355,150.0
3601000,178,83.84663160332047,150.0
3602000,178,83.84137720800557,150.0
3603000,178,83.83630650836292,150.0
3604000,178,83.83141829903894,150.0
3605000,178,83.8267114223482,150.0
3606000,178,83.82218476403756,150.0
3607000,178,83.81783725815149,150.0
3608000,178,83.81366788511075,150.0
3609000,178,83.80967567414736,150.0
3610000,178,83.80585970363238,150.0
3611000,178,83.80221909881287,150.0
3612000,178,83.79875303697673,150.0
3613000,178,83.79546074563582,150.0
3614000,178,83.79234150072473,150.0
3615000,178,83.78939463133551,150.0
3616000,178,83.78661951909035,150.0
3617000,178,83.7840155948782,150.0
3618000,178,83.78158234296335,150.0
3619000,178,83.77931930235339,150.0
3620000,178,83.77722606296776,150.0
3621000,178,83.7753022689896,150.0
3622000,178,83.773547618443,150.0
3623000,178,83.77196186351212,150.0
3624000,178,83.77054481048214,150.0
3625000,178,83.76929632146462,150.0
3626000,178,83.76821631216332,150.0
3627000,178,83.76730475575721,150.0
3628000,178,83.76656167732844,150.0
3629000,178,83.76598716175249,150.0
3630000,178,83.76558134668473,150.0
3631000,178,83.76534442888402,150.0
3632000,178,83.76527665941595,150.0
3633000,178,83.7653783460072,150.0
3634000,178,83.76564985531759,150.0
3635000,178,83.76609160848088,150.0
3636000,178,83.76670408640588,150.0
3637000,178,83.76748782357588,150.0
3638000,178,83.76844341562546,150.0
3639000,178,83.76957151401642,150.0
3640000,178,83.77087282704564,150.0
3641000,178,83.77234812341192,150.0
3642000,178,83.77399822553956,150.0
3643000,178,83.77582401757468,150.0
3644000,178,83.77782643897017,150.0
3645000,178,83.78000648756003,150.0
3646000,179,86.96544563161319,150.0
3647000,179,86.97170635936482,150.0
3648000,179,86.97836471733667,150.0
3649000,180,84.35235704666447,150.0
3650000,180,84.35328401131166,150.0
3651000,180,84.35434844745963,150.0
3652000,180,84.35555037580919,150.0
3653000,180,84.35688986027122,150.0
3654000,180,84.35836700455863,150.0
3655000,180,84.35998195696929,150.0
3656000,180,84.36173490485787,150.0
3657000,180,84.36362607914492,150.0
3658000,180,84.36565575213329,150.0
3659000,180,84.36782423558688,150.0
3660000,180,84.37013188336533,150.0
3661000,180,84.37257909042437,150.0
3662000,180,84.375166292333,150.0
3663000,181,87.12410765764209,150.0
3664000,181,87.13675335924468,150.0
3665000,181,87.14974879354654,150.0
3666000,181,87.16309101600338,150.0
3667000,181,87.17677708048706,150.0
3668000,181,87.19080403994947,150.0
3669000,181,87.20516894692733,150.0
3670000,181,87.21986885433893,150.0
3671000,181,87.234900818884,150.0
3672000,181,87.25026189822317,150.0
3673000,181,87.2659491551644,150.0
3674000,181,87.2819596578914,150.0
3675000,181,87.29829047989176,150.0
3676000,181,87.31493870102305,150.0
3677000,181,87.33190140775777,150.0
3678000,182,83.7115543746918,150.0
3679000,182,83.7079772079849,150.0
3680000,182,83.70458775544772,150.0
3681000,182,83.70138461623048,150.0
3682000,182,83.69836644938329,150.0
3683000,182,83.69553196985684,150.0
3684000,182,83.69287995008264,150.0
3685000,182,83.6904092239063,150.0
3686000,182,83.6881186819435,150.0
3687000,182,83.68600727232746,150.0
3688000,182,83.68407400399659,150.0
3689000,182,83.6823179443251,150.0
3690000,182,83.68073821983587,150.0
3691000,182,83.67933401561905,150.0
3692000,182,83.67810457853194,150.0
3693000,182,83.67704921036479,150.0
3694000,182,83.6761672770833,150.0
3695000,182,83.67545819895315,150.0
3696000,182,83.6749214596651,150.0
3697000,182,83.67455659909683,150.0
3698000,182,83.67436321838774,150.0
3699000,182,83.67434097591692,150.0
3700000,182,83.67448958942529,150.0
3701000,182,83.67480883532718,150.0
3702000,182,83.67529854787172,150.0
3703000,182,83.67595862174863,150.0
3704000,182,83.67678900708539,150.0
3705000,182,83.67778971480462,150.0
3706000,182,83.67896081137502,150.0
3707000,182,83.68030242143328,150.0
3708000,182,83.68181472907534,150.0
3709000,182,83.68349797189657,150.0
3710000,182,83.68535244655153,150.0
3711000,182,83.68737850712034,150.0
3712000,182,83.68957656184786,150.0
3713000,182,83.69194707772094,150.0
3714000,182,83.69449057533707,150.0
3715000,182,83.69720763191832,150.0
3716000,182,83.7000988776507,150.0
3717000,182,83.70316500150018,150.0
3718000,182,83.70640674200261,150.0
3719000,182,83.70982489636684,150.0
3720000,182,83.71342031098064,150.0
3721000,182,83.71719388791654,150.0
3722000,182,83.72114658102814,150.0
3723000,182,83.72527939691176,150.0
3724000,182,83.72959339134722,150.0
3725000,182,83.73408967359981,150.0
3726000,182,83.7387694011797,150.0
3727000,182,83.74363378273394,150.0
3728000,182,83.74868407453003,150.0
3729000,182,83.75392158052829,150.0
3730000,182,83.75934765423064,150.0
3731000,183,87.24081407450936,150.0
3732000,183,87.22845169401958,150.0
3733000,183,87.21642680034955,150.0
3734000,183,87.20474150805924,150.0
3735000,183,87.19339791557297,150.0
3736000,183,87.18239811050188,150.0
3737000,183,87.17174416441306,150.0
3738000,183,87.1614381347847,150.0
3739000,183,87.15148206439021,150.0
3740000,183,87.14187797858779,150.0
3741000,183,87.13262788790033,150.0
3742000,183,87.12373378406396,150.0
3743000,183,87.11519764128917,150.0
3744000,183,87.10702141483365,150.0
3745000,183,87.09920704088837,150.0
3746000,183,87.09175643243402,150.0
3747000,183,87.0846714837582,150.0
3748000,183,87.07795406384028,150.0
3749000,183,87.07160601832274,150.0
3750000,183,87.06562916798595,150.0
3751000,183,87.0600253055872,150.0
3752000,183,87.05479619742684,150.0
3753000,183,87.04994357895382,150.0
3754000,183,87.04546915502651,150.0
3755000,183,87.04137459825313,150.0
3756000,183,87.03766154555241,150.0
3757000,183,87.03433159908415,150.0
3758000,183,87.0313863221389,150.0
3759000,183,87.02882723809206,150.0
3760000,183,87.02665582860712,150.0
3761000,183,87.02487353101355,150.0
3762000,183,87.02348173732946,150.0
3763000,183,87.02248178970059,150.0
3764000,183,87.02187498147906,150.0
3765000,184,84.01370504833878,150.0
3766000,184,84.01317898508383,150.0
3767000,184,84.01284207231814,150.0
3768000,184,84.01269369452119,150.0
3769000,184,84.01273328170329,150.0
3770000,184,84.01296031023229,150.0
3771000,184,84.01337430274508,150.0
3772000,184,84.01397482802857,150.0
3773000,184,84.01476150126742,150.0
3774000,184,84.01573398140256,150.0
3775000,184,84.01689197728051,150.0
3776000,184,84.01823523837241,150.0
3777000,184,84.01976356296646,150.0
3778000,184,84.02147679169133,150.0
3779000,184,84.02337481138694,150.0
3780000,184,84.02545755261201,150.0
3781000,184,84.02772499017733,150.0
3782000,184,84.0301771414021,150.0
3783000,184,84.0328140677856,150.0
3784000,184,84.03563587352807,150.0
3785000,184,84.03864270320562,150.0
3786000,184,84.0418347473009,150.0
3787000,184,84.04521223293136,150.0
3788000,184,84.04877543209459,150.0
3789000,184,84.05252465332119,150.0
3790000,184,84.05646024861727,150.0
3791000,184,84.06058260535859,150.0
3792000,184,84.06489215254153,150.0
3793000,184,84.06938935529328,150.0
3794000,184,84.07407471704536,150.0
3795000,184,84.07894877671926,150.0
3796000,184,84.08401211008288,150.0
3797000,184,84.08926532722582,150.0
3798000,184,84.09470907280709,150.0
3799000,184,84.10034402425921,150.0
3800000,184,84.10617089390892,150.0
3801000,185,86.30180456410132,150.0
3802000,186,86.94584062059275,150.0
3803000,186,86.93297921000497,150.0
3804000,186,86.92050503430944,150.0
3805000,186,86.90842005214391,150.0
3806000,186,86.8967261464324,150.0
3807000,186,86.88542512547073,150.0
3808000,186,86.87451872185517,150.0
3809000,186,86.86400859167374,150.0
3810000,186,86.85389631373143,150.0
3811000,186,86.84418338940313,150.0
3812000,186,86.8348712424486,150.0
3813000,186,86.82596121912788,150.0
3814000,186,86.81745458644023,150.0
3815000,186,86.80935253395211,150.0
3816000,186,86.80165617305397,150.0
3817000,186,86.79436653728489,150.0
3818000,186,86.78748458175026,150.0
3819000,186,86.78101118438106,150.0
3820000,186,86.7749471459581,150.0
3821000,186,86.76929319063602,150.0
3822000,186,86.76404996579704,150.0
3823000,186,86.75921804322455,150.0
3824000,186,86.7547979195237,150.0
3825000,186,86.75079001695795,150.0
3826000,186,86.74719468301036,150.0
3827000,186,86.7440121929553,150.0
3828000,186,86.74124274896235,150.0
3829000,186,86.73888648091462,150.0
3830000,186,86.73694344858892,150.0
3831000,187,84.36960525045502,150.0
3832000,187,84.36558859923083,150.0
3833000,187,84.3617197920903,150.0
3834000,187,84.35799833563732,150.0
3835000,187,84.35442377315803,150.0
3836000,187,84.3509956854245,150.0
3837000,187,84.34771369287766,150.0
3838000,187,84.34457745491117,150.0
3839000,187,84.34158666904493,150.0
3840000,187,84.33874107358838,150.0
3841000,187,84.33604044717961,150.0
3842000,187,84.33348460660777,150.0
3843000,187,84.33107341151702,150.0
3844000,187,84.3288067625534,150.0
3845000,187,84.32668459913734,150.0
3846000,187,84.32470690651292,150.0
3847000,188,86.76686571652296,150.0
3848000,188,86.77229462447049,150.0
3849000,188,86.77812539764338,150.0
3850000,188,86.7843568289309,150.0
3851000,188,86.7909876545019,150.0
3852000,188,86.79801655429259,150.0
3853000,188,86.8054421532782,150.0
3854000,188,86.8132630211916,150.0
3855000,188,86.82147767339403,150.0
3856000,188,86.83008457102423,150.0
3857000,188,86.83908212279778,150.0
3858000,188,86.84846868339442,150.0
3859000,188,86.85824255617814,150.0
3860000,188,86.8684019921279,150.0
3861000,189,86.06131854791226,150.0
3862000,189,86.06153070841938,150.0
3863000,189,86.0620167582414,150.0
3864000,189,86.06277576121747,150.0
3865000,190,86.06333955360388,150.0
3866000,190,86.06415733864213,150.0
3867000,190,86.06524538803345,150.0
3868000,190,86.06660284645277,150.0
3869000,190,86.06822887927068,150.0
3870000,190,86.07012267329056,150.0
3871000,191,83.96054253255619,150.0
3872000,191,83.95467394393926,150.0
3873000,191,83.94899022997281,150.0
3874000,191,83.94349027519547,150.0
3875000,191,83.93817300207114,150.0
3876000,191,83.93303737611666,150.0
3877000,191,83.92808240119066,150.0
3878000,191,83.92330712370052,150.0
3879000,191,83.91871063251308,150.0
3880000,191,83.91429206028793,150.0
3881000,191,83.9100505816444,150.0
3882000,191,83.90598541738179,150.0
3883000,191,83.90209583337663,150.0
3884000,191,83.89838114121486,150.0
3885000,191,83.89484069695722,150.0
3886000,191,83.89147390651306,150.0
3887000,191,83.88828021994273,150.0
3888000,191,83.88525913813713,150.0
3889000,191,83.88241020785964,150.0
3890000,191,83.87973302693247,150.0
3891000,191,83.87722724104553,150.0
3892000,191,83.8748925454085,150.0
3893000,191,83.87272868611842,150.0
3894000,191,83.8707354598364,150.0
3895000,191,83.86891271335203,150.0
3896000,191,83.86726034528326,150.0
3897000,191,83.86577830726571,150.0
3898000,191,83.86446659980733,150.0
3899000,191,83.86332527836936,150.0
3900000,191,83.86235445077948,150.0
3901000,191,83.86155427646503,150.0
3902000,191,83.86092496998289,150.0
3903000,191,83.86046679839738,150.0
3904000,191,83.86018008212608,150.0
3905000,191,83.8600651966147,150.0
3906000,191,83.8601225713233,150.0
3907000,191,83.86035269026104,150.0
3908000,191,83.86075609219081,150.0
3909000,191,83.86133337081606,150.0
3910000,191,83.86208517533123,150.0
3911000,191,83.86301220903775,150.0
3912000,191,83.86411523249943,150.0
3913000,192,86.85064017345226,150.0
3914000,192,86.85463169744632,150.0
3915000,193,84.29814296831967,150.0
3916000,193,84.29773927509027,150.0
3917000,193,84.29747384840802,150.0
3918000,193,84.29734648397631,150.0
3919000,193,84.29735702089415,150.0
3920000,193,84.297505342154,150.0
3921000,193,84.29779137498488,150.0
3922000,193,84.29821508904465,150.0
3923000,193,84.29877649893037,150.0
3924000,193,84.29947566278187,150.0
3925000,193,84.30031268095652,150.0
3926000,193,84.3012876982594,150.0
3927000,193,84.30240090303494,150.0
3928000,193,84.3036525260028,150.0
3929000,193,84.30504284234596,150.0
3930000,193,84.30657216820981,150.0
3931000,193,84.30824086529864,150.0
3932000,193,84.31004933568884,150.0
3933000,194,87.00614017760593,150.0
3934000,194,87.01791610637734,150.0
3935000,194,87.03005306165792,150.0
3936000,194,87.04254820991775,150.0
3937000,194,87.05539870422429,150.0
3938000,194,87.06860169153423,150.0
3939000,194,87.08215431059887,150.0
3940000,194,87.09605369310655,150.0
3941000,194,87.11029696850215,150.0
3942000,194,87.12488125862906,150.0
3943000,194,87.1398036856812,150.0
3944000,194,87.15506136759988,150.0
3945000,194,87.1706514221504,150.0
3946000,194,87.18657096750754,150.0
3947000,194,87.20281712182444,150.0
3948000,195,83.70400253915408,150.0
3949000,195,83.69983570492491,150.0
3950000,195,83.695856598152,150.0
3951000,195,83.69206374350932,150.0
3952000,195,83.68845572239896,150.0
3953000,195,83.68503117079942,150.0
3954000,195,83.68178878368077,150.0
3955000,195,83.67872731286629,150.0
3956000,195,83.67584556757619,150.0
3957000,195,83.67314241555688,150.0
3958000,195,83.67061678246228,150.0
3959000,195,83.6682676529111,150.0
3960000,195,83.66609407001596,150.0
3961000,195,83.66409513594012,150.0
3962000,195,83.66227001137271,150.0
3963000,195,83.66061791793113,150.0
3964000,195,83.65913813484734,150.0
3965000,195,83.65783000072598,150.0
3966000,195,83.65669291536842,150.0
3967000,195,83.65572633572309,150.0
3968000,195,83.65492978000044,150.0
3969000,195,83.65430282593277,150.0
3970000,195,83.65384510895113,150.0
3971000,195,83.65355632635288,150.0
3972000,195,83.65343623249787,150.0
3973000,195,83.65348464348945,150.0
3974000,195,83.65370143237405,150.0
3975000,195,83.65408653390129,150.0
3976000,195,83.6546399395098,150.0
3977000,195,83.65536170221469,150.0
3978000,195,83.65625193149394,150.0
3979000,195,83.65731079757035,150.0
3980000,195,83.65853852877254,150.0
3981000,195,83.65993541321224,150.0
3982000,195,83.66150179387327,150.0
3983000,195,83.66323807612461,150.0
3984000,195,83.66514472051207,150.0
3985000,195,83.66722224747582,150.0
3986000,195,83.66947123476778,150.0
3987000,195,83.6718923166881,150.0
3988000,195,83.67448618513438,150.0
3989000,195,83.67725358944371,150.0
3990000,195,83.68019533449069,150.0
3991000,195,83.6833122841773,150.0
3992000,195,83.68660535427271,150.0
3993000,195,83.69007552019151,150.0
3994000,195,83.69372381117574,150.0
3995000,195,83.69755130929248,150.0
3996000,195,83.70155915444626,150.0
3997000,195,83.7057485388035,150.0
3998000,195,83.71012070699773,150.0
3999000,195,83.71467695781212,150.0
4000000,195,83.7194186421659,150.0
4001000,196,87.3577958037858,150.0
4002000,196,87.3608233484427,150.0
4003000,196,87.36422154914425,150.0
4004000,197,87.36201661010669,150.0
4005000,197,87.3499512298876,150.0
4006000,197,87.33821355232371,150.0
4007000,197,87.32680578792885,150.0
4008000,197,87.31573014111325,150.0
4009000,197,87.30498881540646,150.0
4010000,197,87.29458401018549,150.0
4011000,197,87.28451791904604,150.0
4012000,197,87.27479273313546,150.0
4013000,197,87.26541063632976,150.0
4014000,197,87.25637380588773,150.0
4015000,197,87.24768441162978,150.0
4016000,197,87.23934461588536,150.0
4017000,197,87.23135657136524,150.0
4018000,197,87.22372241833361,150.0
4019000,197,87.21644428664617,150.0
4020000,197,87.20952429286325,150.0
4021000,197,87.20296453828533,150.0
4022000,197,87.19676710884103,150.0
4023000,197,87.19093407098691,150.0
4024000,197,87.18546747404795,150.0
4025000,197,87.18036934363087,150.0
4026000,197,87.17564168356263,150.0
4027000,197,87.17128647166359,150.0
4028000,197,87.16730565928606,150.0
4029000,197,87.16370116603343,150.0
4030000,197,87.16047488238597,150.0
4031000,197,87.15762866240189,150.0
4032000,197,87.15516432401358,150.0
4033000,198,83.90327410873265,150.0
4034000,198,83.90190305471337,150.0
4035000,198,83.90072027785205,150.0
4036000,198,83.89972493732638,150.0
4037000,198,83.89891624435981,150.0
4038000,198,83.89829346177594,150.0
4039000,198,83.89785590423548,150.0
4040000,198,83.89760293263812,150.0
4041000,198,83.89753396567995,150.0
4042000,198,83.8976484681559,150.0
4043000,198,83.89794595686982,150.0
4044000,198,83.89842599790185,150.0
4045000,198,83.89908821073068,150.0
4046000,198,83.8999322641662,150.0
4047000,198,83.90095787358025,150.0
4048000,198,83.90216480793164,150.0
4049000,198,83.90355288436349,150.0
4050000,198,83.9051219695926,150.0
4051000,198,83.90687197801454,150.0
4052000,198,83.90880287414217,150.0
4053000,198,83.91091466861029,150.0
4054000,198,83.91320742253222,150.0
4055000,198,83.91568124291125,150.0
4056000,198,83.91833628260788,150.0
4057000,198,83.92117274354733,150.0
4058000,198,83.92419087269349,150.0
4059000,198,83.92739096101354,150.0
4060000,198,83.9307733472341,150.0
4061000,198,83.93433841276129,150.0
4062000,198,83.93808658436362,150.0
4063000,198,83.94201833126505,150.0
4064000,198,83.94613416587353,150.0
4065000,198,83.9504346428215,150.0
4066000,198,83.9549203583137,150.0
4067000,198,83.95959194853361,150.0
4068000,198,83.96445009258656,150.0
4069000,198,83.96949550656505,150.0
4070000,198,83.97472894467971,150.0
4071000,198,83.98015120180851,150.0
4072000,198,83.98576310699951,150.0
4073000,198,83.99156552746754,150.0
4074000,198,83.997559366004,150.0
4075000,199,86.97853420569267,150.0
4076000,199,86.96592794162446,150.0
4077000,199,86.95369763536307,150.0
4078000,199,86.94184520309558,150.0
4079000,199,86.930372504279,150.0
4080000,199,86.91928133753981,150.0
4081000,199,86.90857344465898,150.0
4082000,199,86.89825050612059,150.0
4083000,199,86.88831414186657,150.0
4084000,199,86.87876591315815,150.0
4085000,199,86.86960731819937,150.0
4086000,199,86.86083979604071,150.0
4087000,199,86.85246472342212,150.0
4088000,199,86.84448341467922,150.0
4089000,199,86.83689712414692,150.0
4090000,199,86.82970704316209,150.0
4091000,199,86.82291430136429,150.0
4092000,199,86.81651996694504,150.0
4093000,199,86.81052504496643,150.0
4094000,199,86.80493048004739,150.0
4095000,199,86.79973715406635,150.0
4096000,199,86.79494588633777,150.0
4097000,199,86.7905574352644,150.0
4098000,199,86.78657249745072,150.0
4099000,199,86.78299170705994,150.0
4100000,199,86.77981563719497,150.0
4101000,199,86.77704479836846,150.0
4102000,200,84.4430424499674,150.0
4103000,200,84.4384254782602,150.0
4104000,200,84.43395910553406,150.0
4105000,200,84.42964286332179,150.0
4106000,200,84.42547631830367,150.0
4107000,200,84.42145907470407,150.0
4108000,200,84.41759077025884,150.0
4109000,200,84.41387107984393,150.0
4110000,200,84.41029971510947,150.0
4111000,200,84.4068764253351,150.0
4112000,200,84.40360099612131,150.0
4113000,200,84.40047325204696,150.0
4114000,201,86.77802050967908,150.0
4115000,201,86.78094211468611,150.0
4116000,201,86.7842692295907,150.0
4117000,201,86.78800137895698,150.0
4118000,201,86.79213802405106,150.0
4119000,201,86.79667856409824,150.0
4120000,201,86.80162233608216,150.0
4121000,201,86.80696861361977,150.0
4122000,201,86.81271660764108,150.0
4123000,201,86.81886546639164,150.0
4124000,201,86.8254142746821,150.0
4125000,201,86.83236205404147,150.0
4126000,202,84.49220184723958,150.0
4127000,202,84.49490888552167,150.0
4128000,202,84.49781022748873,150.0
4129000,202,84.50090584657974,150.0
4130000,202,84.50419574371308,150.0
4131000,202,84.50767994709211,150.0
4132000,202,84.51135851476342,150.0
4133000,202,84.51523152942684,150.0
4134000,202,84.51929910034826,150.0
4135000,203,86.09835409679107,150.0
4136000,203,86.09784837362936,150.0
4137000,203,86.09761037458802,150.0
4138000,203,86.09763949791086,150.0
4139000,203,86.09793515995534,150.0
4140000,203,86.09849679553321,150.0
4141000,203,86.09932385832654,150.0
4142000,203,86.10041582108647,150.0
4143000,204,84.0908716746275,150.0
4144000,204,84.08480477417251,150.0
4145000,204,84.07892173796225,150.0
4146000,204,84.07322164191733,150.0
4147000,204,84.06770359694147,150.0
4148000,204,84.06236675005403,150.0
4149000,204,84.05721028465646,150.0
4150000,204,84.05223342186164,150.0
4151000,204,84.04743542091732,150.0
4152000,204,84.04281558086014,150.0
4153000,204,84.03837323781354,150.0
4154000,204,84.03410777075861,150.0
4155000,204,84.03001859962794,150.0
4156000,204,84.02610518327435,150.0
4157000,204,84.02236702651889,150.0
4158000,204,84.01880367389163,150.0
4159000,204,84.01541471369327,150.0
4160000,204,84.01219978049349,150.0
4161000,204,84.00915855077808,150.0
4162000,204,84.00629074681076,150.0
4163000,204,84.00359613629087,150.0
4164000,204,84.00107453283364,150.0
4165000,204,83.99872579624486,150.0
4166000,204,83.99654983371519,150.0
4167000,204,83.99454659975954,150.0
4168000,204,83.99271609468553,150.0
4169000,204,83.99105836995899,150.0
4170000,204,83.98957352246859,150.0
4171000,204,83.98826170054699,150.0
4172000,204,83.98712309911848,150.0
4173000,204,83.9861579654293,150.0
4174000,204,83.98536659485575,150.0
4175000,204,83.98474933306679,150.0
4176000,204,83.98430657617278,150.0
4177000,204,83.98403877175282,150.0
4178000,204,83.98394641818066,150.0
4179000,205,86.77219522264942,150.0
4180000,205,86.7733535619967,150.0
4181000,205,86.77493592433004,150.0
4182000,205,86.7769407677799,150.0
4183000,206,84.27610545198449,150.0
4184000,206,84.27461796887486,150.0
4185000,206,84.27327054637804,150.0
4186000,206,84.27206283209972,150.0
4187000,206,84.27099451550518,150.0
4188000,206,84.2700653316972,150.0
4189000,206,84.26927505922806,150.0
4190000,206,84.26862352132254,150.0
4191000,206,84.26811058312327,150.0
4192000,206,84.26773615762244,150.0
4193000,206,84.26750019820365,150.0
4194000,206,84.26740270460388,150.0
4195000,206,84.26744372069895,150.0
4196000,206,84.26762333311137,150.0
4197000,206,84.26794167479258,150.0
4198000,206,84.2683989201713,150.0
4199000,206,84.2689952919585,150.0
4200000,206,84.26973105347129,150.0
4201000,206,84.2706065149066,150.0
4202000,206,84.27162202899817,150.0
4203000,207,86.91321869531461,150.0
4204000,207,86.92400432588481,150.0
4205000,207,86.9351616211311,150.0
4206000,207,86.94668794709436,150.0
4207000,207,86.95858064935919,150.0
4208000,207,86.97083705615884,150.0
4209000,207,86.98345447772499,150.0
4210000,207,86.99643020952848,150.0
4211000,207,87.00976153208302,150.0
4212000,207,87.02344571249606,150.0
4213000,207,87.03748000554224,150.0
4214000,207,87.05186165382668,150.0
4215000,207,87.06658789130674,150.0
4216000,207,87.08165594170966,150.0
4217000,207,87.09706302025077,150.0
4218000,207,87.11280633448791,150.0
4219000,208,83.72133695250959,150.0
4220000,208,83.71673496450221,150.0
4221000,208,83.71231973145515,150.0
4222000,208,83.70808979828413,150.0
4223000,208,83.70404376339877,150.0
4224000,208,83.70018027798756,150.0
4225000,208,83.69649804913529,150.0
4226000,208,83.69299583816249,150.0
4227000,208,83.68967246399114,150.0
4228000,208,83.68652679811949,150.0
4229000,208,83.68355777046021,150.0
4230000,208,83.68076436854027,150.0
4231000,208,83.6781456348847,150.0
4232000,208,83.67570067061143,150.0
4233000,208,83.67342863310539,150.0
4234000,208,83.6713287397529,150.0
4235000,208,83.66940026341452,150.0
4236000,208,83.66764253727828,150.0
4237000,208,83.66605495138309,150.0
4238000,208,83.66463695422836,150.0
4239000,208,83.66338805444617,150.0
4240000,208,83.66230781734315,150.0
4241000,208,83.66139586858162,150.0
4242000,208,83.6606518922134,150.0
4243000,208,83.66007563189793,150.0
4244000,208,83.65966688842663,150.0
4245000,208,83.65942552420871,150.0
4246000,208,83.65935145826018,150.0
4247000,208,83.65944467070067,150.0
4248000,208,83.65970520059753,150.0
4249000,208,83.66013314401494,150.0
4250000,208,83.66072866024332,150.0
4251000,208,83.66149196367397,150.0
4252000,208,83.66242333130134,150.0
4253000,208,83.66352309517886,150.0
4254000,208,83.66479164992165,150.0
4255000,208,83.66622944799049,150.0
4256000,208,83.66783700135863,150.0
4257000,208,83.66961487968865,150.0
4258000,208,83.67156371141272,150.0
4259000,208,83.67368418470126,150.0
4260000,208,83.67597704628662,150.0
4261000,208,83.67844310003089,150.0
4262000,208,83.68108320793395,150.0
4263000,208,83.68389829175173,150.0
4264000,208,83.68688932907509,150.0
4265000,208,83.69005735577049,150.0
4266000,208,83.69340346456674,150.0
4267000,208,83.69692880475517,150.0
4268000,208,83.70063458358874,150.0
4269000,208,83.70452206284395,150.0
4270000,208,83.70859256109182,150.0
4271000,209,87.29080418925062,150.0
4272000,209,87.300104455478,150.0
4273000,209,87.30976989448206,150.0
4274000,209,87.31979767545306,150.0
4275000,209,87.33018494919966,150.0
4276000,209,87.34092885024477,150.0
4277000,209,87.35202649624539,150.0
4278000,209,87.36347499600753,150.0
4279000,209,87.37527144387128,150.0
4280000,209,87.38741292906532,150.0
4281000,210,84.59098423287007,150.0
4282000,210,84.59483665418442,150.0
4283000,211,87.42587840447293,150.0
4284000,212,87.42952113466153,150.0
4285000,212,87.42008395180284,150.0
4286000,212,87.41098219089653,150.0
4287000,212,87.40221818922367,150.0
4288000,212,87.39379428398685,150.0
4289000,212,87.3857128103993,150.0
4290000,212,87.37797610125541,150.0
4291000,212,87.37058648730785,150.0
4292000,212,87.36354629302087,150.0
4293000,212,87.35685783364775,150.0
4294000,212,87.35052341937113,150.0
4295000,212,87.34454534639322,150.0
4296000,212,87.3389259012332,150.0
4297000,212,87.33366735304044,150.0
4298000,212,87.3287719557899,150.0
4299000,212,87.32424194326968,150.0
4300000,212,87.320079528352,150.0
4301000,212,87.31628689796104,150.0
4302000,213,83.8144732634233,150.0
4303000,213,83.81243137856485,150.0
4304000,213,83.81057673891529,150.0
4305000,213,83.80890832173198,150.0
4306000,213,83.80742515425425,150.0
4307000,213,83.80612632127922,150.0
4308000,213,83.80501096113335,150.0
4309000,213,83.80407826849627,150.0
4310000,213,83.80332749136815,150.0
4311000,213,83.80275793307234,150.0
4312000,213,83.80236895137948,150.0
4313000,213,83.80215995966417,150.0
4314000,213,83.80213042414535,150.0
4315000,213,83.80227986865702,150.0
4316000,213,83.80260786668279,150.0
4317000,213,83.8031140500953,150.0
4318000,213,83.80379810200138,150.0
4319000,213,83.80465976102177,150.0
4320000,213,83.80569881783563,150.0
4321000,213,83.80691511675336,150.0
4322000,213,83.80830855414908,150.0
4323000,213,83.80987908146737,150.0
4324000,213,83.81162669995034,150.0
4325000,213,83.81355146276711,150.0
4326000,213,83.8156534767424,150.0
4327000,213,83.81793289868541,150.0
4328000,213,83.82038993534184,150.0
4329000,213,83.82302484515355,150.0
4330000,213,83.82583793571933,150.0
4331000,213,83.82882956532234,150.0
4332000,213,83.83200014012353,150.0
4333000,213,83.83535011559404,150.0
4334000,213,83.83887999413531,150.0
4335000,213,83.8425903267567,150.0
4336000,213,83.84648171051468,150.0
4337000,213,83.85055479033547,150.0
4338000,213,83.854810254823,150.0
4339000,213,83.85924884007538,150.0
4340000,213,83.86387132349421,150.0
4341000,213,83.86867852965528,150.0
4342000,213,83.87367132263947,150.0
4343000,213,83.87885061134513,150.0
4344000,213,83.88421734550651,150.0
4345000,213,83.88977251455445,150.0
4346000,213,83.89551714967021,150.0
4347000,213,83.90145231733342,150.0
4348000,214,87.03345385297798,150.0
4349000,214,87.02109203589498,150.0
4350000,214,87.00909451804539,150.0
4351000,214,86.99746322834486,150.0
4352000,214,86.98620005472807,150.0
4353000,214,86.97530684195662,150.0
4354000,214,86.96478538956144,150.0
4355000,214,86.95463745550623,150.0
4356000,214,86.94486475127879,150.0
4357000,214,86.9354689461183,150.0
4358000,214,86.92645166117839,150.0
4359000,214,86.91781447362881,150.0
4360000,214,86.90955891460742,150.0
4361000,214,86.90168646835656,150.0
4362000,214,86.8941985722734,150.0
4363000,214,86.8870966168373,150.0
4364000,214,86.88038194491602,150.0
4365000,214,86.87405585098435,150.0
4366000,214,86.86811958110454,150.0
4367000,214,86.86257433256924,150.0
4368000,214,86.85742125331208,150.0
4369000,214,86.85266144182974,150.0
4370000,214,86.848295945561,150.0
4371000,214,86.84432576135536,150.0
4372000,214,86.84075183477644,150.0
4373000,214,86.83757505944511,150.0
4374000,215,84.53069788561655,150.0
4375000,215,84.52567610546262,150.0
4376000,215,84.52080741703931,150.0
4377000,215,84.51609142317325,150.0
4378000,215,84.51152776004716,150.0
4379000,215,84.50711609570206,150.0
4380000,215,84.5028561328419,150.0
4381000,216,86.8265479046969,150.0
4382000,216,86.82697681901374,150.0
4383000,216,86.82780882055229,150.0
4384000,216,86.8290441859625,150.0
4385000,216,86.83068313241621,150.0
4386000,216,86.83272581435516,150.0
4387000,216,86.83517232419194,150.0
4388000,216,86.83802269086146,150.0
4389000,216,86.84127687910423,150.0
4390000,216,86.84493478816223,150.0
4391000,216,86.84899625162154,150.0
4392000,216,86.85346103571415,150.0
4393000,217,84.31913261457551,150.0
4394000,217,84.32077723792287,150.0
4395000,217,84.32261414487225,150.0
4396000,217,84.32464316625648,150.0
4397000,217,84.32686416632922,150.0
4398000,217,84.32927704247996,150.0
4399000,217,84.3318817288764,150.0
4400000,217,84.33467819021898,150.0
4401000,217,84.33766642459861,150.0
4402000,217,84.34084646506062,150.0
4403000,217,84.34421837406991,150.0
4404000,217,84.34778224823371,150.0
4405000,217,84.35153821590747,150.0
4406000,217,84.35548643344488,150.0
4407000,217,84.35962709070657,150.0
4408000,217,84.36396040653229,150.0
4409000,217,84.36848662919672,150.0
4410000,217,84.37320603602929,150.0
4411000,217,84.37811893101741,150.0
4412000,218,86.14797113578597,150.0
4413000,218,86.14797904292692,150.0
4414000,218,86.14824836292033,150.0
4415000,218,86.14877887415832,150.0
4416000,219,84.24155584154295,150.0
4417000,219,84.23553644829254,150.0
4418000,219,84.22969949389116,150.0
4419000,219,84.22404428241664,150.0
4420000,219,84.21857014989588,150.0
4421000,219,84.21327646596502,150.0
4422000,219,84.20816263106768,150.0
4423000,219,84.20322808337039,150.0
4424000,219,84.19847229248312,150.0
4425000,219,84.19389476702786,150.0
4426000,219,84.18949504844845,150.0
4427000,219,84.18527271858784,150.0
4428000,219,84.18122739417336,150.0
4429000,219,84.17735873095077,150.0
4430000,219,84.17366642331511,150.0
4431000,219,84.17015020517356,150.0
4432000,219,84.1668098499852,150.0
4433000,219,84.16364517191339,150.0
4434000,219,84.16065602568065,150.0
4435000,219,84.1578423076781,150.0
4436000,219,84.15520395696274,150.0
4437000,219,84.15274095236443,150.0
4438000,219,84.15045331897295,150.0
4439000,219,84.14834112168536,150.0
4440000,219,84.1464044724989,150.0
4441000,219,84.14464352477454,150.0
4442000,219,84.14305847674385,150.0
4443000,220,86.74287127572562,150.0
4444000,220,86.74025439695072,150.0
4445000,220,86.73806602028277,150.0
4446000,220,86.7363055942764,150.0
4447000,220,86.73497247461773,150.0
4448000,220,86.73406592682055,150.0
4449000,220,86.7335851285458,150.0
4450000,220,86.73352917220721,150.0
4451000,220,86.73389706666127,150.0
4452000,221,84.28168095372752,150.0
4453000,221,84.27923693460099,150.0
4454000,221,84.27693533117034,150.0
4455000,221,84.27477569020127,150.0
4456000,221,84.27275760247754,150.0
4457000,221,84.27088069978582,150.0
4458000,221,84.26914465897435,150.0
4459000,221,84.26754919781632,150.0
4460000,221,84.26609407977847,150.0
4461000,221,84.26477910942725,150.0
4462000,221,84.26360413727028,150.0
4463000,221,84.26256905521636,150.0
4464000,221,84.2616738008483,150.0
4465000,221,84.26091835556623,150.0
4466000,221,84.26030274342915,150.0
4467000,221,84.25982703486778,150.0
4468000,221,84.25949134263544,150.0
4469000,221,84.25929582617074,150.0
4470000,221,84.25924068748219,150.0
4471000,221,84.25932617503386,150.0
4472000,222,86.83702397667906,150.0
4473000,222,86.84632814550932,150.0
4474000,222,86.85601585872205,150.0
4475000,222,86.86608480896767,150.0
4476000,222,86.87653265722939,150.0
4477000,222,86.88735703317452,150.0
4478000,222,86.89855553775516,150.0
4479000,222,86.91012574330256,150.0
4480000,222,86.92206519507191,150.0
4481000,222,86.93437141169603,150.0
4482000,222,86.94704188871277,150.0
4483000,222,86.96007409592531,150.0
4484000,222,86.97346548164957,150.0
4485000,222,86.98721347152916,150.0
4486000,222,87.0013154717657,150.0
4487000,222,87.01576886653032,150.0
4488000,222,87.03057102299621,150.0
4489000,222,87.04571928951337,150.0
4490000,223,83.76799193896554,150.0
4491000,223,83.76293463330872,150.0
4492000,223,83.7580635107189,150.0
4493000,223,83.75337717582013,150.0
4494000,223,83.74887428271742,150.0
4495000,223,83.74455353599805,150.0
4496000,223,83.74041369196571,150.0
4497000,223,83.73645355793906,150.0
4498000,223,83.73267199147561,150.0
4499000,223,83.72906790491378,150.0
4500000,223,83.72564026292537,150.0
4501000,223,83.72238808332817,150.0
4502000,223,83.71931043976603,150.0
4503000,223,83.71640645654661,150.0
4504000,223,83.71367531674464,150.0
4505000,223,83.71111625567228,150.0
4506000,223,83.70872856568768,150.0
4507000,223,83.70651159321994,150.0
4508000,223,83.70446474269635,150.0
4509000,223,83.7025874739346,150.0
4510000,223,83.70087930270543,150.0
4511000,223,83.69933980148718,150.0
4512000,223,83.69796860100809,150.0
4513000,223,83.6967653873959,150.0
4514000,223,83.69572990587989,150.0
4515000,223,83.69486195741487,150.0
4516000,223,83.6941614026513,150.0
4517000,223,83.69362815759771,150.0
4518000,223,83.69326219826807,150.0
4519000,223,83.69306355876881,150.0
4520000,223,83.69303232962574,150.0
4521000,223,83.69316866115383,150.0
4522000,223,83.69347276265749,150.0
4523000,223,83.6939448999892,150.0
4524000,223,83.69458539974471,150.0
4525000,223,83.69539464524492,150.0
4526000,223,83.69637308002754,150.0
4527000,223,83.69752120706083,150.0
4528000,223,83.69883958471894,150.0
4529000,223,83.700328834228,150.0
4530000,223,83.70198963263788,150.0
4531000,223,83.70382271827492,150.0
4532000,223,83.70582888636929,150.0
4533000,223,83.70800899033328,150.0
4534000,223,83.71036394557687,150.0
4535000,223,83.7128947232013,150.0
4536000,223,83.71560235147581,150.0
4537000,223,83.71848792024635,150.0
4538000,223,83.72155257516118,150.0
4539000,223,83.72479752004823,150.0
4540000,224,87.12695693640899,150.0
4541000,224,87.13509700602329,150.0
4542000,224,87.14361700084577,150.0
4543000,224,87.15251411598548,150.0
4544000,224,87.16178552097098,150.0
4545000,225,84.45532822463765,150.0
4546000,225,84.45766134039538,150.0
4547000,225,84.46013288630799,150.0
4548000,225,84.46274308512692,150.0
4549000,225,84.46549219760267,150.0
4550000,225,84.46838052318266,150.0
4551000,225,84.47140839925642,150.0
4552000,225,84.47457620176175,150.0
4553000,225,84.47788434354152,150.0
4554000,226,87.27444872881553,150.0
4555000,226,87.28764535721365,150.0
4556000,226,87.30118110749434,150.0
4557000,226,87.31505301187111,150.0
4558000,226,87.3292581023838,150.0
4559000,226,87.3437934155174,150.0
4560000,226,87.35865599084401,150.0
4561000,226,87.37384287395392,150.0
4562000,226,87.38935111832808,150.0
4563000,226,87.4051777807554,150.0
4564000,226,87.42131992964933,150.0
4565000,226,87.43777464061014,150.0
4566000,226,87.45453900094212,150.0
4567000,226,87.47161010578665,150.0
4568000,226,87.48898506344807,150.0
4569000,226,87.506660992398,150.0
4570000,226,87.52463502479243,150.0
4571000,227,83.75059147967998,150.0
4572000,227,83.74785209785358,150.0
4573000,227,83.74529966413137,150.0
4574000,227,83.74293297060089,150.0
4575000,227,83.74075086408284,150.0
4576000,227,83.7387522496465,150.0
4577000,227,83.73693608856361,150.0
4578000,227,83.7353014016409,150.0
4579000,227,83.73384726486317,150.0
4580000,227,83.73257281346207,150.0
4581000,227,83.73147724026713,150.0
4582000,227,83.73055979390934,150.0
4583000,227,83.72981978280792,150.0
4584000,227,83.72925657157346,150.0
4585000,227,83.72886958360773,150.0
4586000,227,83.7286582972404,150.0
4587000,227,83.72862225023626,150.0
4588000,227,83.72876103670143,150.0
4589000,227,83.72907430765851,150.0
4590000,227,83.72956177135626,150.0
4591000,227,83.73022319109693,150.0
4592000,227,83.73105838771444,150.0
4593000,227,83.73206723847278,150.0
4594000,227,83.73324967612649,150.0
4595000,227,83.7346056870908,150.0
4596000,227,83.73613531651945,150.0
4597000,227,83.73783866317703,150.0
4598000,227,83.73971587867152,150.0
4599000,227,83.74176717132103,150.0
4600000,227,83.74399280314445,150.0
4601000,227,83.74639308851573,150.0
4602000,227,83.74896839644222,150.0
4603000,227,83.75171914881737,150.0
4604000,227,83.75464581875657,150.0
4605000,227,83.75774893232688,150.0
4606000,227,83.76102906833802,150.0
4607000,227,83.76448685475933,150.0
4608000,227,83.76812297017901,150.0
4609000,227,83.77193814570903,150.0
4610000,227,83.77593315878761,150.0
4611000,227,83.7801088386207,150.0
4612000,227,83.78446606166948,150.0
4613000,227,83.78900575116134,150.0
4614000,227,83.79372887871423,150.0
4615000,227,83.79863646185326,150.0
4616000,227,83.80372956370968,150.0
4617000,227,83.80900929224269,150.0
4618000,227,83.81447679941674,150.0
4619000,227,83.82013328065624,150.0
4620000,227,83.82597997267486,150.0
4621000,228,87.1099231161977,150.0
4622000,228,87.09780192157,150.0
4623000,228,87.08603358567615,150.0
4624000,228,87.0746200965972,150.0
4625000,228,87.0635634148313,150.0
4626000,228,87.05286547076653,150.0
4627000,228,87.04252816716946,150.0
4628000,228,87.03255337649655,150.0
4629000,228,87.02294294084874,150.0
4630000,228,87.01369867242802,150.0
4631000,228,87.00482235056722,150.0
4632000,228,86.99631572510843,150.0
4633000,228,86.98818051120394,150.0
4634000,228,86.98041839278707,150.0
4635000,228,86.97303101788206,150.0
4636000,228,86.96602000225114,150.0
4637000,228,86.95938692492349,150.0
4638000,228,86.95313332956533,150.0
4639000,228,86.94726072251154,150.0
4640000,228,86.94177057299183,150.0
4641000,228,86.93666431156912,150.0
4642000,228,86.93194332843427,150.0
4643000,228,86.92760897370815,150.0
4644000,228,86.92366255546895,150.0
4645000,228,86.92010533940618,150.0
4646000,228,86.91693854730558,150.0
4647000,228,86.91416335503068,150.0
4648000,228,86.91178089245375,150.0
4649000,228,86.90979224147483,150.0
4650000,228,86.9081984350903,150.0
4651000,228,86.90700045594697,150.0
4652000,228,86.90619923366478,150.0
4653000,228,86.90579564585506,150.0
4654000,228,86.9057905140239,150.0
4655000,228,86.90618460386493,150.0
4656000,228,86.90697862194328,150.0
4657000,228,86.90817321644127,150.0
4658000,228,86.9097689728717,150.0
4659000,229,84.16379206297867,150.0
4660000,229,84.16420033332358,150.0
4661000,229,84.16479951485557,150.0
4662000,229,84.16558920781154,150.0
4663000,229,84.16656905117078,150.0
4664000,229,84.16773872598989,150.0
4665000,229,84.16909795325236,150.0
4666000,229,84.1706464919317,150.0
4667000,229,84.17238414461119,150.0
4668000,229,84.17431075047652,150.0
4669000,229,84.1764261869296,150.0
4670000,229,84.17873037441223,150.0
4671000,229,84.18122326712606,150.0
4672000,229,84.18390486037015,150.0
4673000,229,84.18677518718536,150.0
4674000,229,84.18983431808303,150.0
4675000,229,84.19308235821404,150.0
4676000,229,84.19651945131031,150.0
4677000,229,84.20014577603003,150.0
4678000,229,84.20396154945317,150.0
4679000,229,84.20796701995488,150.0
4680000,229,84.21216247234545,150.0
4681000,229,84.21654822354922,150.0
4682000,229,84.22112462694793,150.0
4683000,229,84.22589206461615,150.0
4684000,229,84.23085095355042,150.0
4685000,229,84.2360017422505,150.0
4686000,229,84.24134490620877,150.0
4687000,230,86.21257458161953,150.0
4688000,230,86.21253274938638,150.0
4689000,230,86.21274848631896,150.0
4690000,231,84.41193041717324,150.0
4691000,231,84.40621426474668,150.0
4692000,231,84.40067933033123,150.0
4693000,231,84.39532516359459,150.0
4694000,231,84.39015134784252,150.0
4695000,231,84.38515749396333,150.0
4696000,231,84.38034324483701,150.0
4697000,231,84.37570827524915,150.0
4698000,231,84.37125229236126,150.0
4699000,231,84.36697503628037,150.0
4700000,231,84.36287628079266,150.0
4701000,231,84.3589558338049,150.0
4702000,231,84.3552135379742,150.0
4703000,231,84.35164927213054,150.0
4704000,231,84.3482629481794,150.0
4705000,232,86.78530594080046,150.0
4706000,232,86.77811015863614,150.0
4707000,232,86.7713336901316,150.0
4708000,232,86.76497720801751,150.0
4709000,232,86.75904128923578,150.0
4710000,232,86.75352641662063,150.0
4711000,232,86.74843297874875,150.0
4712000,232,86.74376127262299,150.0
4713000,232,86.73951150317454,150.0
4714000,232,86.73568378551583,150.0
4715000,232,86.73227814606634,150.0
4716000,232,86.72929452354215,150.0
4717000,232,86.72673277090786,150.0
4718000,232,86.72459265663919,150.0
4719000,232,86.72287386668853,150.0
4720000,232,86.72157600504012,150.0
4721000,232,86.72069859695212,150.0
4722000,233,84.31102685084387,150.0
4723000,233,84.30777429670843,150.0
4724000,233,84.30466667352162,150.0
4725000,233,84.30170348456066,150.0
4726000,233,84.29888427378944,150.0
4727000,233,84.2962086261199,150.0
4728000,233,84.29367616766983,150.0
4729000,233,84.29128656556861,150.0
4730000,233,84.28903952997236,150.0
4731000,233,84.28693481122139,150.0
4732000,233,84.28497220428747,150.0
4733000,233,84.28315154281715,150.0
4734000,233,84.28147270710055,150.0
4735000,233,84.27993561776955,150.0
4736000,233,84.27854023979033,150.0
4737000,233,84.27728658099417,150.0
4738000,233,84.27617469239576,150.0
4739000,233,84.27520467029976,150.0
4740000,233,84.27437665468273,150.0
4741000,234,86.79007927686172,150.0
4742000,234,86.79779813216827,150.0
4743000,234,86.80591013874357,150.0
4744000,234,86.81441342789294,150.0
4745000,234,86.82330608525844,150.0
4746000,234,86.83258615447741,150.0
4747000,234,86.84225163562083,150.0
4748000,234,86.85230048804345,150.0
4749000,234,86.86273063196806,150.0
4750000,234,86.87353994640269,150.0
4751000,234,86.88472627350872,150.0
4752000,234,86.89628741741515,150.0
4753000,234,86.90822114624768,150.0
4754000,234,86.92052519152179,150.0
4755000,234,86.9331972519977,150.0
4756000,234,86.94623499030111,150.0
4757000,234,86.95963603796727,150.0
4758000,234,86.97339799348927,150.0
4759000,234,86.98751842539832,150.0
4760000,235,86.05630097916348,150.0
4761000,236,83.84406236428816,150.0
4762000,236,83.8385494626667,150.0
4763000,236,83.83322244129832,150.0
4764000,236,83.82808000409182,150.0
4765000,236,83.82312090015465,150.0
4766000,236,83.81834392298283,150.0
4767000,236,83.81374791535832,150.0
4768000,236,83.80933176358378,150.0
4769000,236,83.8050944033671,150.0
4770000,236,83.80103481753922,150.0
4771000,236,83.79715203932598,150.0
4772000,236,83.79344514876013,150.0
4773000,236,83.78991327810367,150.0
4774000,236,83.78655560928586,150.0
4775000,236,83.78337137560432,150.0
4776000,236,83.780359860401,150.0
4777000,236,83.77752040061819,150.0
4778000,236,83.77485238369849,150.0
4779000,236,83.77235525142953,150.0
4780000,236,83.77002849734326,150.0
4781000,236,83.76787166803553,150.0
4782000,236,83.76588436604221,150.0
4783000,236,83.7640662457234,150.0
4784000,236,83.76241701654106,150.0
4785000,236,83.76093644225124,150.0
4786000,236,83.75962434265158,150.0
4787000,236,83.75848059201361,150.0
4788000,236,83.75750511941101,150.0
4789000,236,83.75669791031261,150.0
4790000,236,83.75605900727861,150.0
4791000,236,83.75558850655231,150.0
4792000,236,83.75528656363463,150.0
4793000,236,83.75515338851291,150.0
4794000,236,83.75518924799697,150.0
4795000,236,83.75539446798092,150.0
4796000,236,83.7557694289975,150.0
4797000,236,83.75631457084144,150.0
4798000,236,83.75703038908388,150.0
4799000,236,83.75791743923739,150.0
4800000,236,83.75897633075375,150.0
4801000,236,83.76020773529122,150.0
4802000,236,83.7616123779196,150.0
4803000,236,83.76319104559153,150.0
4804000,236,83.76494458074727,150.0
4805000,236,83.76687388377712,150.0
4806000,236,83.76897991494094,150.0
4807000,236,83.77126369104205,150.0
4808000,237,86.98149523366945,150.0
4809000,237,86.98794820160379,150.0
4810000,237,86.9947971419677,150.0
4811000,238,84.36160304449096,150.0
4812000,238,84.362650822012,150.0
4813000,238,84.36383608639201,150.0
4814000,238,84.36515887268727,150.0
4815000,238,84.36661925427629,150.0
4816000,238,84.36821734939052,150.0
4817000,238,84.36995331519901,150.0
4818000,238,84.37182735232778,150.0
4819000,238,84.37383970265839,150.0
4820000,238,84.37599064737033,150.0
4821000,238,84.37828050961448,150.0
4822000,238,84.38070965344917,150.0
4823000,238,84.38327848336694,150.0
4824000,238,84.38598744351836,150.0
4825000,239,87.14318330987375,150.0
4826000,239,87.15599002237711,150.0
4827000,239,87.16914449317622,150.0
4828000,239,87.18264376914425,150.0
4829000,239,87.19648489795483,150.0
4830000,239,87.21066492613686,150.0
4831000,239,87.22518090091623,150.0
4832000,239,87.24002987099907,150.0
4833000,239,87.2552088892058,150.0
4834000,239,87.27071501181304,150.0
4835000,239,87.28654529947133,150.0
4836000,239,87.30269681961538,150.0
4837000,239,87.31916664565863,150.0
4838000,239,87.3359518578329,150.0
4839000,239,87.35304954524268,150.0
4840000,240,83.71403974492488,150.0
4841000,240,83.71056700896163,150.0
4842000,240,83.70728179541429,150.0
4843000,240,83.7041827271123,150.0
4844000,240,83.70126848443724,150.0
4845000,240,83.69853780436436,150.0
4846000,240,83.69598948138724,150.0
4847000,240,83.69362237144469,150.0
4848000,240,83.6914353872733,150.0
4849000,240,83.68942749907566,150.0
4850000,240,83.68759773786353,150.0
4851000,240,83.68594519237573,150.0
4852000,240,83.68446901296537,150.0
4853000,240,83.68316840543037,150.0
4854000,240,83.68204263645313,150.0
4855000,240,83.6810910338355,150.0
4856000,240,83.68031298014702,150.0
4857000,240,83.67970792129671,150.0
4858000,240,83.67927535997612,150.0
4859000,240,83.67901485800412,150.0
4860000,240,83.67892603639314,150.0
4861000,240,83.67900857475284,150.0
4862000,240,83.67926221058414,150.0
4863000,240,83.6796867419068,150.0
4864000,240,83.68028202294714,150.0
4865000,240,83.68104796602736,150.0
4866000,240,83.68198454350394,150.0
4867000,240,83.6830917831529,150.0
4868000,240,83.6843697708464,150.0
4869000,240,83.6858186518031,150.0
4870000,240,83.68743862462257,150.0
4871000,240,83.68922994687381,150.0
4872000,240,83.6911929334249,150.0
4873000,240,83.69332795392377,150.0
4874000,240,83.69563543374367,150.0
4875000,240,83.69811585610205,150.0
4876000,240,83.70076975780853,150.0
4877000,240,83.70359772998371,150.0
4878000,240,83.70660041900464,150.0
4879000,240,83.70977852766288,150.0
4880000,240,83.71313280868081,150.0
4881000,240,83.71666407083066,150.0
4882000,240,83.72037317579212,150.0
4883000,240,83.72426103539843,150.0
4884000,240,83.72832861562205,150.0
4885000,240,83.73257693301834,150.0
4886000,240,83.73700705488963,150.0
4887000,240,83.74162009905332,150.0
4888000,240,83.7464172319908,150.0
4889000,240,83.75139966935174,150.0
4890000,240,83.7565686744287,150.0
4891000,240,83.76192555922448,150.0
4892000,241,87.23235910774716,150.0
4893000,241,87.21980992090445,150.0
4894000,241,87.20759861946107,150.0
4895000,241,87.19572731130495,150.0
4896000,241,87.18419809179078,150.0
4897000,241,87.17301303903143,150.0
4898000,241,87.16217421605944,150.0
4899000,241,87.1516836717581,150.0
4900000,241,87.1415434375459,150.0
4901000,241,87.13175552566915,150.0
4902000,241,87.12232193415686,150.0
4903000,241,87.11324463939812,150.0
4904000,241,87.1045256012013,150.0
4905000,241,87.096166758252,150.0
4906000,241,87.08817002734459,150.0
4907000,241,87.08053730600862,150.0
4908000,241,87.07327046643937,150.0
4909000,241,87.06637135953108,150.0
4910000,241,87.05984180978359,150.0
4911000,241,87.053683616781,150.0
4912000,241,87.04789855139228,150.0
4913000,241,87.0424883581943,150.0
4914000,241,87.03745475000166,150.0
4915000,241,87.03279940900957,150.0
4916000,241,87.02852398456415,150.0
4917000,241,87.02463009170633,150.0
4918000,241,87.02111930937431,150.0
4919000,241,87.01799317829214,150.0
4920000,241,87.01525319912173,150.0
4921000,241,87.01290083285251,150.0
4922000,241,87.0109374944377,150.0
4923000,241,87.00936455485044,150.0
4924000,241,87.00818333755211,150.0
4925000,241,87.00739511545551,150.0
4926000,241,87.00700110999576,150.0
4927000,242,84.02962762396521,150.0
4928000,242,84.02919265501578,150.0
4929000,242,84.0289470591037,150.0
4930000,242,84.0288902435013,150.0
4931000,242,84.02902166036588,150.0
4932000,242,84.02934080756206,150.0
4933000,242,84.02984722895717,150.0
4934000,242,84.03054051272547,150.0
4935000,242,84.03142029394492,150.0
4936000,242,84.03248625038634,150.0
4937000,242,84.03373810903098,150.0
4938000,242,84.03517563678369,150.0
4939000,242,84.03679864904986,150.0
4940000,242,84.03860700173381,150.0
4941000,242,84.04060059736199,150.0
4942000,242,84.04277938107715,150.0
4943000,242,84.04514334119399,150.0
4944000,242,84.04769250882765,150.0
4945000,242,84.05042695780608,150.0
4946000,242,84.05334680326608,150.0
4947000,242,84.0564522009478,150.0
4948000,242,84.05974335137792,150.0
4949000,242,84.0632204918758,150.0
4950000,242,84.06688390008816,150.0
4951000,242,84.07073389502098,150.0
4952000,242,84.07477083459523,150.0
4953000,242,84.07899511246312,150.0
4954000,242,84.08340716199388,150.0
4955000,242,84.08800745372984,150.0
4956000,242,84.09279649378217,150.0
4957000,242,84.09777482396431,150.0
4958000,242,84.10294302176452,150.0
4959000,242,84.10830169812964,150.0
4960000,242,84.11385149788718,150.0
4961000,242,84.11959309684168,150.0
4962000,243,86.29076729186258,150.0
4963000,243,86.2906657740403,150.0
4964000,244,84.60764796384204,150.0
4965000,245,86.92342775226234,150.0
4966000,245,86.91113679496361,150.0
4967000,245,86.89923748724645,150.0
4968000,245,86.88773167687364,150.0
4969000,245,86.87662113454961,150.0
4970000,245,86.865907552562,150.0
4971000,245,86.85559254394057,150.0
4972000,245,86.84567764224255,150.0
4973000,245,86.83616430131225,150.0
4974000,245,86.82705389485339,150.0
4975000,245,86.81834771672375,150.0
4976000,245,86.81004697930503,150.0
4977000,245,86.80215281538779,150.0
4978000,245,86.79466627754175,150.0
4979000,245,86.78758833730635,150.0
4980000,245,86.78091988779943,150.0
4981000,245,86.77466174197528,150.0
4982000,245,86.76881463318992,150.0
4983000,245,86.7633792174121,150.0
4984000,245,86.75835607185134,150.0
4985000,245,86.75374569656842,150.0
4986000,245,86.7495485149677,150.0
4987000,245,86.74576487471697,150.0
4988000,245,86.74239504772736,150.0
4989000,245,86.73943923170386,150.0
4990000,245,86.73689755074332,150.0
4991000,245,86.73477005634841,150.0
4992000,246,84.36448302278421,150.0
4993000,246,84.36044234558368,150.0
4994000,246,84.35654954981061,150.0
4995000,246,84.35280411171934,150.0
4996000,246,84.3492055451491,150.0
4997000,246,84.34575340219446,150.0
4998000,246,84.34244727433428,150.0
4999000,246,84.3392867920615,150.0
5000000,246,84.33627162404515,150.0
5001000,246,84.33340147979575,150.0
5002000,246,84.33067610846395,150.0
5003000,246,84.32809529955931,150.0
5004000,246,84.32565888400009,150.0
5005000,246,84.32336673116427,150.0
5006000,246,84.3212187558985,150.0
5007000,246,84.31921491063416,150.0
5008000,246,84.31735519262301,150.0
5009000,247,86.76694658645786,150.0
5010000,247,86.77260786800632,150.0
5011000,247,86.77867039166654,150.0
5012000,247,86.78513287326582,150.0
5013000,247,86.79199397294164,150.0
5014000,247,86.79925229675945,150.0
5015000,247,86.80690639547736,150.0
5016000,247,86.8149547670141,150.0
5017000,247,86.82339585566753,150.0
5018000,247,86.83222805421389,150.0
5019000,247,86.84144970236359,150.0
5020000,247,86.85105908951608,150.0
5021000,247,86.86105445408845,150.0
5022000,247,86.87143398422485,150.0
5023000,247,86.88219581942396,150.0
5024000,248,86.05765810832837,150.0
5025000,248,86.05835815358235,150.0
5026000,248,86.05933129534581,150.0
5027000,248,86.06057658686586,150.0
5028000,249,86.0616334023871,150.0
5029000,249,86.06293584088029,150.0
5030000,249,86.06450771388172,150.0
5031000,249,86.06634815931298,150.0
5032000,249,86.06845633634039,150.0
5033000,250,83.94319367968325,150.0
5034000,250,83.93743290350092,150.0
5035000,250,83.93185666915632,150.0
5036000,250,83.92646385558442,150.0
5037000,250,83.92125337951808,150.0
5038000,250,83.91622419907728,150.0
5039000,250,83.91137531471908,150.0
5040000,250,83.90670576915024,150.0
5041000,250,83.90221464895595,150.0
5042000,250,83.89790108417374,150.0
5043000,250,83.89376425028821,150.0
5044000,250,83.88980336606595,150.0
5045000,250,83.88601769861977,150.0
5046000,250,83.88240656088009,150.0
5047000,250,83.87896931106555,150.0
5048000,250,83.8757053569144,150.0
5049000,250,83.87261415494365,150.0
5050000,250,83.8696952079572,150.0
5051000,250,83.86694806779211,150.0
5052000,250,83.86437233891141,150.0
5053000,250,83.86196767233194,150.0
5054000,250,83.8597337709935,150.0
5055000,250,83.85767038862707,150.0
5056000,250,83.85577732929531,150.0
5057000,250,83.85405444913087,150.0
5058000,250,83.85250165675222,150.0
5059000,250,83.85111891293732,150.0
5060000,250,83.84990622903419,150.0
5061000,250,83.84886367129063,150.0
5062000,250,83.8479913600802,150.0
5063000,250,83.84728946653959,150.0
5064000,250,83.84675821687051,150.0
5065000,250,83.84639789231889,150.0
5066000,250,83.84620882716146,150.0
5067000,250,83.84619141067463,150.0
5068000,250,83.84634608692679,150.0
5069000,250,83.84667335498716,150.0
5070000,250,83.8471737691221,150.0
5071000,250,83.84784793969308,150.0
5072000,250,83.84869653005084,150.0
5073000,250,83.84972026318503,150.0
5074000,250,83.85091991353819,150.0
5075000,251,86.86250752592059,150.0
5076000,251,86.86670943485834,150.0
5077000,251,86.87132283659533,150.0
5078000,252,84.30298025925737,150.0
5079000,252,84.30284005003259,150.0
5080000,252,84.30283778567124,150.0
5081000,252,84.30297331998058,150.0
5082000,252,84.30324655055732,150.0
5083000,252,84.30365741868742,150.0
5084000,252,84.3042059096626,150.0
5085000,252,84.30489205101956,150.0
5086000,252,84.30571591473071,150.0
5087000,252,84.30667761630205,150.0
5088000,252,84.3077773142111,150.0
5089000,252,84.30901520882402,150.0
5090000,252,84.31039154546073,150.0
5091000,252,84.31190661100545,150.0
5092000,252,84.31356073657199,150.0
5093000,252,84.31535429384722,150.0
5094000,252,84.31728769911548,150.0
5095000,253,87.02194003642182,150.0
5096000,253,87.03389483693839,150.0
5097000,253,87.04620876258696,150.0
5098000,253,87.05887895880723,150.0
5099000,253,87.07190256060868,150.0
5100000,253,87.08527669566239,150.0
5101000,253,87.09899848550172,150.0
5102000,253,87.1130650491101,150.0
5103000,253,87.12747349802281,150.0
5104000,253,87.14222094434737,150.0
5105000,253,87.15730449616068,150.0
5106000,253,87.17272126218697,150.0
5107000,253,87.18846835027838,150.0
5108000,253,87.20454287079616,150.0
5109000,253,87.22094193322702,150.0
5110000,254,83.70264406358703,150.0
5111000,254,83.69858660127748,150.0
5112000,254,83.69471658533925,150.0
5113000,254,83.69103255794982,150.0
5114000,254,83.68753311705157,150.0
5115000,254,83.68421691813553,150.0
5116000,254,83.68108267151021,150.0
5117000,254,83.67812914939839,150.0
5118000,254,83.67535517727546,150.0
5119000,254,83.67275964368615,150.0
5120000,254,83.67034149158606,150.0
5121000,254,83.66809972437598,150.0
5122000,254,83.66603340574703,150.0
5123000,254,83.66414165659712,150.0
5124000,254,83.66242365768834,150.0
5125000,254,83.660878648526,150.0
5126000,254,83.65950592978339,150.0
5127000,254,83.65830485925147,150.0
5128000,254,83.65727485659065,150.0
5129000,254,83.6564153992011,150.0
5130000,254,83.65572602399716,150.0
5131000,254,83.65520632920678,150.0
5132000,254,83.65485597016225,150.0
5133000,254,83.65467466400347,150.0
5134000,254,83.65466218491197,150.0
5135000,254,83.65481836809694,150.0
5136000,254,83.65514310814815,150.0
5137000,254,83.65563635688682,150.0
5138000,254,83.65629812771769,150.0
5139000,254,83.65712849045107,150.0
5140000,254,83.65812757627948,150.0
5141000,254,83.65929557306293,150.0
5142000,254,83.66063272749933,150.0
5143000,254,83.66213934568259,150.0
5144000,254,83.6638157919048,150.0
5145000,254,83.66566248743061,150.0
5146000,254,83.66767991138269,150.0
5147000,254,83.66986860141057,150.0
5148000,254,83.67222915299358,150.0
5149000,254,83.67476221728897,150.0
5150000,254,83.67746850282391,150.0
5151000,254,83.68034877525398,150.0
5152000,254,83.68340385531594,150.0
5153000,254,83.68663462239579,150.0
5154000,254,83.69004200729499,150.0
5155000,254,83.69362699998545,150.0
5156000,254,83.69739064310716,150.0
5157000,254,83.70133403480529,150.0
5158000,254,83.70545832497938,150.0
5159000,254,83.7097647189304,150.0
5160000,254,83.71425447445175,150.0
5161000,254,83.71892890016319,150.0
5162000,254,83.72378935720785,150.0
5163000,255,87.35861288862398,150.0
5164000,255,87.36186096597919,150.0
5165000,256,87.35067380302542,150.0
5166000,256,87.3384213530405,150.0
5167000,256,87.32649682268293,150.0
5168000,256,87.31490240998319,150.0
5169000,256,87.30364030689488,150.0
5170000,256,87.29271270345959,150.0
5171000,256,87.282121783958,150.0
5172000,256,87.27186972845578,150.0
5173000,256,87.26195870927462,150.0
5174000,256,87.25239089497951,150.0
5175000,256,87.24316844390408,150.0
5176000,256,87.23429350812293,150.0
5177000,256,87.22576822957869,150.0
5178000,256,87.21759474098123,150.0
5179000,256,87.20977516263746,150.0
5180000,256,87.20231160276498,150.0
5181000,256,87.19520615677517,150.0
5182000,256,87.1884609050485,150.0
5183000,256,87.18207790960334,150.0
5184000,256,87.17605921644362,150.0
5185000,256,87.17040685219231,150.0
5186000,256,87.1651228203687,150.0
5187000,256,87.16020910285933,150.0
5188000,256,87.15566765581119,150.0
5189000,256,87.15150040905964,150.0
5190000,256,87.14770926196827,150.0
5191000,256,87.14429608397306,150.0
5192000,256,87.14126271012647,150.0
5193000,256,87.13861093939812,150.0
5194000,256,87.13634253245101,150.0
5195000,257,83.91638477082502,150.0
5196000,257,83.91510578530946,150.0
5197000,257,83.9140152227021,150.0
5198000,257,83.9131122660933,150.0
5199000,257,83.91239615292467,150.0
5200000,257,83.91186617024044,150.0
5201000,257,83.91152165417311,150.0
5202000,257,83.91136199307671,150.0
5203000,257,83.91138662429178,150.0
5204000,257,83.91159503585357,150.0
5205000,257,83.91198676462368,150.0
5206000,257,83.91256140129465,150.0
5207000,257,83.9133185816001,150.0
5208000,257,83.91425799428406,150.0
5209000,257,83.91537937621592,150.0
5210000,257,83.91668251198226,150.0
5211000,257,83.91816723758814,150.0
5212000,257,83.9198334355062,150.0
5213000,257,83.92168103798635,150.0
5214000,257,83.92371002396924,150.0
5215000,257,83.92592041902887,150.0
5216000,257,83.92831229963868,150.0
5217000,257,83.93088578430064,150.0
5218000,257,83.9336410417436,150.0
5219000,257,83.93657828329344,150.0
5220000,257,83.93969776818187,150.0
5221000,257,83.9429997979579,150.0
5222000,257,83.94648472119125,150.0
5223000,257,83.95015292869479,150.0
5224000,257,83.95400485486202,150.0
5225000,257,83.95804097643455,150.0
5226000,257,83.96226181311573,150.0
5227000,257,83.96666792537063,150.0
5228000,257,83.97125991382612,150.0
5229000,257,83.97603841911935,150.0
5230000,257,83.98100412393185,150.0
5231000,257,83.98615774501748,150.0
5232000,257,83.9915000416798,150.0
5233000,257,83.99703180570667,150.0
5234000,257,84.0027538689823,150.0
5235000,257,84.00866709494889,150.0
5236000,258,86.97881681580665,150.0
5237000,258,86.96601004479808,150.0
5238000,258,86.95357984627562,150.0
5239000,258,86.94152816713593,150.0
5240000,258,86.929856892706,150.0
5241000,258,86.91856784703526,150.0
5242000,258,86.9076627950627,150.0
5243000,258,86.89714343859572,150.0
5244000,258,86.88701141799585,150.0
5245000,258,86.87726831106853,150.0
5246000,258,86.86791563203785,150.0
5247000,258,86.85895483331349,150.0
5248000,258,86.85038730272878,150.0
5249000,258,86.84221436541313,150.0
5250000,258,86.83443728163628,150.0
5251000,258,86.82705724918624,150.0
5252000,258,86.82007540119189,150.0
5253000,258,86.81349280737463,150.0
5254000,258,86.8073104725509,150.0
5255000,258,86.80152933923574,150.0
5256000,258,86.79615028505793,150.0
5257000,258,86.79117412440911,150.0
5258000,258,86.78660160834066,150.0
5259000,258,86.78243342352364,150.0
5260000,258,86.7786701946532,150.0
5261000,258,86.7753124822643,150.0
5262000,258,86.77236078449151,150.0
5263000,259,84.43572263822553,150.0
5264000,259,84.43107462084339,150.0
5265000,259,84.42657718810358,150.0
5266000,259,84.42222984278963,150.0
5267000,259,84.41803212483592,150.0
5268000,259,84.41398360731348,150.0
5269000,259,84.41008390004677,150.0
5270000,259,84.40633264925316,150.0
5271000,259,84.40272953796682,150.0
5272000,259,84.3992742861056,150.0
5273000,259,84.3959666523085,150.0
5274000,259,84.39280643185262,150.0
5275000,259,84.38979346071565,150.0
5276000,260,86.77379838774701,150.0
5277000,260,86.77695415685956,150.0
5278000,260,86.78051542442546,150.0
5279000,260,86.78448163158333,150.0
5280000,260,86.78885215685443,150.0
5281000,260,86.79362631668397,150.0
5282000,260,86.79880336600147,150.0
5283000,260,86.80438249696088,150.0
5284000,260,86.81036283992674,150.0
5285000,260,86.8167434629449,150.0
5286000,260,86.82352337193198,150.0
5287000,260,86.83070151115923,150.0
5288000,260,86.83827676166422,150.0
5289000,261,84.517977435772,150.0
5290000,261,84.52097436508501,150.0
5291000,261,84.5241658472162,150.0
5292000,261,84.52755189154874,150.0
5293000,261,84.531132534577,150.0
5294000,261,84.53490783869269,150.0
5295000,261,84.5388778950312,150.0
5296000,262,86.0930641589308,150.0
5297000,262,86.09250562029399,150.0
5298000,262,86.0922157764825,150.0
5299000,262,86.09219397714575,150.0
5300000,262,86.0924395901757,150.0
5301000,262,86.09295200189864,150.0
5302000,262,86.0937306177073,150.0
5303000,262,86.09477486151847,150.0
5304000,262,86.09608417729825,150.0
5305000,263,84.0699338134208,150.0
5306000,263,84.06396736993351,150.0
5307000,263,84.05818449740647,150.0
5308000,263,84.05258426060882,150.0
5309000,263,84.04716576102811,150.0
5310000,263,84.04192813718551,150.0
5311000,263,84.03687056480383,150.0
5312000,263,84.03199225905712,150.0
5313000,263,84.0272924715494,150.0
5314000,263,84.0227704962014,150.0
5315000,263,84.01842566654791,150.0
5316000,263,84.01425735794643,150.0
5317000,263,84.01026498539554,150.0
5318000,263,84.00644800908734,150.0
5319000,263,84.00280592940196,150.0
5320000,263,83.99933829302066,150.0
5321000,263,83.99604468867322,150.0
5322000,263,83.99292475041852,150.0
5323000,263,83.98997815665199,150.0
5324000,263,83.98720463391052,150.0
5325000,263,83.98460395221038,150.0
5326000,263,83.98217592957484,150.0
5327000,263,83.97992043115796,150.0
5328000,263,83.97783736795158,150.0
5329000,263,83.97592670053145,150.0
5330000,263,83.97418843840903,150.0
5331000,263,83.97262263719978,150.0
5332000,263,83.97122940486312,150.0
5333000,263,83.97000889560962,150.0
5334000,263,83.9689613166826,150.0
5335000,263,83.96808692307265,150.0
5336000,263,83.96738602104612,150.0
5337000,263,83.96685896738587,150.0
5338000,263,83.96650617068504,150.0
5339000,263,83.96632808984813,150.0
5340000,263,83.96632523637942,150.0
5341000,264,86.7794212569393,150.0
5342000,264,86.78080321095999,150.0
5343000,264,86.7826087067492,150.0
5344000,264,86.78483613321858,150.0
5345000,265,84.27737114867058,150.0
5346000,265,84.27601177154304,150.0
5347000,265,84.2747921948403,150.0
5348000,265,84.27371208224743,150.0
5349000,265,84.27277113834967,150.0
5350000,265,84.27196911180552,150.0
5351000,265,84.27130579853504,150.0
5352000,265,84.27078103482177,150.0
5353000,265,84.27039470378713,150.0
5354000,265,84.27014673043755,150.0
5355000,265,84.27003708559171,150.0
5356000,265,84.27006578365447,150.0
5357000,265,84.27023288319289,150.0
5358000,265,84.27053848694874,150.0
5359000,265,84.27098274233263,150.0
5360000,265,84.2715658395401,150.0
5361000,265,84.27228801489305,150.0
5362000,265,84.27314954708211,150.0
5363000,265,84.27415076032902,150.0
5364000,265,84.2752920230978,150.0
5365000,266,86.92555273808071,150.0
5366000,266,86.93653405232274,150.0
5367000,266,86.94788526978898,150.0
5368000,266,86.95960372170435,150.0
5369000,266,86.97168672088344,150.0
5370000,266,86.98413156401038,150.0
5371000,266,86.99693553186907,150.0
5372000,266,87.0100958916835,150.0
5373000,266,87.02360989734882,150.0
5374000,266,87.03747479050965,150.0
5375000,266,87.05168780263377,150.0
5376000,266,87.06624615482657,150.0
5377000,266,87.08114706051545,150.0
5378000,266,87.09638772283249,150.0
5379000,266,87.11196534084175,150.0
5380000,267,83.72077618926352,150.0
5381000,267,83.71609915315953,150.0
5382000,267,83.71161003559342,150.0
5383000,267,83.70730733942796,150.0
5384000,267,83.70318961926819,150.0
5385000,267,83.69925548507608,150.0
5386000,267,83.69550360171434,150.0
5387000,267,83.69193268712024,150.0
5388000,267,83.68854151693796,150.0
5389000,267,83.68532892170309,150.0
5390000,267,83.68229379047605,150.0
5391000,267,83.67943506520095,150.0
5392000,267,83.67675174906788,150.0
5393000,267,83.67424289998674,150.0
5394000,267,83.67190763476155,150.0
5395000,267,83.66974512753195,150.0
5396000,267,83.66775460956327,150.0
5397000,267,83.66593537389501,150.0
5398000,267,83.66428676852522,150.0
5399000,267,83.66280820068445,150.0
5400000,267,83.66149913786955,150.0
5401000,267,83.66035910432615,150.0
5402000,267,83.65938768477707,150.0
5403000,267,83.65858452305585,150.0
5404000,267,83.65794932015487,150.0
5405000,267,83.65748183809244,150.0
5406000,267,83.65718189802944,150.0
5407000,267,83.65704937845003,150.0
5408000,267,83.65708421953843,150.0
5409000,267,83.65728641827977,150.0
5410000,267,83.65765603258275,150.0
5411000,267,83.65819317914436,150.0
5412000,267,83.65889803429813,150.0
5413000,267,83.65977083187647,150.0
5414000,267,83.66081186713768,150.0
5415000,267,83.66202149208014,150.0
5416000,267,83.66340011948223,150.0
5417000,267,83.66494822103712,150.0
5418000,267,83.66666632555713,150.0
5419000,267,83.66855502287987,150.0
5420000,267,83.67061495974315,150.0
5421000,267,83.67284684192929,150.0
5422000,267,83.67525143292337,150.0
5423000,267,83.6778295561642,150.0
5424000,267,83.6805820911979,150.0
5425000,267,83.68350997525607,150.0
5426000,267,83.68661420476515,150.0
5427000,267,83.68989583174233,150.0
5428000,267,83.69335596527436,150.0
5429000,267,83.69699577072558,150.0
5430000,267,83.70081647099326,150.0
5431000,267,83.7048193431154,150.0
5432000,267,83.70900572097266,150.0
5433000,268,87.31396706495401,150.0
5434000,268,87.32342107517846,150.0
5435000,268,87.33323819307896,150.0
5436000,268,87.34341558993137,150.0
5437000,268,87.35395042033538,150.0
5438000,268,87.36483982115655,150.0
5439000,268,87.37608091857511,150.0
5440000,268,87.3876708229369,150.0
5441000,268,87.39960663881507,150.0
5442000,268,87.41188546018944,150.0
5443000,268,87.42450437608838,150.0
5444000,269,87.42383585043162,150.0
5445000,269,87.41387477326789,150.0
5446000,269,87.40424668434294,150.0
5447000,269,87.39495390060242,150.0
5448000,269,87.38599873861368,150.0
5449000,269,87.37738351683107,150.0
5450000,269,87.369110549307,150.0
5451000,269,87.36118215031927,150.0
5452000,269,87.35360062832795,150.0
5453000,269,87.34636828700174,150.0
5454000,269,87.33948742337495,150.0
5455000,269,87.33296032519597,150.0
5456000,269,87.32678927073546,150.0
5457000,269,87.32097652483024,150.0
5458000,269,87.31552433862221,150.0
5459000,269,87.31043494713283,150.0
5460000,269,87.3057105661746,150.0
5461000,269,87.30135339087191,150.0
5462000,269,87.2973655934274,150.0
5463000,269,87.29374931841298,150.0
5464000,270,83.82452618836535,150.0
5465000,270,83.82257898556946,150.0
5466000,270,83.82081908932567,150.0
5467000,270,83.8192454983502,150.0
5468000,270,83.81785727021864,150.0
5469000,270,83.81665351216115,150.0
5470000,270,83.81563338864031,150.0
5471000,270,83.8147961177389,150.0
5472000,270,83.81414097193591,150.0
5473000,270,83.81366727726572,150.0
5474000,270,83.81337441645447,150.0
5475000,270,83.81326182369924,150.0
5476000,270,83.81332898906949,150.0
5477000,270,83.81357545523524,150.0
5478000,270,83.81400082000908,150.0
5479000,270,83.81460473338242,150.0
5480000,270,83.81538689977809,150.0
5481000,270,83.81634707596776,150.0
5482000,270,83.81748507294073,150.0
5483000,270,83.81880075213552,150.0
5484000,270,83.82029403025487,150.0
5485000,270,83.82196487394557,150.0
5486000,270,83.8238133002666,150.0
5487000,270,83.82583938139979,150.0
5488000,270,83.82804323711599,150.0
5489000,270,83.83042503908038,150.0
5490000,270,83.83298501075406,150.0
5491000,270,83.83572342160399,150.0
5492000,270,83.83864059335292,150.0
5493000,270,83.841736895716,150.0
5494000,270,83.84501274676221,150.0
5495000,270,83.84846861240533,150.0
5496000,270,83.8521050053582,150.0
5497000,270,83.85592248661266,150.0
5498000,270,83.85992166215863,150.0
5499000,270,83.86410318216097,150.0
5500000,270,83.86846774568085,150.0
5501000,270,83.87301609156351,150.0
5502000,270,83.87774900605942,150.0
5503000,270,83.88266731478774,150.0
5504000,270,83.88777188927308,150.0
5505000,270,83.89306363795917,150.0
5506000,270,83.89854351361413,150.0
5507000,270,83.9042125066185,150.0
5508000,270,83.91007164724435,150.0
5509000,270,83.91612200274972,150.0
5510000,271,87.0182392308608,150.0
5511000,271,87.00604818717585,150.0
5512000,271,86.99422401672823,150.0
5513000,271,86.98276862096763,150.0
5514000,271,86.97168385589805,150.0
5515000,271,86.96097153215044,150.0
5516000,271,86.95063341540899,150.0
5517000,271,86.94067122366027,150.0
5518000,271,86.93108663037613,150.0
5519000,271,86.92188126069215,150.0
5520000,271,86.91305669281657,150.0
5521000,271,86.9046144564739,150.0
5522000,271,86.89655603465089,150.0
5523000,271,86.88888286059428,150.0
5524000,271,86.8815963191791,150.0
5525000,271,86.87469774663232,150.0
5526000,271,86.86818842801897,150.0
5527000,271,86.86206960024182,150.0
5528000,271,86.85634244892267,150.0
5529000,271,86.85100810947165,150.0
5530000,271,86.84606766518051,150.0
5531000,271,86.8415221491746,150.0
5532000,271,86.8373725417525,150.0
5533000,271,86.83361977097535,150.0
5534000,271,86.83026471210188,150.0
5535000,272,84.52132813629154,150.0
5536000,272,84.51626763409175,150.0
5537000,272,84.51136013868474,150.0
5538000,272,84.50660522501607,150.0
5539000,272,84.50200250027937,150.0
5540000,272,84.49755160557937,150.0
5541000,272,84.49325221438347,150.0
5542000,272,84.48910403505764,150.0
5543000,273,86.81808377887126,150.0
5544000,273,86.81874195662965,150.0
5545000,273,86.81980382399804,150.0
5546000,273,86.82126957523195,150.0
5547000,273,86.82313934431247,150.0
5548000,273,86.82541320259803,150.0
5549000,273,86.828091158848,150.0
5550000,273,86.83117315833798,150.0
5551000,273,86.83465908166433,150.0
5552000,273,86.83854874465678,150.0
5553000,273,86.84284189694387,150.0
5554000,273,86.84753822139419,150.0
5555000,274,84.34014993533935,150.0
5556000,274,84.34188792743151,150.0
5557000,274,84.34381849677945,150.0
5558000,274,84.34594148685002,150.0
5559000,274,84.34825677477767,150.0
5560000,274,84.35076427107978,150.0
5561000,274,84.35346391862366,150.0
5562000,274,84.35635569519133,150.0
5563000,274,84.35943960803577,150.0
5564000,274,84.36271569935505,150.0
5565000,274,84.36618403995617,150.0
5566000,274,84.36984473504964,150.0
5567000,274,84.3736979167948,150.0
5568000,274,84.37774375057244,150.0
5569000,274,84.38198243047896,150.0
5570000,274,84.3864141799991,150.0
5571000,274,84.39103925062753,150.0
5572000,274,84.39585792273421,150.0
5573000,275,86.14067124535082,150.0
5574000,275,86.14063438704115,150.0
5575000,275,86.1408595837691,150.0
5576000,275,86.14134656657158,150.0
5577000,275,86.14209508494748,150.0
5578000,276,84.21727281890384,150.0
5579000,276,84.21134436717678,150.0
5580000,276,84.2055980938432,150.0
5581000,276,84.20003329166258,150.0
5582000,276,84.19464928702706,150.0
5583000,276,84.18944543727271,150.0
5584000,276,84.18442113662206,150.0
5585000,276,84.17957581427137,150.0
5586000,276,84.17490893255449,150.0
5587000,276,84.17041999368497,150.0
5588000,276,84.16610853340826,150.0
5589000,276,84.16197412866393,150.0
5590000,276,84.1580163920689,150.0
5591000,276,84.15423497602552,150.0
5592000,276,84.15062957233906,150.0
5593000,276,84.14719991312313,150.0
5594000,276,84.14394577074866,150.0
5595000,276,84.14086695908696,150.0
5596000,276,84.13796333326323,150.0
5597000,276,84.13523479084341,150.0
5598000,276,84.13268127277333,150.0
5599000,276,84.13030276051303,150.0
5600000,276,84.12809928162831,150.0
5601000,276,84.12607090750025,150.0
5602000,276,84.12421775259348,150.0
5603000,276,84.12253997560596,150.0
5604000,276,84.12103778350324,150.0
5605000,277,86.74490019607326,150.0
5606000,277,86.74251058363656,150.0
5607000,277,86.74054996807773,150.0
5608000,277,86.73901772003886,150.0
5609000,277,86.73791311736943,150.0
5610000,277,86.73723534748625,150.0
5611000,277,86.73698350989987,150.0
5612000,277,86.73715661918096,150.0
5613000,277,86.73775360660238,150.0
5614000,278,84.27932199104495,150.0
5615000,278,84.27700679501173,150.0
5616000,278,84.27483365276628,150.0
5617000,278,84.27280212298209,150.0
5618000,278,84.27091181052774,150.0
5619000,278,84.26916236280367,150.0
5620000,278,84.26755346956372,150.0
5621000,278,84.26608486363816,150.0
5622000,278,84.2647563231902,150.0
5623000,278,84.26356766716573,150.0
5624000,278,84.26251876207867,150.0
5625000,278,84.26160951505291,150.0
5626000,278,84.26083987718764,150.0
5627000,278,84.26020984694927,150.0
5628000,278,84.25971946324175,150.0
5629000,278,84.25936881200478,150.0
5630000,278,84.25915802152943,150.0
5631000,278,84.25908726631769,150.0
5632000,278,84.25915676616546,150.0
5633000,278,84.25936678246363,150.0
5634000,279,86.84556763789537,150.0
5635000,279,86.8550834430419,150.0
5636000,279,86.86498128831228,150.0
5637000,279,86.87525881646918,150.0
5638000,279,86.88591363993498,150.0
5639000,279,86.8969433430306,150.0
5640000,279,86.90834548077488,150.0
5641000,279,86.92011758240787,150.0
5642000,279,86.93225715240777,150.0
5643000,279,86.94476166989332,150.0
5644000,279,86.95762859231789,150.0
5645000,279,86.97085535335319,150.0
5646000,279,86.9844393669428,150.0
5647000,279,86.99837802608478,150.0
5648000,279,87.01266870578536,150.0
5649000,279,87.02730876192162,150.0
5650000,279,87.04229553332402,150.0
5651000,280,83.76394531546664,150.0
5652000,280,83.75881500755061,150.0
5653000,280,83.75387195884004,150.0
5654000,280,83.74911473078313,150.0
5655000,280,83.74454193180898,150.0
5656000,280,83.74015222206248,150.0
5657000,280,83.7359443126741,150.0
5658000,280,83.73191696528608,150.0
5659000,280,83.72806899478479,150.0
5660000,280,83.72439926841916,150.0
5661000,280,83.72090670666121,150.0
5662000,280,83.71759028400231,150.0
5663000,280,83.71444902807104,150.0
5664000,280,83.71148202162955,150.0
5665000,280,83.70868840392504,150.0
5666000,280,83.70606736572186,150.0
5667000,280,83.70361815742383,150.0
5668000,280,83.7013400827919,150.0
5669000,280,83.69923250176599,150.0
5670000,280,83.69729483281237,150.0
5671000,280,83.69552654852964,150.0
5672000,280,83.69392718042748,150.0
5673000,280,83.69249631536822,150.0
5674000,280,83.69123359929405,150.0
5675000,280,83.69013873384026,150.0
5676000,280,83.68921147964986,150.0
5677000,280,83.68845165473475,150.0
5678000,280,83.68785913620789,150.0
5679000,280,83.68743385538924,150.0
5680000,280,83.68717580732516,150.0
5681000,280,83.68708504086337,150.0
5682000,280,83.68716166640606,150.0
5683000,280,83.68740585042964,150.0
5684000,280,83.68781782017663,150.0
5685000,280,83.68839785961433,150.0
5686000,280,83.68914631346551,150.0
5687000,280,83.69006358326071,150.0
5688000,280,83.69115013089214,150.0
5689000,280,83.692406477147,150.0
5690000,280,83.6938332007653,150.0
5691000,280,83.69543093906115,150.0
5692000,280,83.69720039015773,150.0
5693000,280,83.69914230861704,150.0
5694000,280,83.70125750996516,150.0
5695000,280,83.70354686680794,150.0
5696000,280,83.70601131083907,150.0
5697000,280,83.70865183163261,150.0
5698000,280,83.71146947866025,150.0
5699000,280,83.7144653572768,150.0
5700000,280,83.7176406334411,150.0
5701000,280,83.72099652733462,150.0
5702000,281,87.14708230853049,150.0
5703000,281,87.15539316944887,150.0
5704000,281,87.16408200686999,150.0
5705000,281,87.17314600759698,150.0
5706000,281,87.18258233044608,150.0
5707000,281,87.1923881137049,150.0
5708000,282,84.47158998023635,150.0
5709000,282,84.4741757208571,150.0
5710000,282,84.47690026210925,150.0
5711000,282,84.47976387222779,150.0
5712000,282,84.48276685726506,150.0
5713000,282,84.48590956166484,150.0
5714000,282,84.4891923658976,150.0
5715000,282,84.49261569023403,150.0
5716000,283,87.29678539937501,150.0
5717000,283,87.3101250334346,150.0
5718000,283,87.32380179500197,150.0
5719000,283,87.33781271873337,150.0
5720000,283,87.35215484120762,150.0
5721000,283,87.36682520200438,150.0
5722000,283,87.38182084738006,150.0
5723000,283,87.39713882641955,150.0
5724000,283,87.41277619853678,150.0
5725000,283,87.42873002824238,150.0
5726000,283,87.44499739029189,150.0
5727000,283,87.46157536839917,150.0
5728000,283,87.47846105582562,150.0
5729000,283,87.49565155817231,150.0
5730000,283,87.51314399101469,150.0
5731000,283,87.53093548408654,150.0
5732000,283,87.54902317736212,150.0
5733000,284,83.75725888292138,150.0
5734000,284,83.75461820150922,150.0
5735000,284,83.75216441660041,150.0
5736000,284,83.74989634400181,150.0
5737000,284,83.74781285598621,150.0
5738000,284,83.74591288346055,150.0
5739000,284,83.74419541170631,150.0
5740000,284,83.74265948588098,150.0
5741000,284,83.74130420606804,150.0
5742000,284,83.74012873183506,150.0
5743000,284,83.7391322784537,150.0
5744000,284,83.73831411778504,150.0
5745000,284,83.73767358275327,150.0
5746000,284,83.73721005894133,150.0
5747000,284,83.7369229917933,150.0
5748000,284,83.73681188376176,150.0
5749000,284,83.73687629190091,150.0
5750000,284,83.73711583222489,150.0
5751000,284,83.73753017701823,150.0
5752000,284,83.73811905342583,150.0
5753000,284,83.73888224591543,150.0
5754000,284,83.73981959521915,150.0
5755000,284,83.7409309973491,150.0
5756000,284,83.74221640180006,150.0
5757000,284,83.7436758174101,150.0
5758000,284,83.74530930332548,150.0
5759000,284,83.74711697603267,150.0
5760000,284,83.74909900622956,150.0
5761000,284,83.75125561610994,150.0
5762000,284,83.75358708417149,150.0
5763000,284,83.75609373995458,150.0
5764000,284,83.7587759674665,150.0
5765000,284,83.76163420133972,150.0
5766000,284,83.76466892897699,150.0
5767000,284,83.76788069038834,150.0
5768000,284,83.77127007456193,150.0
5769000,284,83.77483772095387,150.0
5770000,284,83.77858432141016,150.0
5771000,284,83.78251061393657,150.0
5772000,284,83.78661738900315,150.0
5773000,284,83.79090548093383,150.0
5774000,284,83.79537577558627,150.0
5775000,284,83.80002920384463,150.0
5776000,284,83.80486674286593,150.0
5777000,284,83.80988941718655,150.0
5778000,284,83.81509829289631,150.0
5779000,284,83.82049448187225,150.0
5780000,284,83.82607913842506,150.0
5781000,284,83.83185346155322,150.0
5782000,285,87.10439549177744,150.0
5783000,285,87.09208517188597,150.0
5784000,285,87.08012826523064,150.0
5785000,285,87.06852676317398,150.0
5786000,285,87.05728262793326,150.0
5787000,285,87.04639779129563,150.0
5788000,285,87.03587415373438,150.0
5789000,285,87.02571358578886,150.0
5790000,285,87.01591792564349,150.0
5791000,285,87.00648897965587,150.0
5792000,285,86.99742852010972,150.0
5793000,285,86.98873828836942,150.0
5794000,285,86.98041998973042,150.0
5795000,285,86.97247529642233,150.0
5796000,285,86.96490584499537,150.0
5797000,285,86.95771323697515,150.0
5798000,285,86.95089903601806,150.0
5799000,285,86.94446477074561,150.0
5800000,285,86.93841192996403,150.0
5801000,285,86.93274196534416,150.0
5802000,285,86.92745628719821,150.0
5803000,285,86.92255626737888,150.0
5804000,285,86.91804323503551,150.0
5805000,285,86.91391847753802,150.0
5806000,285,86.91018323859821,150.0
5807000,285,86.90683871830079,150.0
5808000,286,84.6184904492527,150.0
5809000,287,86.90132640087934,150.0
5810000,287,86.89916077068403,150.0
5811000,287,86.89739018976836,150.0
5812000,287,86.89601561705724,150.0
5813000,287,86.8950379612211,150.0
5814000,287,86.8944580763193,150.0
5815000,287,86.89427676324645,150.0
5816000,287,86.89449476614236,150.0
5817000,287,86.89511277103752,150.0
5818000,287,86.8961314059838,150.0
5819000,287,86.89755123850608,150.0
5820000,287,86.89937277342528,150.0
5821000,287,86.90159645241381,150.0
5822000,288,84.18298661793679,150.0
5823000,288,84.18367757999792,150.0
5824000,288,84.18455933442056,150.0
5825000,288,84.1856315395921,150.0
5826000,288,84.18689389353162,150.0
5827000,288,84.1883461337092,150.0
5828000,288,84.18998803716207,150.0
5829000,288,84.19181941798733,150.0
5830000,288,84.19384013319984,150.0
5831000,288,84.19605007411339,150.0
5832000,288,84.19844917142181,150.0
5833000,288,84.20103739460514,150.0
5834000,288,84.2038147508948,150.0
5835000,288,84.20678128165181,150.0
5836000,288,84.20993706776589,150.0
5837000,288,84.21328222534102,150.0
5838000,288,84.2168169064628,150.0
5839000,288,84.2205412976541,150.0
5840000,288,84.22445562120215,150.0
5841000,288,84.22856013181134,150.0
5842000,288,84.23285512077905,150.0
5843000,288,84.23734091019892,150.0
5844000,288,84.24201785385794,150.0
5845000,288,84.24688634074754,150.0
5846000,288,84.25194678637709,150.0
5847000,288,84.25719964031589,150.0
5848000,289,86.2034876650217,150.0
5849000,289,86.20340447424185,150.0
5850000,289,86.20357926601663,150.0
5851000,290,84.3903473095321,150.0
5852000,290,84.38452975442509,150.0
5853000,290,84.37889367321664,150.0
5854000,290,84.37343857526376,150.0
5855000,290,84.36816400358948,150.0
5856000,290,84.36306952888934,150.0
5857000,290,84.35815475303531,150.0
5858000,290,84.35341931263659,150.0
5859000,290,84.34886287406275,150.0
5860000,290,84.3444851377007,150.0
5861000,290,84.34028583775347,150.0
5862000,290,84.33626474273392,150.0
5863000,290,84.33242165609065,150.0
5864000,290,84.32875641764761,150.0
5865000,290,84.3252689005355,150.0
5866000,290,84.32195901712659,150.0
5867000,290,84.31882671682527,150.0
5868000,291,86.77481077401923,150.0
5869000,291,86.76825116051084,150.0
5870000,291,86.76211303877957,150.0
5871000,291,86.7563969165997,150.0
5872000,291,86.75110320564178,150.0
5873000,291,86.7462322227467,150.0
5874000,291,86.7417841904451,150.0
5875000,291,86.73775923886566,150.0
5876000,291,86.73415740693088,150.0
5877000,291,86.73097864390881,150.0
5878000,291,86.72822281040594,150.0
5879000,291,86.7258896804846,150.0
5880000,291,86.72397894302534,150.0
5881000,291,86.72249020381979,150.0
5882000,291,86.72142298635754,150.0
5883000,291,86.72077673453168,150.0
5884000,292,84.30531891294883,150.0
5885000,292,84.30219381938649,150.0
5886000,292,84.29921322040154,150.0
5887000,292,84.29637663081957,150.0
5888000,292,84.29368360607047,150.0
5889000,292,84.29113374416285,150.0
5890000,292,84.28872668399626,150.0
5891000,292,84.28646210424715,150.0
5892000,292,84.2843397288982,150.0
5893000,292,84.28235932170975,150.0
5894000,292,84.28052069089675,150.0
5895000,292,84.27882368545241,150.0
5896000,292,84.27726819845451,150.0
5897000,292,84.2758541649653,150.0
5898000,292,84.2745815654991,150.0
5899000,292,84.27345042226318,150.0
5900000,292,84.2724608019271,150.0
5901000,292,84.27161281409553,150.0
5902000,292,84.27090661600388,150.0
5903000,293,86.79476466159473,150.0
5904000,293,86.80270716955009,150.0
5905000,293,86.81104166729918,150.0
5906000,293,86.8197662222947,150.0
5907000,293,86.82887885792806,150.0
5908000,293,86.83837755687257,150.0
5909000,293,86.84826026075241,150.0
5910000,293,86.85852487203279,150.0
5911000,293,86.86916925375039,150.0
5912000,293,86.88019123255644,150.0
5913000,293,86.89158859806906,150.0
5914000,293,86.90335910414869,150.0
5915000,293,86.91550047052185,150.0
5916000,293,86.92801038208698,150.0
5917000,293,86.94088649249382,150.0
5918000,293,86.95412642234645,150.0
5919000,293,86.9677277616177,150.0
5920000,293,86.98168807015655,150.0
5921000,293,86.99600487937245,150.0
5922000,294,83.83655018292485,150.0
5923000,294,83.83096337204555,150.0
5924000,294,83.82556342058828,150.0
5925000,294,83.82034898844768,150.0
5926000,294,83.81531877764716,150.0
5927000,294,83.81047153652484,150.0
5928000,294,83.80580605944594,150.0
5929000,294,83.80132118861542,150.0
5930000,294,83.79701581287108,150.0
5931000,294,83.79288887024255,150.0
5932000,294,83.7889393477711,150.0
5933000,294,83.78516628118098,150.0
5934000,294,83.78156875688256,150.0
5935000,294,83.77814591255166,150.0
5936000,294,83.7748969368319,150.0
5937000,294,83.77182106767442,150.0
5938000,294,83.76891759905119,150.0
5939000,294,83.76618587308046,150.0
5940000,294,83.76362528904738,150.0
5941000,294,83.76123529513613,150.0
5942000,294,83.75901539710152,150.0
5943000,294,83.7569651520642,150.0
5944000,294,83.75508417213811,150.0
5945000,294,83.75337212362955,150.0
5946000,294,83.75182872880409,150.0
5947000,294,83.75045376358865,150.0
5948000,294,83.74924706081633,150.0
5949000,294,83.74820850746687,150.0
5950000,294,83.74733804867883,150.0
5951000,294,83.74663568204122,150.0
5952000,294,83.74610146552529,150.0
5953000,294,83.74573551046083,150.0
5954000,294,83.7455379877713,150.0
5955000,294,83.74550912323768,150.0
5956000,294,83.74564919937548,150.0
5957000,294,83.74595855934079,150.0
5958000,294,83.74643760041769,150.0
5959000,294,83.74708677816419,150.0
5960000,294,83.74790660783066,150.0
5961000,294,83.74889765873878,150.0
5962000,294,83.75006056191378,150.0
5963000,294,83.75139600459318,150.0
5964000,294,83.75290473141068,150.0
5965000,294,83.75458754729164,150.0
5966000,294,83.75644531328108,150.0
5967000,294,83.75847894917328,150.0
5968000,294,83.76068943281402,150.0
5969000,294,83.76307780003145,150.0
5970000,295,86.99801871965784,150.0
5971000,295,87.00466169087758,150.0
5972000,295,87.01169893578087,150.0
5973000,296,84.37133871553803,150.0
5974000,296,84.37250661695295,150.0
5975000,296,84.37381203415606,150.0
5976000,296,84.37525501421419,150.0
5977000,296,84.37683564224072,150.0
5978000,296,84.37855404793062,150.0
5979000,296,84.38041039958446,150.0
5980000,296,84.38240490897488,150.0
5981000,296,84.38453782718244,150.0
5982000,296,84.3868094476189,150.0
5983000,296,84.38922010209012,150.0
5984000,296,84.3917701638896,150.0
5985000,296,84.39446004686332,150.0
5986000,297,87.15007443170211,150.0
5987000,297,87.16269078572665,150.0
5988000,297,87.1756558723819,150.0
5989000,297,87.18896673565423,150.0
5990000,297,87.20262041840112,150.0
5991000,297,87.21661396093985,150.0
5992000,297,87.23094440552453,150.0
5993000,297,87.24560879588309,150.0
5994000,297,87.2606041778476,150.0
5995000,297,87.27592760178557,150.0
5996000,297,87.29157612387931,150.0
5997000,297,87.30754680395087,150.0
5998000,297,87.32383670990929,150.0
5999000,297,87.34044291584415,150.0
6000000,297,87.35736250562012,150.0
6001000,297,87.37459256938284,150.0
6002000,298,83.71702398013011,150.0
6003000,298,83.71365497837176,150.0
6004000,298,83.71047332527344,150.0
6005000,298,83.70747766487608,150.0
6006000,298,83.70466670059899,150.0
6007000,298,83.70203919126787,150.0
6008000,298,83.699593956365,150.0
6009000,298,83.69732987121225,150.0
6010000,298,83.6952458716074,150.0
6011000,298,83.69334095143817,150.0
6012000,298,83.69161416343539,150.0
6013000,298,83.69006461926126,150.0
6014000,298,83.68869148956752,150.0
6015000,298,83.68749400392572,150.0
6016000,298,83.68647145122996,150.0
6017000,298,83.68562317841588,150.0
6018000,298,83.68494859338311,150.0
6019000,298,83.68444716183704,150.0
6020000,298,83.68411840627284,150.0
6021000,298,83.6839619116089,150.0
6022000,298,83.68397731905195,150.0
6023000,298,83.68416432884324,150.0
6024000,298,83.68452269886255,150.0
6025000,298,83.68505224727961,150.0
6026000,298,83.68575284816757,150.0
6027000,298,83.68662443392115,150.0
6028000,298,83.68766699515292,150.0
6029000,298,83.68888057857603,150.0
6030000,298,83.6902652902098,150.0
6031000,298,83.69182129129902,150.0
6032000,298,83.69354879979697,150.0
6033000,298,83.69544809154257,150.0
6034000,298,83.69751949704481,150.0
6035000,298,83.69976340314274,150.0
6036000,298,83.70218025220188,150.0
6037000,298,83.70477054224199,150.0
6038000,298,83.70753482474461,150.0
6039000,298,83.7104737063065,150.0
6040000,298,83.71358784982972,150.0
6041000,298,83.71687796800077,150.0
6042000,298,83.7203448302039,150.0
6043000,298,83.72398925516346,150.0
6044000,298,83.72781211742807,150.0
6045000,298,83.73181434246268,150.0
6046000,298,83.7359969038649,150.0
6047000,298,83.74036082940543,150.0
6048000,298,83.74490719610192,150.0
6049000,298,83.74963712918112,150.0
6050000,298,83.75455180411954,150.0
6051000,298,83.75965244319741,150.0
6052000,298,83.76494031627227,150.0
6053000,298,83.77041673878932,150.0
6054000,299,87.21162109612344,150.0
6055000,299,87.19922303028835,150.0
6056000,299,87.18716537494129,150.0
6057000,299,87.1754502197435,150.0
6058000,299,87.16407963750848,150.0
6059000,299,87.15305568576211,150.0
6060000,299,87.14238040354277,150.0
6061000,299,87.13205581179903,150.0
6062000,299,87.12208391403534,150.0
6063000,299,87.1124666953352,150.0
6064000,299,87.10320611887414,150.0
6065000,299,87.09430413011832,150.0
6066000,299,87.08576265178472,150.0
6067000,299,87.07758358588205,150.0
6068000,299,87.06976881034598,150.0
6069000,299,87.06232018123202,150.0
6070000,299,87.0552395279593,150.0
6071000,299,87.04852865716256,150.0
6072000,299,87.04218934730123,150.0
6073000,299,87.036223347674,150.0
6074000,299,87.03063238137895,150.0
6075000,299,87.02541813847601,150.0
6076000,299,87.02058228004113,150.0
6077000,299,87.016126432229,150.0
6078000,299,87.0120521872751,150.0
6079000,299,87.00836110034841,150.0
6080000,299,87.00505469061761,150.0
6081000,299,87.00213443612047,150.0
6082000,299,86.99960177421528,150.0
6083000,299,86.99745809923236,150.0
6084000,299,86.99570476019937,150.0
6085000,299,86.99434305992514,150.0
6086000,299,86.99337425073833,150.0
6087000,299,86.99279953560348,150.0
6088000,299,86.99262006313343,150.0
6089000,300,84.04588067699812,150.0
6090000,300,84.04553675846293,150.0
6091000,300,84.04538244238412,150.0
6092000,300,84.04541715579505,150.0
6093000,300,84.04564037394113,150.0
6094000,300,84.0460516150229,150.0
6095000,300,84.04665044339143,150.0
6096000,300,84.0474364681893,150.0
6097000,300,84.04840934206615,150.0
6098000,300,84.04956876274184,150.0
6099000,300,84.05091447380525,150.0
6100000,300,84.05244625956217,150.0
6101000,300,84.05416395174944,150.0
6102000,300,84.05606742186194,150.0
6103000,300,84.05815658730909,150.0
6104000,300,84.06043140737219,150.0
6105000,300,84.06289188409582,150.0
6106000,300,84.06553806058156,150.0
6107000,300,84.06837002287645,150.0
6108000,300,84.07138789693946,150.0
6109000,300,84.07459184978539,150.0
6110000,300,84.07798209057799,150.0
6111000,300,84.08155886476789,150.0
6112000,300,84.08532246080965,150.0
6113000,300,84.0892732023023,150.0
6114000,300,84.09341145389509,150.0
6115000,300,84.09773761474794,150.0
6116000,300,84.10225212369674,150.0
6117000,300,84.10695545429573,150.0
6118000,300,84.11184811587565,150.0
6119000,300,84.1169306525691,150.0
6120000,300,84.1222036425756,150.0
6121000,300,84.12766769739626,150.0
6122000,300,84.13332346104627,150.0
6123000,301,86.27995830505185,150.0
6124000,301,86.2798162631296,150.0
6125000,301,86.2799294071743,150.0
6126000,302,84.577260642629,150.0
6127000,302,84.57199842864131,150.0
6128000,303,86.90224179266825,150.0
6129000,303,86.8905300525301,150.0
6130000,303,86.87921419521905,150.0
6131000,303,86.86829595161996,150.0
6132000,303,86.85777697270414,150.0
6133000,303,86.84765882667841,150.0
6134000,303,86.83794300039575,150.0
6135000,303,86.82863089843903,150.0
6136000,303,86.81972384336683,150.0
6137000,303,86.81122307368338,150.0
6138000,303,86.80312974750105,150.0
6139000,303,86.7954449379107,150.0
6140000,303,86.78816963711715,150.0
6141000,303,86.78130475544172,150.0
6142000,303,86.77485112040053,150.0
6143000,303,86.76880947880304,150.0
6144000,303,86.76318049692091,150.0
6145000,303,86.7579647601279,150.0
6146000,303,86.75316277459378,150.0
6147000,303,86.74877496763256,150.0
6148000,303,86.74480168846101,150.0
6149000,303,86.74124320923391,150.0
6150000,303,86.73809972519874,150.0
6151000,303,86.73537135624507,150.0
6152000,303,86.7330581478928,150.0
6153000,303,86.7311600712901,150.0
6154000,304,84.35561023204947,150.0
6155000,304,84.35169425860818,150.0
6156000,304,84.34792567729927,150.0
6157000,304,84.34430397239464,150.0
6158000,304,84.34082866800574,150.0
6159000,304,84.33749932546034,150.0
6160000,304,84.33431554627799,150.0
6161000,304,84.3312769714029,150.0
6162000,304,84.32838328032888,150.0
6163000,304,84.32563419380008,150.0
6164000,304,84.32302947256406,150.0
6165000,304,84.32056891767115,150.0
6166000,304,84.3182523731689,150.0
6167000,304,84.31607972110656,150.0
6168000,304,84.314050888013,150.0
6169000,304,84.31216584090326,150.0
6170000,304,84.31042459016813,150.0
6171000,305,86.76753427856015,150.0
6172000,305,86.77342734971755,150.0
6173000,305,86.77972098075354,150.0
6174000,305,86.7864138117335,150.0
6175000,305,86.79350442812822,150.0
6176000,305,86.80099136230321,150.0
6177000,305,86.8088730934052,150.0
6178000,305,86.8171480483181,150.0
6179000,305,86.82581460199886,150.0
6180000,305,86.83487107938211,150.0
6181000,305,86.84431575385668,150.0
6182000,305,86.85414685013065,150.0
6183000,305,86.86436254321362,150.0
6184000,305,86.87496096098883,150.0
6185000,305,86.88594018226287,150.0
6186000,306,86.05423122646614,150.0
6187000,306,86.05514491210435,150.0
6188000,306,86.05633179818138,150.0
6189000,306,86.05779090811521,150.0
6190000,306,86.05952128668247,150.0
6191000,307,86.06106984923225,150.0
6192000,307,86.06285559023193,150.0
6193000,307,86.06490986429954,150.0
6194000,308,83.93220220127343,150.0
6195000,308,83.92636450132,150.0
6196000,308,83.92071217439886,150.0
6197000,308,83.91524405062742,150.0
6198000,308,83.9099590022444,150.0
6199000,308,83.90485594068778,150.0
6200000,308,83.89993382001414,150.0
6201000,308,83.89519163701212,150.0
6202000,308,83.89062843193614,150.0
6203000,308,83.88624328899844,150.0
6204000,308,83.88203533786746,150.0
6205000,308,83.87800375365725,150.0
6206000,308,83.87414775580336,150.0
6207000,308,83.87046661261493,150.0
6208000,308,83.86695963963321,150.0
6209000,308,83.8636261977993,150.0
6210000,308,83.8604656987312,150.0
6211000,308,83.85747760257252,150.0
6212000,308,83.85466141792325,150.0
6213000,308,83.85201670208896,150.0
6214000,308,83.84954306593141,150.0
6215000,308,83.84724016748106,150.0
6216000,308,83.8451077173503,150.0
6217000,308,83.84314547726612,150.0
6218000,308,83.84135326071673,150.0
6219000,308,83.83973093330998,150.0
6220000,308,83.83827841388546,150.0
6221000,308,83.83699567180501,150.0
6222000,308,83.83588273153035,150.0
6223000,308,83.83493967189254,150.0
6224000,308,83.83416662193726,150.0
6225000,308,83.83356376868977,150.0
6226000,308,83.8331313512328,150.0
6227000,308,83.83286966220992,150.0
6228000,308,83.83277905227236,150.0
6229000,308,83.83285992453922,150.0
6230000,308,83.83311273810709,150.0
6231000,308,83.83353800823106,150.0
6232000,308,83.83413630324002,150.0
6233000,308,83.83490825050708,150.0
6234000,308,83.83585453223156,150.0
6235000,308,83.8369758844983,150.0
6236000,308,83.83827310351488,150.0
6237000,308,83.83974703807317,150.0
6238000,309,86.87929541559282,150.0
6239000,309,86.88411613844777,150.0
6240000,310,84.30871064086304,150.0
6241000,310,84.30869519116041,150.0
6242000,310,84.30881758384783,150.0
6243000,310,84.30907768769111,150.0
6244000,310,84.30947541386574,150.0
6245000,310,84.31001071835804,150.0
6246000,310,84.31068359995247,150.0
6247000,310,84.31149410142228,150.0
6248000,310,84.31244230850919,150.0
6249000,310,84.3135283490904,150.0
6250000,310,84.31475239499572,150.0
6251000,310,84.31611466169113,150.0
6252000,310,84.31761540527512,150.0
6253000,310,84.31925492646211,150.0
6254000,310,84.32103356856624,150.0
6255000,310,84.32295171542435,150.0
6256000,310,84.32500979520005,150.0
6257000,311,87.03820475148243,150.0
6258000,311,87.0503358287465,150.0
6259000,311,87.06282411483171,150.0
6260000,311,87.07566673432112,150.0
6261000,311,87.08886080567441,150.0
6262000,311,87.10240344082669,150.0
6263000,311,87.11629174641074,150.0
6264000,311,87.13052282630477,150.0
6265000,311,87.14509378092605,150.0
6266000,311,87.16000171059977,150.0
6267000,311,87.17524371319442,150.0
6268000,311,87.1908168883961,150.0
6269000,311,87.20671833611794,150.0
6270000,311,87.22294515937111,150.0
6271000,311,87.23949446337463,150.0
6272000,312,83.7018103633203,150.0
6273000,312,83.69786162682949,150.0
6274000,312,83.69410007157899,150.0
6275000,312,83.69052425379822,150.0
6276000,312,83.68713279164584,150.0
6277000,312,83.683924358329,150.0
6278000,312,83.68089768323989,150.0
6279000,312,83.6780515557252,150.0
6280000,312,83.67538482247967,150.0
6281000,312,83.67289638901345,150.0
6282000,312,83.67058521934295,150.0
6283000,312,83.66845033648666,150.0
6284000,312,83.66649082193281,150.0
6285000,312,83.6647058182516,150.0
6286000,312,83.66309452488305,150.0
6287000,312,83.6616562036852,150.0
6288000,312,83.66039017178286,150.0
6289000,312,83.65929581003593,150.0
6290000,312,83.65837255581084,150.0
6291000,312,83.6576199084072,150.0
6292000,312,83.65703742425897,150.0
6293000,312,83.65662472169267,150.0
6294000,312,83.65638147596636,150.0
6295000,312,83.65630742429538,150.0
6296000,312,83.65640236073115,150.0
6297000,312,83.65666614089635,150.0
6298000,312,83.65709867718925,150.0
6299000,312,83.65769994353536,150.0
6300000,312,83.65846997020958,150.0
6301000,312,83.65940884874946,150.0
6302000,312,83.66051672771052,150.0
6303000,312,83.66179381383017,150.0
6304000,312,83.66324037412376,150.0
6305000,312,83.66485673151327,150.0
6306000,312,83.66664326901937,150.0
6307000,312,83.66860042584192,150.0
6308000,312,83.67072869875369,150.0
6309000,312,83.67302864270583,150.0
6310000,312,83.67550087020742,150.0
6311000,312,83.67814604954631,150.0
6312000,312,83.68096490402144,150.0
6313000,312,83.68395821668425,150.0
6314000,312,83.68712682367813,150.0
6315000,312,83.69047161728221,150.0
6316000,312,83.6939935468123,150.0
6317000,312,83.69769361277307,150.0
6318000,312,83.70157287249161,150.0
6319000,312,83.70563243637642,150.0
6320000,312,83.70987346809754,150.0
6321000,312,83.71429718402892,150.0
6322000,312,83.71890485307975,150.0
6323000,312,83.7236977947636,150.0
6324000,312,83.7286773794012,150.0
6325000,313,87.35255686412954,150.0
6326000,313,87.33979147278725,150.0
6327000,313,87.32735205645196,150.0
6328000,313,87.31524080529803,150.0
6329000,313,87.30345990603521,150.0
6330000,313,87.29201154216531,150.0
6331000,313,87.28089788921214,150.0
6332000,313,87.27012111916038,150.0
6333000,313,87.25968339667028,150.0
6334000,313,87.24958688055072,150.0
6335000,313,87.239833721192,150.0
6336000,313,87.2304260597798,150.0
6337000,313,87.22136603159528,150.0
6338000,313,87.21265575980549,150.0
6339000,313,87.20429735590398,150.0
6340000,313,87.196292921869,150.0
6341000,313,87.1886445444009,150.0
6342000,313,87.18135429862086,150.0
6343000,313,87.17442424197469,150.0
6344000,313,87.1678564160106,150.0
6345000,313,87.1616528446137,150.0
6346000,313,87.15581553031986,150.0
6347000,313,87.1503464564519,150.0
6348000,313,87.14524758187056,150.0
6349000,313,87.14052084063147,150.0
6350000,313,87.13616814072942,150.0
6351000,313,87.13219135985693,150.0
6352000,313,87.12859234699476,150.0
6353000,313,87.1253729157083,150.0
6354000,313,87.12253484620118,150.0
6355000,313,87.12007988015729,150.0
6356000,313,87.11800971911667,150.0
6357000,314,83.92986925087698,150.0
6358000,314,83.92868210933611,150.0
6359000,314,83.92768354402429,150.0
6360000,314,83.9268727656816,150.0
6361000,314,83.92624903677878,150.0
6362000,314,83.925811665304,150.0
6363000,314,83.9255600134704,150.0
6364000,314,83.92549349112252,150.0
6365000,314,83.92561155700668,150.0
6366000,314,83.9259137233977,150.0
6367000,314,83.92639954818776,150.0
6368000,314,83.92706863903412,150.0
6369000,314,83.92792065577804,150.0
6370000,314,83.92895530247873,150.0
6371000,314,83.93017233576221,150.0
6372000,314,83.93157155980713,150.0
6373000,314,83.93315282577113,150.0
6374000,314,83.9349160342383,150.0
6375000,314,83.93686113215043,150.0
6376000,314,83.93898811364971,150.0
6377000,314,83.94129702079654,150.0
6378000,314,83.94378794004444,150.0
6379000,314,83.94646100691003,150.0
6380000,314,83.94931639921471,150.0
6381000,314,83.95235434244027,150.0
6382000,314,83.95557510411143,150.0
6383000,314,83.95897899854519,150.0
6384000,314,83.9625663829812,150.0
6385000,314,83.96633765497553,150.0
6386000,314,83.97029325820252,150.0
6387000,314,83.9744336763239,150.0
6388000,314,83.97875943390916,150.0
6389000,314,83.98327109796705,150.0
6390000,314,83.9879692735242,150.0
6391000,314,83.99285460567393,150.0
6392000,314,83.997927776206,150.0
6393000,314,84.00318950844385,150.0
6394000,314,84.00864055901509,150.0
6395000,314,84.01428172086531,150.0
6396000,314,84.02011382399988,150.0
6397000,314,84.02613773273852,150.0
6398000,315,86.96656888584806,150.0
6399000,315,86.95393765302312,150.0
6400000,315,86.94168556217814,150.0
6401000,315,86.92981452835407,150.0
6402000,315,86.91832640449562,150.0
6403000,315,86.90722298106405,150.0
6404000,315,86.89650598400193,150.0
6405000,315,86.8861770757005,150.0
6406000,315,86.8762378542156,150.0
6407000,315,86.86668985286039,150.0
6408000,315,86.85753453860573,150.0
6409000,315,86.84877331477342,150.0
6410000,315,86.84040751816593,150.0
6411000,315,86.83243841902377,150.0
6412000,315,86.82486722351193,150.0
6413000,315,86.8176950703681,150.0
6414000,315,86.81092303328373,150.0
6415000,315,86.80455211982584,150.0
6416000,315,86.79858327227714,150.0
6417000,315,86.7930173666095,150.0
6418000,315,86.7878552134983,150.0
6419000,315,86.78309755852045,150.0
6420000,315,86.77874508226839,150.0
6421000,315,86.77479839978649,150.0
6422000,315,86.77125806142672,150.0
6423000,315,86.76812455424053,150.0
6424000,315,86.76539829917377,150.0
6425000,316,84.42401969280472,150.0
6426000,316,84.4194921683121,150.0
6427000,316,84.41511471512109,150.0
6428000,316,84.4108868445623,150.0
6429000,316,84.40680810020031,150.0
6430000,316,84.40287806304202,150.0
6431000,316,84.3990963512368,150.0
6432000,316,84.39546261878951,150.0
6433000,316,84.39197655732427,150.0
6434000,316,84.38863789579699,150.0
6435000,316,84.3854464023518,150.0
6436000,316,84.38240188217812,150.0
6437000,316,84.37950418123172,150.0
6438000,317,86.77007735013801,150.0
6439000,317,86.77346744251398,150.0
6440000,317,86.77726296038513,150.0
6441000,317,86.78146326163633,150.0
6442000,317,86.78606764215301,150.0
6443000,317,86.79107533625641,150.0
6444000,317,86.79648551750797,150.0
6445000,317,86.80229729694943,150.0
6446000,317,86.80850972531567,150.0
6447000,317,86.81512179133242,150.0
6448000,317,86.82213242336694,150.0
6449000,317,86.82954048779446,150.0
6450000,317,86.83734479057061,150.0
6451000,318,84.54125900326386,150.0
6452000,318,84.5443517112442,150.0
6453000,318,84.54763923998635,150.0
6454000,318,84.55112160688107,150.0
6455000,318,84.55479885506439,150.0
6456000,318,84.55867105327647,150.0
6457000,319,86.08804402394702,150.0
6458000,319,86.08743140707804,150.0
6459000,319,86.08708849472606,150.0
6460000,319,86.08701458825098,150.0
6461000,319,86.08720900698428,150.0
6462000,319,86.08767108865453,150.0
6463000,319,86.08840018993862,150.0
6464000,319,86.0893956866695,150.0
6465000,319,86.09065697388044,150.0
6466000,320,84.05554388571304,150.0
6467000,320,84.04949460086435,150.0
6468000,320,84.04362956210251,150.0
6469000,320,84.03794778963784,150.0
6470000,320,84.03244833944954,150.0
6471000,320,84.02713030432673,150.0
6472000,320,84.021992814905,150.0
6473000,320,84.01703504015912,150.0
6474000,320,84.01225618824876,150.0
6475000,320,84.00765550724252,150.0
6476000,320,84.00323228665304,150.0
6477000,320,83.99898585475795,150.0
6478000,320,83.99491558413581,150.0
6479000,320,83.99102089035215,150.0
6480000,320,83.98730122904294,150.0
6481000,320,83.98375610336936,150.0
6482000,320,83.98038505833065,150.0
6483000,320,83.97718768327736,150.0
6484000,320,83.97416361573345,150.0
6485000,320,83.97131253701382,150.0
6486000,320,83.96863417509677,150.0
6487000,320,83.9661283049903,150.0
6488000,320,83.96379474880588,150.0
6489000,320,83.961633376812,150.0
6490000,320,83.95964410747848,150.0
6491000,320,83.95782690802457,150.0
6492000,320,83.95618179288687,150.0
6493000,320,83.9547088288821,150.0
6494000,320,83.95340812936001,150.0
6495000,320,83.95227986096539,150.0
6496000,320,83.95132423838115,150.0
6497000,320,83.9505415268066,150.0
6498000,320,83.94993204563289,150.0
6499000,320,83.94949616222159,150.0
6500000,320,83.94923429739838,150.0
6501000,320,83.94914692282337,150.0
6502000,320,83.94923456385776,150.0
6503000,321,86.78717791081138,150.0
6504000,321,86.7887824173107,150.0
6505000,321,86.7908099071784,150.0
6506000,321,86.79325870290866,150.0
6507000,322,84.27911815078669,150.0
6508000,322,84.27788664334481,150.0
6509000,322,84.27679469303655,150.0
6510000,322,84.27584197496222,150.0
6511000,322,84.27502821202154,150.0
6512000,322,84.27435316751043,150.0
6513000,322,84.27381665156067,150.0
6514000,322,84.27341851618037,150.0
6515000,322,84.27315865972919,150.0
6516000,322,84.27303702240462,150.0
6517000,322,84.27305359020629,150.0
6518000,322,84.27320839266791,150.0
6519000,322,84.27350150342308,150.0
6520000,322,84.2739330402084,150.0
6521000,322,84.27450316532904,150.0
6522000,322,84.27521208380524,150.0
6523000,322,84.27606004602303,150.0
6524000,322,84.27704734645121,150.0
6525000,322,84.27817432370414,150.0
6526000,322,84.27944135914967,150.0
6527000,323,86.93837461991045,150.0
6528000,323,86.94954926162822,150.0
6529000,323,86.96109201648908,150.0
6530000,323,86.97300018422365,150.0
6531000,323,86.98527104744852,150.0
6532000,323,86.99790187220212,150.0
6533000,323,87.01088991256337,150.0
6534000,323,87.02423240919619,150.0
6535000,323,87.03792659128179,150.0
6536000,323,87.05196967675577,150.0
6537000,323,87.06635887679766,150.0
6538000,323,87.08109139078398,150.0
6539000,323,87.09616441330624,150.0
6540000,323,87.11157513159189,150.0
6541000,323,87.1273207267049,150.0
6542000,324,83.71596511902477,150.0
6543000,324,83.71140084212868,150.0
6544000,324,83.70702414800782,150.0
6545000,324,83.70283354914075,150.0
6546000,324,83.69882761335627,150.0
6547000,324,83.69500496267901,150.0
6548000,324,83.69136427430136,150.0
6549000,324,83.68790428175707,150.0
6550000,324,83.68462377263123,150.0
6551000,324,83.68152159258906,150.0
6552000,324,83.67859664559205,150.0
6553000,324,83.67584788885515,150.0
6554000,324,83.67327434122863,150.0
6555000,324,83.67087507616114,150.0
6556000,324,83.66864922776227,150.0
6557000,324,83.66659598634776,150.0
6558000,324,83.66471460128858,150.0
6559000,324,83.66300437985652,150.0
6560000,324,83.66146468944191,150.0
6561000,324,83.66009495586758,150.0
6562000,324,83.65889466242609,150.0
6563000,324,83.65786335363794,150.0
6564000,324,83.65700063067536,150.0
6565000,324,83.6563061557661,150.0
6566000,324,83.6557796503178,150.0
6567000,324,83.65542089309504,150.0
6568000,324,83.6552297246082,150.0
6569000,324,83.65520604216312,150.0
6570000,324,83.65534980479515,150.0
6571000,324,83.65566102839392,150.0
6572000,324,83.65613979042817,150.0
6573000,324,83.65678622529708,150.0
6574000,324,83.65760052830807,150.0
6575000,324,83.65858295392104,150.0
6576000,324,83.65973381391326,150.0
6577000,324,83.66105348082739,150.0
6578000,324,83.66254238611386,150.0
6579000,324,83.6642010183377,150.0
6580000,324,83.66602992705819,150.0
6581000,324,83.66802971810891,150.0
6582000,324,83.67020105761696,150.0
6583000,324,83.672544669819,150.0
6584000,324,83.67506133538583,150.0
6585000,324,83.67775189582176,150.0
6586000,324,83.68061724684858,150.0
6587000,324,83.68365834319829,150.0
6588000,324,83.68687619796559,150.0
6589000,324,83.69027187952715,150.0
6590000,324,83.69384651290211,150.0
6591000,324,83.69760127956415,150.0
6592000,324,83.70153741655689,150.0
6593000,324,83.7056562161497,150.0
6594000,324,83.7099590253376,150.0
6595000,325,87.3374982757991,150.0
6596000,325,87.34710385390933,150.0
6597000,325,87.35707046456058,150.0
6598000,325,87.36739528465753,150.0
6599000,326,87.37537506965066,150.0
6600000,327,87.38910817218074,150.0
6601000,327,87.4004905126502,150.0
6602000,327,87.41221961494618,150.0
6603000,327,87.42429258823663,150.0
6604000,328,87.41934078359921,150.0
6605000,328,87.40885910709959,150.0
6606000,328,87.39870806177248,150.0
6607000,328,87.3888899454554,150.0
6608000,328,87.37940705521365,150.0
6609000,328,87.37026168942143,150.0
6610000,328,87.36145614464483,150.0
6611000,328,87.35299271779435,150.0
6612000,328,87.34487370052527,150.0
6613000,328,87.33710138072107,150.0
6614000,328,87.32967804253546,150.0
6615000,328,87.32260596164241,150.0
6616000,328,87.3158874056743,150.0
6617000,328,87.30952463061742,150.0
6618000,328,87.30351988273468,150.0
6619000,328,87.29787539262469,150.0
6620000,328,87.29259337550826,150.0
6621000,328,87.28767602878749,150.0
6622000,328,87.28312552897886,150.0
6623000,328,87.27894403019461,150.0
6624000,328,87.27513366190702,150.0
6625000,328,87.27169652501135,150.0
6626000,329,83.83499642541685,150.0
6627000,329,83.83314348751779,150.0
6628000,329,83.83147792840361,150.0
6629000,329,83.82999877412256,150.0
6630000,329,83.82870510558739,150.0
6631000,329,83.82759605831211,150.0
6632000,329,83.82667082023131,150.0
6633000,329,83.82592863421453,150.0
6634000,329,83.82536879559423,150.0
6635000,329,83.8249906550525,150.0
6636000,329,83.82479361577313,150.0
6637000,329,83.8247771375451,150.0
6638000,329,83.82494072907862,150.0
6639000,329,83.82528395763445,150.0
6640000,329,83.82580643860214,150.0
6641000,329,83.82650784470209,150.0
6642000,329,83.82738789930197,150.0
6643000,329,83.82844637881223,150.0
6644000,329,83.82968311196899,150.0
6645000,329,83.8310979795501,150.0
6646000,329,83.83269091323389,150.0
6647000,329,83.83446189905521,150.0
6648000,329,83.83641097036573,150.0
6649000,329,83.83853821247416,150.0
6650000,329,83.84084376270344,150.0
6651000,329,83.84332780752767,150.0
6652000,329,83.84599058078992,150.0
6653000,329,83.84883236760233,150.0
6654000,329,83.85185350198707,150.0
6655000,329,83.85505436533303,150.0
6656000,329,83.85843538595978,150.0
6657000,329,83.86199704040789,150.0
6658000,329,83.86573985176283,150.0
6659000,329,83.86966438719574,150.0
6660000,329,83.87377126327051,150.0
6661000,329,83.878061137688,150.0
6662000,329,83.88253471260961,150.0
6663000,329,83.88719273627646,150.0
6664000,329,83.89203599615436,150.0
6665000,329,83.8970653252262,150.0
6666000,329,83.90228159417649,150.0
6667000,329,83.90768571703907,150.0
6668000,329,83.91327864597443,150.0
6669000,329,83.919061371881,150.0
6670000,329,83.9250349242643,150.0
6671000,330,87.01584776380598,150.0
6672000,330,87.00346214234746,150.0
6673000,330,86.99144403759962,150.0
6674000,330,86.9797953670923,150.0
6675000,330,86.96851800009296,150.0
6676000,330,86.95761376034491,150.0
6677000,330,86.94708442343396,150.0
6678000,330,86.936931717742,150.0
6679000,330,86.92715732175981,150.0
6680000,330,86.91776286740046,150.0
6681000,330,86.90874993584696,150.0
6682000,330,86.90012005853181,150.0
6683000,330,86.89187471839861,150.0
6684000,330,86.88401534692986,150.0
6685000,330,86.87654332554646,150.0
6686000,330,86.86945998493391,150.0
6687000,330,86.86276660421187,150.0
6688000,330,86.8564644119258,150.0
6689000,330,86.85055458358575,150.0
6690000,330,86.84503824312418,150.0
6691000,330,86.83991646239268,150.0
6692000,330,86.83519025932092,150.0
6693000,330,86.83086060000781,150.0
6694000,330,86.82692839613266,150.0
6695000,330,86.82339450563421,150.0
6696000,330,86.82025973218562,150.0
6697000,331,84.50713684642919,150.0
6698000,331,84.5021916111026,150.0
6699000,331,84.49739886950135,150.0
6700000,331,84.492758200573,150.0
6701000,331,84.48826921632119,150.0
6702000,331,84.4839315632104,150.0
6703000,331,84.47974492056157,150.0
6704000,331,84.47570900312928,150.0
6705000,332,86.81011216196359,150.0
6706000,332,86.8110004727069,150.0
6707000,332,86.81229301583485,150.0
6708000,332,86.81398990376172,150.0
6709000,332,86.81609118657173,150.0
6710000,332,86.81859685191787,150.0
6711000,332,86.82150682507688,150.0
6712000,332,86.82482096746395,150.0
6713000,332,86.82853907546368,150.0
6714000,332,86.83266088150884,150.0
6715000,332,86.83718605157976,150.0
6716000,332,86.84211418548165,150.0
6717000,333,84.36141409978958,150.0
6718000,333,84.3632456406956,150.0
6719000,333,84.36527004616082,150.0
6720000,333,84.36748717379555,150.0
6721000,333,84.36989691316914,150.0
6722000,333,84.37249918649538,150.0
6723000,333,84.37529394758371,150.0
6724000,333,84.37828118444428,150.0
6725000,333,84.38146091475966,150.0
6726000,333,84.3848331866742,150.0
6727000,333,84.3883980814157,150.0
6728000,333,84.3921557106058,150.0
6729000,333,84.39610621276638,150.0
6730000,333,84.40024975887685,150.0
6731000,333,84.4045865478347,150.0
6732000,333,84.40911680712625,150.0
6733000,333,84.41384079147348,150.0
6734000,334,86.1336184557261,150.0
6735000,334,86.13353606325369,150.0
6736000,334,86.13371640674922,150.0
6737000,334,86.13415916973153,150.0
6738000,334,86.13486405405509,150.0
6739000,335,84.1994839636386,150.0
6740000,335,84.19346495905592,150.0
6741000,335,84.18762861232932,150.0
6742000,335,84.18197417261621,150.0
6743000,335,84.17650092188539,150.0
6744000,335,84.17120817654796,150.0
6745000,335,84.16609528483201,150.0
6746000,335,84.16116163256795,150.0
6747000,335,84.15640664150887,150.0
6748000,335,84.15182976731722,150.0
6749000,335,84.14743050616562,150.0
6750000,335,84.14320838961062,150.0
6751000,335,84.13916298755281,150.0
6752000,335,84.13529391181604,150.0
6753000,335,84.131600811068,150.0
6754000,335,84.12808337507656,150.0
6755000,335,84.12474133471119,150.0
6756000,335,84.12157446180267,150.0
6757000,335,84.1185825703587,150.0
6758000,335,84.11576551667298,150.0
6759000,335,84.11312319991293,150.0
6760000,335,84.11065556344342,150.0
6761000,335,84.10836259188129,150.0
6762000,335,84.1062443174913,150.0
6763000,335,84.10430081366779,150.0
6764000,335,84.10253220271215,150.0
6765000,335,84.10093864842746,150.0
6766000,335,84.09952036428638,150.0
6767000,335,84.09827760746755,150.0
6768000,336,86.74529926418256,150.0
6769000,336,86.74356632032237,150.0
6770000,336,86.74226207982215,150.0
6771000,336,86.7413857428924,150.0
6772000,336,86.74093641951204,150.0
6773000,336,86.74091313182021,150.0
6774000,336,86.74131481728021,150.0
6775000,336,86.74214033035857,150.0
6776000,337,84.2774286674903,150.0
6777000,337,84.27524228804938,150.0
6778000,337,84.27319761226046,150.0
6779000,337,84.27129421278065,150.0
6780000,337,84.26953170866751,150.0
6781000,337,84.26790976178972,150.0
6782000,337,84.26642807570056,150.0
6783000,337,84.26508639978573,150.0
6784000,337,84.26388452477511,150.0
6785000,337,84.26282228742222,150.0
6786000,337,84.26189956554646,150.0
6787000,337,84.26111628474554,150.0
6788000,337,84.26047241144565,150.0
6789000,337,84.25996795680182,150.0
6790000,337,84.25960297732435,150.0
6791000,337,84.25937757394752,150.0
6792000,337,84.25929189049515,150.0
6793000,337,84.25934611704683,150.0
6794000,337,84.25954048788819,150.0
6795000,337,84.25987528269198,150.0
6796000,338,86.85461394386712,150.0
6797000,338,86.86433947104885,150.0
6798000,338,86.874445493267,150.0
6799000,338,86.88492960658374,150.0
6800000,338,86.89578937690712,150.0
6801000,338,86.90702234295185,150.0
6802000,338,86.9186260184542,150.0
6803000,338,86.93059789136034,150.0
6804000,338,86.9429354255258,150.0
6805000,338,86.9556360641216,150.0
6806000,338,86.96869722695656,150.0
6807000,338,86.98211631479721,150.0
6808000,338,86.9958907082006,150.0
6809000,338,87.01001777046753,150.0
6810000,338,87.02449484658025,150.0
6811000,338,87.03931926522789,150.0
6812000,338,87.05448834000879,150.0
6813000,339,83.75519714074913,150.0
6814000,339,83.7501813114671,150.0
6815000,339,83.74535237794815,150.0
6816000,339,83.7407089050102,150.0
6817000,339,83.73624950745312,150.0
6818000,339,83.73197285182893,150.0
6819000,339,83.72787765640169,150.0
6820000,339,83.72396269060336,150.0
6821000,339,83.7202267778237,150.0
6822000,339,83.7166687940539,150.0
6823000,339,83.71328767029966,150.0
6824000,339,83.71008239140014,150.0
6825000,339,83.7070519947267,150.0
6826000,339,83.70419557610083,150.0
6827000,339,83.70151228512397,150.0
6828000,339,83.6990013262772,150.0
6829000,339,83.69666196250907,150.0
6830000,339,83.69449351100054,150.0
6831000,339,83.69249534554564,150.0
6832000,339,83.69066689840913,150.0
6833000,339,83.68900765817364,150.0
6834000,339,83.68751717005564,150.0
6835000,339,83.68619503671258,150.0
6836000,339,83.68504091935047,150.0
6837000,339,83.68405453699793,150.0
6838000,339,83.68323566589368,150.0
6839000,339,83.6825841397689,150.0
6840000,339,83.68209985211931,150.0
6841000,339,83.68178275476478,150.0
6842000,339,83.68163285551245,150.0
6843000,339,83.68165022481227,150.0
6844000,339,83.68183498831614,150.0
6845000,339,83.68218733102819,150.0
6846000,339,83.68270749761083,150.0
6847000,339,83.6833957914493,150.0
6848000,339,83.68425257556248,150.0
6849000,339,83.68527826858556,150.0
6850000,339,83.68647335152026,150.0
6851000,339,83.68783836316526,150.0
6852000,339,83.6893739018589,150.0
6853000,339,83.69108062301642,150.0
6854000,339,83.69295924334972,150.0
6855000,339,83.69501053655173,150.0
6856000,339,83.69723533564127,150.0
6857000,339,83.69963453170126,150.0
6858000,339,83.70220907594307,150.0
6859000,339,83.70495997570008,150.0
6860000,339,83.7078882992282,150.0
6861000,339,83.71099516876271,150.0
6862000,339,83.71428176872082,150.0
6863000,339,83.71774933639055,150.0
6864000,340,87.16762844370604,150.0
6865000,340,87.1761077662831,150.0
6866000,340,87.18496309668807,150.0
6867000,340,87.19419161179962,150.0
6868000,340,87.20379046626589,150.0
6869000,340,87.21375679095405,150.0
6870000,341,84.48599793818704,150.0
6871000,341,84.48869694573439,150.0
6872000,341,84.49153490987341,150.0
6873000,341,84.49451210556371,150.0
6874000,341,84.49762884537188,150.0
6875000,341,84.50088547916491,150.0
6876000,341,84.50428239379731,150.0
6877000,342,87.30636686708606,150.0
6878000,342,87.31950893818953,150.0
6879000,342,87.33298910681991,150.0
6880000,342,87.34680441072994,150.0
6881000,342,87.36095188690487,150.0
6882000,342,87.37542857710164,150.0
6883000,342,87.3902315277544,150.0
6884000,342,87.40535778865016,150.0
6885000,342,87.42080441723348,150.0
6886000,342,87.43656847926692,150.0
6887000,342,87.4526470467133,150.0
6888000,342,87.46903720226246,150.0
6889000,342,87.48573603744916,150.0
6890000,342,87.50274065543685,150.0
6891000,342,87.52004817108904,150.0
6892000,342,87.53765570845047,150.0
6893000,342,87.55556040724547,150.0
6894000,342,87.57375941897239,150.0
6895000,343,83.76438488662068,150.0
6896000,343,83.76184231527064,150.0
6897000,343,83.75948660430446,150.0
6898000,343,83.7573165954372,150.0
6899000,343,83.75533118572035,150.0
6900000,343,83.75352933174253,150.0
6901000,343,83.75191004238661,150.0
6902000,343,83.7504723872635,150.0
6903000,343,83.74921549222897,150.0
6904000,343,83.74813853833234,150.0
6905000,343,83.74724076587754,150.0
6906000,343,83.74652147150564,150.0
6907000,343,83.74598000719658,150.0
6908000,343,83.74561578456135,150.0
6909000,343,83.74542826894566,150.0
6910000,343,83.74541698458057,150.0
6911000,343,83.74558151141666,150.0
6912000,343,83.74592148620214,150.0
6913000,343,83.74643660033465,150.0
6914000,343,83.74712660308818,150.0
6915000,343,83.7479912974953,150.0
6916000,343,83.74903054396381,150.0
6917000,343,83.75024425542476,150.0
6918000,343,83.75163240396581,150.0
6919000,343,83.75319501177734,150.0
6920000,343,83.75493215821447,150.0
6921000,343,83.75684397666389,150.0
6922000,343,83.75893065180135,150.0
6923000,343,83.76119242444425,150.0
6924000,343,83.763629586275,150.0
6925000,343,83.7662424832559,150.0
6926000,343,83.76903151181003,150.0
6927000,343,83.77199712175789,150.0
6928000,343,83.77513981294874,150.0
6929000,343,83.77846013564299,150.0
6930000,343,83.78195869286145,150.0
6931000,343,83.7856361341613,150.0
6932000,343,83.78949316163197,150.0
6933000,343,83.79353052277334,150.0
6934000,343,83.79774901683808,150.0
6935000,343,83.80214948651891,150.0
6936000,343,83.80673282383658,150.0
6937000,343,83.81149996717382,150.0
6938000,343,83.81645190011288,150.0
6939000,343,83.82158964875262,150.0
6940000,343,83.8269142858869,150.0
6941000,343,83.83242692555864,150.0
6942000,343,83.83812872495588,150.0
6943000,343,83.84402088165476,150.0
6944000,344,87.0868210598313,150.0
6945000,344,87.07467480073984,150.0
6946000,344,87.0628845173658,150.0
6947000,344,87.051452175744,150.0
6948000,344,87.04037971040108,150.0
6949000,344,87.02966902339179,150.0
6950000,344,87.019321983386,150.0
6951000,344,87.0093404272994,150.0
6952000,344,86.999726157455,150.0
6953000,344,86.99048094089915,150.0
6954000,344,86.98160651206383,150.0
6955000,344,86.97310456819447,150.0
6956000,344,86.96497677215572,150.0
6957000,344,86.95722474964177,150.0
6958000,344,86.9498500897324,150.0
6959000,344,86.94285434258556,150.0
6960000,344,86.93623902197179,150.0
6961000,344,86.93000560134423,150.0
6962000,344,86.92415551458254,150.0
6963000,344,86.91869015565449,150.0
6964000,344,86.91361087586928,150.0
6965000,344,86.90891898613637,150.0
6966000,344,86.90461575298825,150.0
6967000,344,86.90070239949853,150.0
6968000,344,86.89718010398295,150.0
6969000,344,86.89404999767358,150.0
6970000,345,84.60214917447367,150.0
6971000,346,86.88897064649838,150.0
6972000,346,86.8870234256788,150.0
6973000,346,86.88547244127676,150.0
6974000,346,86.8843185779278,150.0
6975000,346,86.88356266872648,150.0
6976000,346,86.88320549141707,150.0
6977000,346,86.8832477684892,150.0
6978000,346,86.88369016544641,150.0
6979000,346,86.88453328975883,150.0
6980000,346,86.88577768814038,150.0
6981000,346,86.8874238474716,150.0
6982000,346,86.8894721908972,150.0
6983000,346,86.89192307794004,150.0
6984000,347,84.20205719802605,150.0
6985000,347,84.20284004762884,150.0
6986000,347,84.20381397084003,150.0
6987000,347,84.20497864386591,150.0
6988000,347,84.20633378216573,150.0
6989000,347,84.20787913893405,150.0
6990000,347,84.20961450688625,150.0
6991000,347,84.2115397169852,150.0
6992000,347,84.21365463659191,150.0
6993000,347,84.21595917368842,150.0
6994000,347,84.21845327068785,150.0
6995000,347,84.22113690999244,150.0
6996000,347,84.22401010709486,150.0
6997000,347,84.22707291666323,150.0
6998000,347,84.23032542850834,150.0
6999000,347,84.23376776702429,150.0
7000000,347,84.2374000926031,150.0
7001000,347,84.241222599019,150.0
7002000,347,84.24523551497813,150.0
7003000,347,84.24943910179059,150.0
7004000,347,84.25383365282902,150.0
7005000,347,84.258419496637,150.0
7006000,347,84.2631969903776,150.0
7007000,347,84.26816652214792,150.0
7008000,347,84.27332851250702,150.0
7009000,347,84.27868341099558,150.0
7010000,348,86.19450985620627,150.0
7011000,348,86.19464335915231,150.0
7012000,348,86.19503531736741,150.0
7013000,349,84.36331623064106,150.0
7014000,349,84.35758025792714,150.0
7015000,349,84.35202552575288,150.0
7016000,349,84.34665153265733,150.0
7017000,349,84.3414578114395,150.0
7018000,349,84.33644392255346,150.0
7019000,349,84.3316094620796,150.0
7020000,349,84.32695405601882,150.0
7021000,349,84.32247736453097,150.0
7022000,349,84.31817908171972,150.0
7023000,349,84.31405893617995,150.0
7024000,349,84.310116691613,150.0
7025000,349,84.30635214739138,150.0
7026000,349,84.30276513910891,150.0
7027000,349,84.2993555400136,150.0
7028000,349,84.29612325794432,150.0
7029000,349,84.29306824116361,150.0
7030000,349,84.29019047632227,150.0
7031000,350,86.7656838339939,150.0
7032000,350,86.75976503060218,150.0
7033000,350,86.75426959434256,150.0
7034000,350,86.74919786460238,150.0
7035000,350,86.74455008521451,150.0
7036000,350,86.74032640420286,150.0
7037000,350,86.73652687612173,150.0
7038000,350,86.73315146328085,150.0
7039000,350,86.73020003683725,150.0
7040000,350,86.72767237938733,150.0
7041000,350,86.72556818592606,150.0
7042000,350,86.72388706524332,150.0
7043000,350,86.7226285430447,150.0
7044000,350,86.72179206222117,150.0
7045000,351,84.30319721512049,150.0
7046000,351,84.30005519110918,150.0
7047000,351,84.297057750701,150.0
7048000,351,84.29420437884832,150.0
7049000,351,84.29149460230558,150.0
7050000,351,84.28892798876049,150.0
7051000,351,84.28650414946786,150.0
7052000,351,84.2842227342548,150.0
7053000,351,84.28208343692806,150.0
7054000,351,84.28008599381955,150.0
7055000,351,84.27823018440664,150.0
7056000,351,84.27651582757277,150.0
7057000,351,84.27494278905341,150.0
7058000,351,84.27351097473196,150.0
7059000,351,84.27222033636242,150.0
7060000,351,84.27107086676007,150.0
7061000,351,84.27006260501416,150.0
7062000,351,84.26919563234364,150.0
7063000,351,84.26847007429932,150.0
7064000,351,84.26788610236427,150.0
7065000,352,86.79995805923164,150.0
7066000,352,86.80812287310921,150.0
7067000,352,86.81667846532625,150.0
7068000,352,86.82562283998261,150.0
7069000,352,86.83495396127663,150.0
7070000,352,86.84466975152932,150.0
7071000,352,86.85476809660214,150.0
7072000,352,86.86524684257948,150.0
7073000,352,86.87610379914096,150.0
7074000,352,86.88733674081018,150.0
7075000,352,86.89894340698766,150.0
7076000,352,86.91092150310945,150.0
7077000,352,86.92326870192699,150.0
7078000,352,86.93598264482776,150.0
7079000,352,86.94906094114202,150.0
7080000,352,86.96250117081541,150.0
7081000,352,86.97630088559882,150.0
7082000,352,86.99045760700251,150.0
7083000,352,87.00496883174306,150.0
7084000,353,83.82387440592152,150.0
7085000,353,83.81840113100702,150.0
7086000,353,83.81311435441965,150.0
7087000,353,83.80801273219751,150.0
7088000,353,83.80309496780058,150.0
7089000,353,83.79835980957952,150.0
7090000,353,83.79380605301614,150.0
7091000,353,83.78943254142638,150.0
7092000,353,83.7852381672246,150.0
7093000,353,83.78122187200272,150.0
7094000,353,83.77738264619695,150.0
7095000,353,83.77371953144323,150.0
7096000,353,83.77023162034347,150.0
7097000,353,83.76691805552738,150.0
7098000,353,83.76377803273105,150.0
7099000,353,83.76081079989883,150.0
7100000,353,83.75801565641211,150.0
7101000,353,83.7553919563335,150.0
7102000,353,83.75293910521766,150.0
7103000,353,83.75065656502686,150.0
7104000,353,83.74854384964299,150.0
7105000,353,83.7466005281404,150.0
7106000,353,83.74482622435328,150.0
7107000,353,83.74322061678626,150.0
7108000,353,83.74178344041356,150.0
7109000,353,83.7405144842765,150.0
7110000,353,83.73941359480894,150.0
7111000,353,83.73848067296406,150.0
7112000,353,83.73771567789322,150.0
7113000,353,83.73711862277429,150.0
7114000,353,83.73668958033666,150.0
7115000,353,83.7364286774424,150.0
7116000,353,83.73633610085793,150.0
7117000,353,83.73641209255334,150.0
7118000,353,83.7366569526468,150.0
7119000,353,83.7370710384186,150.0
7120000,353,83.73765476619417,150.0
7121000,353,83.73840860840806,150.0
7122000,353,83.73933309722767,150.0
7123000,353,83.74042882109772,150.0
7124000,353,83.74169642859773,150.0
7125000,353,83.74313662454045,150.0
7126000,353,83.74475017321824,150.0
7127000,353,83.74653789658348,150.0
7128000,353,83.74850067503192,150.0
7129000,353,83.75063944653884,150.0
7130000,353,83.752955209293,150.0
7131000,353,83.75544901718621,150.0
7132000,353,83.75812198316427,150.0
7133000,354,87.02184161992857,150.0
7134000,354,87.02906487077436,150.0
7135000,354,87.03667797618924,150.0
7136000,355,84.38285099925056,150.0
7137000,355,84.38427586058802,150.0
7138000,355,84.38583833762347,150.0
7139000,355,84.38753852713198,150.0
7140000,355,84.3893765691696,150.0
7141000,355,84.39135264481627,150.0
7142000,355,84.39346697386327,150.0
7143000,355,84.39571981904159,150.0
7144000,355,84.39811148186527,150.0
7145000,355,84.40064230514369,150.0
7146000,355,84.40331267044988,150.0
7147000,355,84.40612300016629,150.0
7148000,356,87.16985068885704,150.0
7149000,356,87.18262476702517,150.0
7150000,356,87.19574559855602,150.0
7151000,356,87.20921022159823,150.0
7152000,356,87.22301567273904,150.0
7153000,356,87.23715899023071,150.0
7154000,356,87.25163721130063,150.0
7155000,356,87.26644737892484,150.0
7156000,356,87.28158653701854,150.0
7157000,356,87.29705173535496,150.0
7158000,356,87.3128400303001,150.0
7159000,356,87.32894848260418,150.0
7160000,356,87.3453741618525,150.0
7161000,356,87.36211414451289,150.0
7162000,356,87.3791655169483,150.0
7163000,356,87.39652537430827,150.0
7164000,356,87.41419082151643,150.0
7165000,356,87.43215897353124,150.0
7166000,356,87.45042695738408,150.0
7167000,356,87.46899191034227,150.0
7168000,356,87.48785098284363,150.0
7169000,356,87.50700133686334,150.0
7170000,356,87.52644014716269,150.0
7171000,357,87.53411487399471,150.0
7172000,357,87.52331770433003,150.0
7173000,357,87.51283772430826,150.0
7174000,357,87.50267626540077,150.0
7175000,357,87.49283464145562,150.0
7176000,357,87.48331415254403,150.0
7177000,357,87.47411608352691,150.0
7178000,357,87.46524170352791,150.0
7179000,357,87.45669226692337,150.0
7180000,357,87.4484690131042,150.0
7181000,357,87.44057316646564,150.0
7182000,357,87.43300593576119,150.0
7183000,357,87.42576851545968,150.0
7184000,357,87.41886208403827,150.0
7185000,357,87.41228780483911,150.0
7186000,357,87.40604682562258,150.0
7187000,357,87.4001402785765,150.0
7188000,357,87.39456927913939,150.0
7189000,357,87.38933492726655,150.0
7190000,357,87.38443830555859,150.0
7191000,357,87.37988047968118,150.0
7192000,357,87.37566249794696,150.0
7193000,357,87.37178539002836,150.0
7194000,357,87.36825016760052,150.0
7195000,357,87.36505782266195,150.0
7196000,357,87.36220932743385,150.0
7197000,357,87.35970563349794,150.0
7198000,357,87.35754767101962,150.0
7199000,357,87.35573634782824,150.0
